1rd_red, 1rd_green, 1rd_blue, 1rd_r, 1rd_rg, 1rd_most_red, 1rd_least_red, 1rd_most_yellow, 1rd_size, 2nd_red, 2nd_green, 2nd_blue, 2rd_r, 2rd_rg, 2rd_most_red, 2rd_least_red, 2rd_most_yellow, 2nd_size, 3rd_red, 3rd_green, 3rd_blue, 3rd_r, 3rd_rg, 3rd_most_red, 3rd_least_red, 3rd_most_yellow, 3rd_size, 4th_red, 4th_green, 4th_blue, 4rd_r, 4rd_rg, 4rd_most_red, 4rd_least_red, 4rd_most_yellow, 4th_size, 5th_red, 5th_green, 5th_blue, 5rd_r, 5rd_rg, 5rd_most_red, 5rd_least_red, 5rd_most_yellow, 5th_size, 6th_red, 6th_green, 6th_blue, 6rd_r, 6rd_rg, 5rd_most_red.1, 5rd_least_red.1, 5rd_most_yellow.1, 6th_size, height/area,Sweetness
184.66,90.55,44.45,49.66,230.76,157,-208,368,10603,143.38,32.91,46.23,64.24,130.06,154,-239,335,9954,152.75,26.75,41.77,84.23,137.73,167,-248,300,9773,172.13,36.68,50.8,84.65,158.01,171,-161,276,9985,176.63,62.04,37.88,76.71,200.79,163,-139,374,9980,156.53,41.7,39.84,74.99,158.39,159,-206,327,9859,0.92983118,14.7
179.48,121.2,68.54,-10.26,232.14,144,-229,384,11573,121.9,38.27,52.11,31.52,108.06,136,-232,326,11390,122.79,30.66,44.09,48.04,109.36,127,-230,251,10648,134.38,38.15,52.33,43.9,120.2,116,-237,275,10830,178.12,81.32,59.62,37.18,199.82,154,-182,337,10638,155,56.95,48.92,49.13,163.03,151,-179,375,10762,0.929923097,13.15
179.2,102.23,54.85,22.12,226.58,128,-127,378,11912,138.91,39.6,50.81,48.5,127.7,139,-243,331,11293,114.85,24.44,44.07,46.34,95.22,124,-121,252,11750,130.42,35.3,48.01,47.11,117.71,151,-203,313,10954,183.52,73.65,42.29,67.58,214.88,155,-166,384,11817,165.13,60.78,43.13,61.22,182.78,140,-137,338,11268,0.94593687,16.45
189.01,172.43,74.9,-58.32,286.54,106,-236,384,14758,157.56,66.77,64.77,26.02,159.56,171,-244,331,14720,179.3,74.6,57.02,47.68,196.88,167,-237,360,14356,174,81.99,55.53,36.48,200.46,172,-195,402,13838,182.72,123.63,63.47,-4.38,242.88,140,-227,389,14446,171.07,80.59,50.33,40.15,201.33,163,-233,361,14459,0.979739802,14.55
158.74,93.24,63.79,1.71,188.19,133,-227,400,12750,171.02,116.3,79,-24.28,208.32,130,-229,393,12354,126.82,38.98,50.83,37.01,114.97,145,-231,263,12044,181.23,121.61,65.7,-6.08,237.14,162,-162,381,12679,176.97,129.8,69.92,-22.75,236.85,117,-197,385,13104,130.84,43.93,56.3,30.61,118.47,144,-207,338,12561,0.985176471,15.3
171.06,149.19,72.59,-50.72,247.66,141,-234,379,10299,174.73,137.09,77.04,-39.4,234.78,90,-225,360,10115,155.28,45.11,42.05,68.12,158.34,161,-152,327,9857,172.47,151.14,76.68,-55.35,246.93,118,-185,369,10020,185.71,179.64,86.99,-80.92,278.36,38,-180,379,9945,174.33,103.88,62,8.45,216.21,134,-194,377,9859,0.957277406,13
183.02,128.83,61.82,-7.63,250.03,168,-202,416,12557,186.91,135.5,74.12,-22.71,248.29,117,-226,383,12092,181.51,56.07,61.32,64.12,176.26,180,-238,362,12071,195.24,109.71,66.17,19.36,238.78,182,-224,358,12117,200.51,118.37,67.44,14.7,251.44,131,-180,345,12360,192.49,92.73,54.51,45.25,230.71,150,-130,349,12188,0.970614,13.55
175.77,155.68,71.24,-51.15,260.21,106,-235,386,12067,170.35,85.12,61.74,23.49,193.73,175,-162,363,11139,162.32,49.81,49.76,62.75,162.37,161,-228,279,10573,164.42,85.48,56.74,22.2,193.16,163,-227,395,11133,182.26,152.6,67.48,-37.82,267.38,134,-203,384,10286,188.97,160.03,83.08,-54.14,265.92,116,-222,378,11484,0.951686418,13.8
192.83,158.27,75.03,-40.47,276.07,128,-200,397,11459,182.83,159.75,85.47,-62.39,257.11,108,-234,369,11041,190.91,77.09,58.49,55.33,209.51,171,-233,344,11257,204.53,137.76,79.75,-12.98,262.54,158,-237,363,11504,208.12,180.4,94.36,-66.64,294.16,95,-241,387,11036,206.05,159.6,88.4,-41.95,277.25,61,-223,380,11539,1.006981412,13.65
180.46,117.85,70.59,-7.98,227.72,120,-228,390,10702,134.19,41.63,49.98,42.58,125.84,150,-245,302,10062,144.79,39.49,50.21,55.09,134.07,153,-169,338,10292,164.14,70.38,59.06,34.7,175.46,151,-233,354,10079,170.16,93,56.47,20.69,206.69,152,-167,382,10323,150.82,54,51.55,45.27,153.27,146,-160,365,10165,0.949822463,14.3
187.37,183.74,84.76,-81.13,286.35,56,-242,368,9973,166.64,87.42,59.78,19.44,194.28,157,-250,351,10163,183.37,104.83,61.06,17.48,227.14,146,-205,386,10029,188.19,162.07,92.41,-66.29,257.85,136,-246,343,10129,189.92,168.72,85.31,-64.11,273.33,86,-246,367,9871,186.07,135.46,75.7,-25.09,245.83,126,-217,356,9933,0.995989171,12.2
186.26,125.5,66.57,-5.81,245.19,137,-221,393,12733,179.44,130.52,69.35,-20.43,240.61,143,-242,385,12219,162.92,42.98,49.77,70.17,156.13,161,-239,307,12321,190.49,104.8,62.05,23.64,233.24,163,-154,353,12462,195.18,136.55,66.23,-7.6,265.5,114,-219,392,12181,186.91,97.03,56.53,33.35,227.41,119,-150,345,12621,0.991203958,14.5
183.65,172.51,73.14,-62,283.02,64,-202,394,11417,183.74,156.39,95.03,-67.68,245.1,75,-234,354,10814,196.74,131.29,82.78,-17.33,245.25,143,-203,372,10638,184.88,175.08,91.92,-82.12,268.04,104,-229,368,10659,200.33,165.75,89.4,-54.82,276.68,42,-189,386,10930,193.32,156.95,83.43,-47.06,266.84,93,-239,378,10813,0.947096435,13.55
181.67,126.8,70.1,-15.23,238.37,155,-243,370,9757,155.67,88.95,61.06,5.66,183.56,148,-238,376,9807,141.46,42.32,45.83,53.31,137.95,149,-226,280,9675,169.47,81.55,51.42,36.5,199.6,151,-206,376,9692,181.1,143.15,71.59,-33.64,252.66,128,-234,364,9771,179.54,124.82,62.23,-7.51,242.13,121,-232,390,9588,0.982679102,13.55
187.96,93.48,64.35,30.13,217.09,161,-184,374,12250,185,164.82,79.16,-58.98,270.66,94,-209,379,11480,177.32,60.7,59.58,57.04,178.44,153,-122,375,11588,190.84,103.02,60.46,27.36,233.4,174,-189,379,11719,203.1,138.55,68.01,-3.46,273.64,133,-186,368,11873,196.96,145.88,77.72,-26.64,265.12,97,-202,364,11987,0.978530612,15.4
174.51,138.64,63.58,-27.71,249.57,118,-229,395,7527,102.41,34.65,39.94,27.82,97.12,101,-194,298,7428,126.07,33.41,41.9,50.76,117.58,134,-241,297,7122,122.08,40.37,36.98,44.73,125.47,149,-240,297,6942,141.19,70.26,44.74,26.19,166.71,120,-212,373,7154,136.67,51.51,45.79,39.37,142.39,130,-242,344,7076,0.94008237,14.1
174,129.56,73.01,-28.57,230.55,143,-240,369,12723,168.95,133.12,70.42,-34.59,231.65,123,-241,375,11721,174.5,72.7,54.62,47.18,192.58,149,-175,304,11726,175.68,89.69,59.28,26.71,206.09,141,-165,365,11755,179.92,100.24,64.25,15.43,215.91,136,-219,367,11765,183.9,157.56,80.5,-54.16,260.96,100,-193,374,12165,0.956142419,13.6
184.67,166.6,75.44,-57.37,275.83,123,-246,386,15211,180.34,110.98,63.41,5.95,227.91,138,-245,377,14536,155.14,44.57,55.71,54.86,144,166,-245,279,14936,168.75,85.59,55.17,27.99,199.17,171,-241,379,15384,187.82,116.72,56.97,14.13,247.57,152,-233,433,15044,196.82,156.02,77.53,-36.73,275.31,117,-206,395,15253,1.00276116,14.6
180.02,133.34,67.6,-20.92,245.76,142,-242,382,10033,167.22,81.27,64.05,21.9,184.44,150,-246,332,9848,146.27,32.86,43.31,70.1,135.82,174,-240,253,9675,168.15,88.93,57.49,21.73,199.59,154,-226,356,9905,192.84,162.89,83.53,-53.58,272.2,94,-225,362,9621,183.87,134.15,69.06,-19.34,248.96,117,-201,375,9870,0.983753613,13.6
180.41,145.25,79.91,-44.75,245.75,129,-216,369,10791,166.59,102.76,59.81,4.02,209.54,133,-246,379,10664,164.28,64.44,42.94,56.9,185.78,157,-196,348,10064,181.14,138.62,67.67,-25.15,252.09,136,-210,388,10386,184.02,175.92,76.68,-68.58,283.26,62,-206,402,10221,179.35,148.63,75.34,-44.62,252.64,96,-206,378,10238,0.948753591,14.7
187.32,157.57,82.94,-53.19,261.95,102,-212,380,12182,170.85,79.36,72.11,19.38,178.1,159,-248,305,11811,153.29,48.84,46.66,57.79,155.47,173,-193,323,11377,175.27,98.55,68.42,8.3,205.4,169,-247,346,11460,189.31,159.45,93.99,-64.13,254.77,112,-225,357,11425,193.46,148.31,88.82,-43.67,252.95,93,-241,370,11497,0.943769496,13.95
179.48,184.08,78.62,-83.22,284.94,30,-252,373,8496,177.93,180.42,84.39,-86.88,273.96,44,-244,364,8278,187.89,149.27,78.6,-39.98,258.56,72,-229,376,8125,192.17,178.36,103.25,-89.44,267.28,71,-242,363,8520,189.68,189.31,100.4,-100.03,278.59,64,-224,359,8421,177.12,185.78,76.41,-85.07,286.49,19,-204,373,8153,0.95962806,12.6
180.93,136.13,75.56,-30.76,241.5,134,-243,375,10525,177.12,170.85,84.48,-78.21,263.49,37,-209,366,10253,183.44,131.53,76.55,-24.64,238.42,151,-172,361,10375,190.36,143.53,81.85,-35.02,252.04,148,-198,357,10107,195.86,165.69,88.36,-58.19,273.19,78,-167,380,10171,193.28,167.86,89.07,-63.65,272.07,81,-190,366,10584,1.005605701,12.6
162.21,105.98,60.27,-4.04,207.92,130,-246,355,10500,170.79,121.95,74.79,-25.95,217.95,124,-236,362,10453,155.85,67.61,51.04,37.2,172.42,147,-210,360,10268,174.61,93.56,61.83,19.22,206.34,138,-191,333,9876,189.07,159.92,86.35,-57.2,262.64,95,-189,387,10156,179.35,108.65,68.44,2.26,219.56,122,-200,355,10070,0.959047619,12.15
147.66,66.35,51.37,29.94,162.64,146,-249,367,8413,172.08,108.35,75.42,-11.69,205.01,122,-249,350,8091,125.04,30.98,43.65,50.41,112.37,118,-214,248,8132,169.24,62.35,53.14,53.75,178.45,144,-171,296,8064,178.43,95.19,61.39,21.85,212.23,129,-200,342,8046,145.75,54.33,50.16,41.26,149.92,117,-234,312,7983,0.948888625,12.65
165.21,115.6,57.2,-7.59,223.61,159,-228,385,13261,165.31,128.13,61.89,-24.71,231.55,91,-234,372,12413,155.77,58,39.4,58.37,174.37,145,-245,328,12622,176.21,101.12,54.01,21.08,223.32,149,-192,387,12463,171.53,96.83,49.02,25.68,219.34,127,-205,359,12551,150.42,67.2,39.58,43.64,178.04,139,-242,331,12340,0.930548224,13.1
176.76,105.8,66.12,4.84,216.44,133,-220,390,12149,156.13,73.87,64.86,17.4,165.14,134,-201,344,11650,116.82,32.13,49.01,35.68,99.94,97,-246,262,11103,170.39,58.67,54.98,56.74,174.08,144,-249,320,11260,178.89,98.11,57.83,22.95,219.17,139,-168,374,11726,127.13,35.54,48.01,43.58,114.66,145,-232,285,11966,0.984937032,14.8
151.71,71.91,55.56,24.24,168.06,158,-248,346,13894,167.49,130.02,71.87,-34.4,225.64,111,-222,372,13278,157.67,52.59,48.67,56.41,161.59,174,-237,304,13606,165.07,69.01,52.63,43.43,181.45,150,-228,391,13396,158.79,41.81,46.79,70.19,153.81,170,-191,299,13474,164.51,82.11,54.71,27.69,191.91,133,-180,340,13121,0.944364474,12.85
168.67,132.51,68.35,-32.19,232.83,124,-244,372,10216,165.53,89.52,59.55,16.46,195.5,148,-250,354,9618,158.57,60.16,41.09,57.32,177.64,144,-217,342,9304,184.73,105.74,63.02,15.97,227.45,135,-149,359,9355,190.29,155.3,82.86,-47.87,262.73,94,-225,357,9281,182.06,111.88,64.51,5.67,229.43,124,-172,350,9586,0.938332028,12.2
155.96,97.16,57.85,0.95,195.27,129,-244,365,11516,159.25,122.18,70.07,-33,211.36,127,-246,363,10823,132.9,49.25,45.13,38.52,137.02,128,-233,301,10903,142.95,81.3,53.43,8.22,170.82,113,-239,346,10937,173.19,160.29,73.05,-60.15,260.43,63,-206,384,10829,170.97,136.23,65.19,-30.45,242.01,111,-189,384,11596,1.006946857,14.35
178.01,85.37,53.92,38.72,209.46,157,-244,366,15582,153.59,51.62,59.23,42.74,145.98,166,-228,356,14800,117.62,34.04,52.18,31.4,99.48,139,-203,253,15358,176.16,64.35,48.97,62.84,191.54,181,-247,341,15861,184.8,76.94,48.47,59.39,213.27,158,-166,358,15401,137.97,39.73,53.52,44.72,124.18,169,-241,277,15580,0.999871647,14.8
179.94,140.65,75.65,-36.36,244.94,134,-239,379,11488,171.49,155.76,78.12,-62.39,249.13,71,-225,370,10720,185.12,130.53,72.42,-17.83,243.23,116,-242,369,11111,185.86,173.04,80.18,-67.36,278.72,80,-245,366,11168,180.56,157.7,76.36,-53.5,261.9,101,-234,370,11590,188.05,126.64,69.78,-8.37,244.91,101,-228,375,11339,0.987029944,12.4
176.92,146.58,68.22,-37.88,255.28,103,-218,389,10534,156.01,66.77,52.06,37.18,170.72,153,-247,321,10239,167.54,77.31,47.52,42.71,197.33,165,-242,359,9366,174.98,109.64,60.74,4.6,223.88,132,-208,364,10387,178.1,113.65,65.23,-0.78,226.52,139,-196,351,9513,163.53,78.48,49.95,35.1,192.06,152,-223,357,9883,0.938200114,12.4
171.9,141.41,75.73,-45.24,237.58,108,-234,374,13652,151.02,73.69,73.96,3.37,150.75,145,-207,316,12695,160.22,62.56,53.26,44.4,169.52,147,-198,320,12306,179.79,127.29,72.49,-19.99,234.59,139,-214,383,12313,172.19,114.46,80.57,-22.84,206.08,137,-235,374,12792,146.7,52.64,55.74,38.32,143.6,151,-203,301,12710,0.930999121,12.85
177.83,135.43,83.33,-40.93,229.93,129,-242,368,11512,151.99,65.86,71.17,14.96,146.68,162,-208,317,11726,115.3,34.83,47.33,33.14,102.8,141,-246,310,11465,170.43,98.28,74.34,-2.19,194.37,146,-191,344,10680,192.26,150.85,91.55,-50.14,251.56,88,-237,371,11464,123.31,42.32,54.82,26.17,110.81,123,-228,292,11684,1.014940931,14.15
204.79,169.15,83.49,-47.85,290.45,98,-187,402,11001,159.95,58.19,62.12,39.64,156.02,154,-249,331,10686,177.87,109.74,64.8,3.33,222.81,198,-219,393,11308,200.68,116.27,65.93,18.48,251.02,157,-181,359,10865,192.57,93.69,63.55,35.33,222.71,181,-172,371,10631,178.57,102.91,65.69,9.97,215.79,181,-230,403,10987,0.998727388,13.1
180.72,109.73,62.73,8.26,227.72,149,-248,405,17018,174.99,79.79,64.04,31.16,190.74,152,-188,368,15722,144.47,42.51,58.76,43.2,128.22,147,-233,315,15863,197.49,106.33,65.6,25.56,238.22,166,-176,362,16081,194.43,123.83,58.94,11.66,259.32,134,-179,374,16822,159.73,48.22,48.38,63.13,159.57,180,-243,357,15886,0.933482195,14.8
187.69,112.13,59.57,15.99,240.25,152,-220,374,7324,151.31,78.44,44.76,28.11,184.99,143,-219,340,7383,120.52,30.87,32.66,56.99,118.73,149,-211,326,7860,131.83,40.09,42.63,49.11,129.29,126,-227,336,7351,180.75,138.39,67.86,-25.5,251.28,121,-245,362,8012,178.32,70.37,44.31,63.64,204.38,148,-110,328,7484,1.021845986,14.3
175.53,147.53,53.87,-25.87,269.19,140,-244,418,11965,182.14,120.11,75.28,-13.25,226.97,161,-224,372,12179,162.98,51.14,50.15,61.69,163.97,160,-246,357,12185,179.5,149.5,60.56,-30.56,268.44,132,-232,405,11833,184.48,168.08,70.32,-53.92,282.24,54,-215,407,12093,163.25,86.14,52.34,24.77,197.05,149,-153,399,12395,1.035938153,14.7
173.33,153.19,70.28,-50.14,256.24,109,-203,378,8623,171.41,146.1,77.91,-52.6,239.6,106,-216,356,8465,154.76,61.32,43.79,49.65,172.29,140,-235,311,8524,188.74,167.72,91.91,-70.89,264.55,121,-198,353,8242,189.02,182.36,92.9,-86.24,278.48,48,-175,368,8249,162.19,103.26,61.02,-2.09,204.43,125,-190,357,8548,0.991302331,12.9
172.26,132.94,57.21,-17.89,247.99,92,-224,395,9491,123,39.49,50.31,33.2,112.18,138,-240,355,8854,140.43,49.78,43.28,47.37,146.93,133,-240,302,8600,142.35,56.58,43.14,42.63,155.79,117,-229,364,8883,149.67,45.11,43.22,61.34,151.56,162,-202,291,8668,141.48,42.4,38.51,60.57,145.37,145,-225,309,8784,0.925508376,11.5
197.82,156.26,61.77,-20.21,292.31,113,-210,394,14729,127.73,41.56,54.19,31.98,115.1,130,-252,361,14218,146.24,51.34,55.08,39.82,142.5,152,-196,326,14501,184.93,118.01,49.24,17.68,253.7,149,-112,413,14105,189.11,77.48,54.92,56.71,211.67,163,-181,389,14266,151.76,58.76,48.06,44.94,162.46,166,-216,362,14540,0.987168172,11.95
176.17,113.37,54.85,7.95,234.69,152,-239,390,12043,165.18,89.76,66.01,9.41,188.93,167,-245,372,11854,141.97,33.05,41.76,67.16,133.26,154,-246,275,11437,181.03,106.03,62.8,12.2,224.26,155,-197,363,11935,181.06,78.27,49.45,53.34,209.88,153,-160,336,11777,152.9,39.88,43.56,69.46,149.22,170,-249,291,11545,0.958648177,14.4
135.5,48.49,43.99,43.02,140,148,-250,339,9444,171.05,104.77,57.83,8.45,217.99,142,-246,361,9145,143.07,31.24,30.29,81.54,144.02,156,-169,272,8980,166.02,61.72,40.12,64.18,187.62,158,-208,333,8903,167.73,68.1,40.76,58.87,195.07,153,-222,341,8742,144.2,32.71,28.51,82.98,148.4,182,-251,279,8730,0.924396442,13.95
183.9,133.91,62.76,-12.77,255.05,145,-238,390,12088,182.94,154.65,68.83,-40.54,268.76,86,-247,387,11303,185.11,106.67,51.36,27.08,240.42,133,-244,365,11386,191.51,153.8,70.24,-32.53,275.07,128,-208,375,11269,196.66,149.19,68.53,-21.06,277.32,98,-230,385,11296,189.86,113.99,54.65,21.22,249.2,137,-215,353,11488,0.950363997,14.3
150.16,65.26,51.24,33.66,164.18,149,-250,304,9467,169.07,149.94,68.87,-49.74,250.14,88,-238,372,9015,139.85,43.94,40.93,54.98,142.86,156,-236,295,8563,160.68,76.81,45,38.87,192.49,137,-249,334,8840,172.22,119.11,61.75,-8.64,229.58,100,-187,372,8882,163.79,69.09,52.06,42.64,180.82,143,-201,313,8417,0.889088412,12.3
189.73,176.8,74.98,-62.05,291.55,58,-181,388,9279,138.74,65,47.86,25.88,155.88,126,-246,307,9345,147.24,83.92,44.14,19.18,187.02,143,-189,379,8895,178.45,98.71,58.86,20.88,218.3,153,-144,374,8786,185.81,147.5,73.95,-35.64,259.36,109,-175,374,8929,149.85,86.87,44.77,18.21,191.95,114,-230,348,8931,0.962495959,11.45
158.04,82.83,41.18,34.03,199.69,144,-249,379,9445,121.08,39.82,37.69,43.57,123.21,152,-245,319,8898,109.76,22.73,29.69,57.34,102.8,141,-247,262,8461,109.38,24.35,34.06,50.97,99.67,111,-250,258,8344,163.29,85.59,37.14,40.56,211.74,143,-242,378,8946,125.98,33.68,31.15,61.15,128.51,140,-249,315,8844,0.936368449,13
184.2,126.79,58.17,-0.76,252.82,141,-230,397,11553,169.61,101.51,66.68,1.42,204.44,160,-238,383,11227,138.11,36.1,47.17,54.84,127.04,144,-158,264,11292,197.5,131.75,68.84,-3.09,260.41,163,-147,372,11593,200.55,165.1,69.48,-34.03,296.17,75,-166,404,11291,163.47,81.73,46.93,34.81,198.27,157,-202,361,11275,0.975936986,12.8
167.32,100.03,53.18,14.11,214.17,143,-247,376,13188,174.57,115.93,63.04,-4.4,227.46,144,-185,373,12608,150.95,36.96,37.91,76.08,150,158,-249,277,12359,175.06,68.54,48.98,57.54,194.62,154,-234,367,12554,191.48,114.02,61.66,15.8,243.84,141,-214,354,12548,173.86,71.05,48.09,54.72,196.82,154,-200,333,12535,0.95048529,15.4
174.21,102.35,47.94,23.92,228.62,131,-248,407,16111,151,59.26,54.12,37.62,156.14,148,-236,368,15332,109.4,39.55,52.87,16.98,96.08,126,-229,312,16128,162.95,58.37,50.68,53.9,170.64,140,-248,358,15293,194.54,100.58,45.71,48.25,249.41,160,-243,381,15957,149.31,59.09,48.41,41.81,159.99,165,-242,369,15993,0.992675812,15.3
182.96,175.78,73.46,-66.28,285.28,46,-223,390,12658,169.77,103.69,67.64,-1.56,205.82,138,-235,349,12370,178.35,106.14,58.17,14.04,226.32,141,-207,403,12448,189.38,148.52,74.85,-33.99,263.05,124,-206,368,12442,181.78,167.91,70.35,-56.48,279.34,58,-186,378,12584,183.69,120.93,64.92,-2.16,239.7,134,-194,408,12448,0.983409701,14.35
168.33,89.06,46.83,32.44,210.56,139,-232,381,12831,145.85,40.78,45.82,59.25,140.81,181,-249,300,11845,136.28,42.59,42.67,51.02,136.2,133,-208,340,11907,175.81,69.1,37.2,69.51,207.71,165,-244,368,12099,171.8,65.92,39.01,66.87,198.71,166,-221,361,11802,125.97,33.52,40.9,51.55,118.59,135,-249,334,12531,0.976619126,15.85
165.36,121.35,61.99,-17.98,224.72,102,-248,405,13585,125.13,56.7,48.48,19.95,133.35,137,-247,312,13271,144.67,60.48,52.98,31.21,152.17,121,-202,326,12862,162.02,72.52,51.67,37.83,182.87,137,-251,326,12652,161.44,103.8,49.89,7.75,215.35,127,-197,409,12991,136.67,59.11,47.24,30.32,148.54,112,-194,312,12346,0.908796467,15.95
165.77,142.44,67.76,-44.43,240.45,93,-225,384,12742,170.77,155.66,67.21,-52.1,259.22,81,-243,374,12169,159.77,100.44,53.07,6.26,207.14,129,-240,342,11589,172.27,134.52,67.57,-29.82,239.22,96,-235,393,12217,178.67,150.75,70.71,-42.79,258.71,83,-247,366,11951,174.75,104.14,59.83,10.78,219.06,129,-220,379,12499,0.98092921,12.95
178.34,158.34,68.37,-48.37,268.31,121,-242,377,10911,184.78,161.88,84.93,-62.03,261.73,68,-246,352,10684,188.45,106.81,61.6,20.04,233.66,111,-180,367,10348,192.92,169.81,82.91,-59.8,279.82,79,-219,378,10140,185.8,180.47,75.93,-70.6,290.34,31,-203,380,10393,193.58,163.62,80.64,-50.68,276.56,44,-229,371,10529,0.96498946,12.7
184.38,170.17,82.15,-67.94,272.4,80,-236,362,9518,164.89,119.45,69.01,-23.57,215.33,136,-241,361,9367,154.24,63.71,48.73,41.8,169.22,132,-236,313,9087,185.75,142.49,75.25,-31.99,252.99,111,-229,368,8967,186.66,182.3,79,-74.64,289.96,46,-182,371,9028,166.28,105.76,59.12,1.4,212.92,124,-245,382,8906,0.935700777,11.55
179.84,140.94,63.54,-24.64,257.24,138,-193,388,16914,190.26,154.38,77.13,-41.25,267.51,122,-200,380,16189,190.35,104.45,60.22,25.68,234.58,149,-211,381,17033,192.64,155.17,70.67,-33.2,277.14,114,-221,393,16878,192.89,166.2,76.23,-49.54,282.86,59,-214,383,15969,183.84,126.31,59.46,-1.93,250.69,124,-239,410,16324,0.965117654,13.3
174.45,164.27,64.65,-54.47,274.07,80,-245,374,11200,172.97,144.41,71.54,-42.98,245.84,115,-236,363,10875,162.88,68.8,41.27,52.81,190.41,138,-243,325,10619,182.01,136.25,66.14,-20.38,252.12,140,-232,385,10998,185.13,185.93,79.54,-80.34,291.52,36,-194,368,10433,170.99,105.12,51.67,14.2,224.44,124,-245,391,10754,0.960178571,12.55
181.19,163.5,56.02,-38.33,288.67,103,-231,406,9554,171.26,108.62,60.53,2.11,219.35,146,-246,356,9820,164.66,71.35,47.85,45.46,188.16,135,-153,394,9322,175.05,131.64,53.72,-10.31,252.97,143,-186,411,9286,189.7,168.37,63.76,-42.43,294.31,66,-200,399,8973,180.42,135.59,55.33,-10.5,260.68,112,-242,426,9666,1.011722839,14.3
189.06,167.05,77.02,-55.01,279.09,108,-220,379,9027,154.87,87.34,57.65,9.88,184.56,139,-242,343,9448,158.51,65.81,59.73,32.97,164.59,148,-219,380,9032,151.37,71.61,47.2,32.56,175.78,132,-212,405,8751,186.5,118.87,58.82,8.81,246.55,123,-177,384,9249,189.05,119.44,69.4,0.21,239.09,144,-214,378,9445,1.046305528,15.15
182.75,166.8,77.59,-61.64,271.96,91,-234,383,11925,166.4,139.87,74.73,-48.2,231.54,72,-241,358,11568,176.74,109.75,62.89,4.1,223.6,109,-245,345,11698,182.42,146.17,74.71,-38.46,253.88,81,-199,369,11641,177.49,150.33,71.78,-44.62,256.04,61,-239,387,11954,172.14,138.22,68.25,-34.33,242.11,89,-222,379,12087,1.013584906,13.15
172.54,131.48,63.23,-22.17,240.79,104,-245,366,11521,162.81,143.37,58.52,-39.08,247.66,81,-238,377,11448,166.68,91.73,51.23,23.72,207.18,125,-247,326,10642,167.13,134.74,52.99,-20.6,248.88,95,-242,392,10685,177.4,157.88,57.78,-38.26,277.5,92,-239,394,11558,174.66,143.3,62.48,-31.12,255.48,81,-214,400,11583,1.005381477,13.15
180.53,163.72,67.94,-51.13,276.31,88,-211,391,9083,162.48,109.97,63.85,-11.34,208.6,102,-245,349,9120,159.94,78.24,49.78,31.92,188.4,123,-245,306,8758,176.46,136.93,61.02,-21.49,252.37,98,-188,402,8578,190.41,166.91,70.64,-47.14,286.68,57,-242,390,9065,186.66,146.06,76.44,-35.84,256.28,86,-207,371,8561,0.942530001,15.2
184.37,183.01,75.48,-74.12,291.9,62,-217,369,11111,162.77,105.04,63.02,-5.29,204.79,136,-232,370,10853,159.46,72.36,48.36,38.74,183.46,143,-185,401,10654,186.8,164.83,77.31,-55.34,274.32,112,-177,369,11180,182.29,161.38,76.19,-55.28,267.48,76,-204,376,11251,156.79,90.43,52.21,14.15,195.01,126,-245,388,10459,0.941319413,12.9
186.2,175.88,80.08,-69.76,282,103,-220,376,9318,158.39,110.68,57.22,-9.51,211.85,138,-247,354,9075,152.48,52.19,44.4,55.89,160.27,150,-249,374,9036,188.81,164.41,79.03,-54.63,274.19,91,-226,373,9021,189.72,167.11,78.85,-56.24,277.98,79,-214,378,9074,162.73,75.94,50.22,36.57,188.45,154,-206,371,8780,0.942262288,13.8
175.56,137.03,55.89,-17.36,256.7,152,-227,402,16777,174.43,105.33,59.04,10.06,220.72,164,-241,385,15460,143.76,49.51,57.22,37.03,136.05,147,-207,415,15665,175.09,70.08,55.34,49.67,189.83,145,-250,334,15688,199.78,127.89,53.79,18.1,273.88,130,-212,371,16235,178.46,76.95,49.21,52.3,206.2,186,-241,400,15836,0.943911307,14.5
192.24,162.16,61.12,-31.04,293.28,114,-245,402,11149,175.74,106.46,51.54,17.74,230.66,154,-248,384,10884,191.43,121.5,51.39,18.54,261.54,137,-198,374,10762,183.65,119.22,44.04,20.39,258.83,126,-244,401,10862,194.11,143.21,59.37,-8.47,277.95,135,-228,393,10558,195.36,127.07,56.3,11.99,266.13,118,-239,364,10950,0.982150866,13.85
178.59,168.24,82.95,-72.6,263.88,89,-223,364,11730,176.19,164.32,84.6,-72.73,255.91,48,-245,347,11378,183.26,150.11,80.07,-46.92,253.3,119,-201,379,11107,186.33,169.2,86.16,-69.03,269.37,64,-209,363,10950,182.3,172.27,83.47,-73.44,271.1,47,-194,366,11212,185.53,166.72,89.58,-70.77,262.67,53,-202,360,11004,0.938107417,11.5
164.48,129.6,67.57,-32.69,226.51,98,-241,359,5778,148.84,87.49,59.36,1.99,176.97,121,-229,324,5632,132.26,40.9,38.38,52.98,134.78,119,-179,279,5542,168.05,135.15,66.23,-33.33,236.97,112,-208,363,5556,170.51,166.31,68.96,-64.76,267.86,42,-244,367,5321,146.11,73.49,45.39,27.23,174.21,110,-246,322,5656,0.978885427,12
169.74,159.27,78.09,-67.62,250.92,108,-222,351,7298,165.66,154.97,75.29,-64.6,245.34,87,-245,367,7174,162.9,93.02,59.38,10.5,196.54,108,-187,321,7049,170.13,167.95,80.79,-78.61,257.29,75,-209,353,6814,180.86,184.97,94.95,-99.06,270.88,19,-245,347,6880,173.87,151.15,79.23,-56.51,245.79,86,-199,350,7159,0.980953686,9.7
163.63,125.63,64.47,-26.47,224.79,138,-250,350,9356,161.89,147.71,63.59,-49.41,246.01,107,-250,354,8888,153.38,84.98,42.85,25.55,195.51,134,-246,375,8504,165.87,139.64,61.83,-35.6,243.68,118,-248,361,9050,178.84,178.52,71.12,-70.8,286.24,34,-240,367,8725,166.16,126.31,58.37,-18.52,234.1,113,-234,367,9034,0.965583583,10.6
147.85,60.52,48.78,38.55,159.59,145,-245,333,8736,128.73,55.2,46.65,26.88,137.28,114,-242,312,8276,112.53,26.1,36.25,50.18,102.38,133,-185,245,7780,143.41,37.78,42.24,63.39,138.95,156,-179,309,8320,167.43,84.55,42.79,40.09,209.19,145,-250,349,8284,121.09,34.82,38.55,47.72,117.36,122,-225,334,8216,0.94047619,13.1
150.84,79.49,52.94,18.41,177.39,136,-186,397,11739,158.32,103.08,64.34,-9.1,197.06,142,-235,358,11373,138.01,49.44,48.5,40.07,138.95,146,-250,350,11502,177.38,112.88,58.82,5.68,231.44,145,-251,387,11445,183.15,155.64,71.98,-44.47,266.81,53,-223,403,11546,163.01,93.17,59.97,9.87,196.21,115,-185,351,10911,0.929465883,13.2
128.12,48.27,51.75,28.1,124.64,131,-249,309,9867,148.63,71.11,53.33,24.19,166.41,151,-174,362,9634,126.59,29.38,44.19,53.02,111.78,117,-147,276,9619,147.23,40.56,46.44,60.23,141.35,137,-126,316,9937,149.27,43.82,36.55,68.9,156.54,160,-186,336,10143,140.2,30.12,42.14,67.94,128.18,145,-235,309,10035,1.017026452,14.75
178.24,168.82,72.13,-62.71,274.93,97,-249,372,9609,172.84,143.72,71.45,-42.33,245.11,83,-237,376,9016,182.41,144.8,68.57,-30.96,258.64,82,-245,373,9273,180.78,173.14,73.05,-65.41,280.87,85,-208,365,9009,182,182.09,72.64,-72.73,291.45,26,-187,379,9155,185.37,155.36,78.17,-48.16,262.56,60,-232,374,9316,0.969507753,12.7
176.31,150.65,63.74,-38.08,263.22,99,-242,393,14256,178.49,158.2,69.75,-49.46,266.94,97,-218,391,13667,181.97,104.23,49.64,28.1,236.56,150,-246,374,13351,188.55,122.67,56.04,9.84,255.18,135,-223,383,13259,189.63,160.17,73.64,-44.18,276.16,72,-220,376,13544,190.73,110.32,61.03,19.38,240.02,141,-188,397,13917,0.976220539,13.25
181.1,176.64,75.35,-70.89,282.39,68,-248,370,9890,182.41,156.04,79.25,-52.88,259.2,109,-233,361,9867,194.85,136.88,72.89,-14.92,258.84,136,-198,353,9878,184.86,182.78,80.47,-78.39,287.17,77,-247,364,9746,181.52,144.55,65.73,-28.76,260.34,120,-227,373,9484,177.24,143.24,69.12,-35.12,251.36,107,-225,373,9382,0.948634985,12.3
176.27,167.91,72.74,-64.38,271.44,112,-213,367,11330,172.91,162.53,75.38,-65,260.06,56,-220,358,10744,183.89,118.72,58.07,7.1,244.54,145,-201,368,10494,175.41,164.06,67.51,-56.16,271.96,65,-218,376,10351,181.39,182.15,76.93,-77.69,286.61,16,-247,366,10437,178.74,166.41,72.07,-59.74,273.08,85,-250,390,10339,0.912533098,11.45
183.42,187.9,78.56,-83.04,292.76,22,-205,386,7979,170.55,126.09,63.16,-18.7,233.48,123,-249,372,7818,184.54,142.04,69.45,-26.95,257.13,128,-248,363,8000,178.4,178.84,73.04,-73.48,284.2,72,-245,376,7553,175.53,172.98,68.32,-65.77,280.19,36,-213,371,7557,175.2,153.21,70.92,-48.93,257.49,97,-203,368,7456,0.934452939,12.5
154.95,102.69,53.26,-1,204.38,130,-245,360,7323,163.55,148.92,66.38,-51.75,246.09,70,-245,360,7038,143.3,65.79,44.74,32.77,164.35,127,-196,315,7180,159.67,136.36,55.66,-32.35,240.37,77,-246,371,6873,173.04,172.73,62.59,-62.28,283.18,54,-241,375,6965,161.35,115.28,52.45,-6.38,224.18,123,-244,380,6664,0.910009559,12.95
173.61,127.1,62.13,-15.62,238.58,127,-247,371,8561,170.82,124.44,66.35,-19.97,228.91,136,-234,373,8440,144.13,45.75,39.02,59.36,150.86,145,-241,297,7951,174.51,112.53,56.13,5.85,230.91,159,-252,384,7979,191.12,174.32,78.93,-62.13,286.51,61,-214,376,7920,177.24,117.15,58.81,1.28,235.58,125,-169,389,8179,0.955379045,13.35
179.89,174.51,73.75,-68.37,280.65,105,-246,374,9357,163.92,117.05,64.94,-18.07,216.03,137,-245,360,9175,149.09,64.16,40.65,44.28,172.6,147,-250,285,9040,177.55,174.09,69.22,-65.76,282.42,78,-245,374,9245,175.94,150.72,66.1,-40.88,260.56,106,-245,375,9061,151.85,68.31,42.71,40.83,177.45,151,-243,355,9157,0.978625628,11.4
170.18,165.23,68.47,-63.52,266.94,69,-238,375,6338,168.33,162.54,78.65,-72.86,252.22,72,-248,359,6252,154.46,126.93,54.07,-26.54,227.32,65,-239,396,5968,183.72,169.83,80.96,-67.07,272.59,88,-210,372,6098,173.81,177.47,76.11,-79.77,275.17,40,-213,367,6043,160.2,157.27,60.55,-57.62,256.92,61,-247,365,6041,0.953139792,11
180.32,167.8,70.21,-57.69,277.91,84,-238,370,10096,167.94,117.39,59.99,-9.44,225.34,120,-245,361,9758,169.65,111.81,54.35,3.49,227.11,128,-235,376,9454,178.34,118.59,53.92,5.83,243.01,141,-246,373,9601,185.03,171.13,71.49,-57.59,284.67,78,-197,385,9541,180.9,152.5,70.12,-41.72,263.28,96,-228,378,9959,0.986430269,12.1
176.39,168.61,68.15,-60.37,276.85,61,-216,383,10765,165.23,154.52,64.84,-54.13,254.91,104,-247,363,10285,169.36,116.4,52.1,0.86,233.66,135,-247,388,10217,175.93,154.3,64.95,-43.32,265.28,75,-246,382,10247,178.55,185.31,69.63,-76.39,294.23,16,-174,376,10116,176.3,147.89,67.89,-39.48,256.3,105,-212,373,10610,0.985601486,12.95
166.39,166.63,67.52,-67.76,265.5,38,-246,366,8690,158.6,143.16,61.03,-45.59,240.73,83,-246,374,8490,168.58,113.65,56.91,-1.98,225.32,113,-201,340,8455,167.59,155.18,63.78,-51.37,258.99,67,-213,369,8084,168.2,171.52,66.25,-69.57,273.47,23,-245,365,8088,172.35,147.82,66.68,-42.15,253.49,90,-234,374,8192,0.94269275,11.4
177.55,156.33,68.67,-47.45,265.21,102,-235,382,8895,173.76,149.35,69.66,-45.25,253.45,111,-219,371,8941,173.57,100.47,54.16,18.94,219.88,146,-192,376,8666,179.07,170.36,69.05,-60.34,280.38,104,-242,374,8285,186.47,167.81,72.3,-53.64,281.98,106,-246,380,8971,183.49,131.95,68.2,-16.66,247.24,115,-245,366,8699,0.977965149,13.1
175.75,184.66,83.59,-92.5,276.82,29,-210,358,6684,165.71,167.13,73.13,-74.55,259.71,57,-247,347,6639,173.56,148.41,71.26,-46.11,250.71,66,-243,366,6630,172.11,179.55,74.48,-81.92,277.18,53,-216,359,6587,174.55,176.02,77.97,-79.44,272.6,21,-244,363,6255,178.67,172.96,81.2,-75.49,270.43,57,-242,362,6416,0.959904249,11.6
175.16,155.5,70.16,-50.5,260.5,86,-234,369,9983,171.12,119.08,66.17,-14.13,224.03,123,-246,363,9770,177.3,105.08,57.38,14.84,225,135,-250,343,9725,192.15,140.38,72.94,-21.17,259.59,115,-235,372,9758,181.32,163,72.42,-54.1,271.9,93,-249,366,9987,171.27,115.82,55.87,-0.42,231.22,151,-242,387,9742,0.97585896,12.45
169.59,85.69,56.97,26.93,198.31,149,-241,370,12973,177.03,109.26,56.82,10.95,229.47,125,-242,365,12475,156.33,51.33,44.08,60.92,163.58,148,-174,359,12749,169.93,59.05,41.41,69.47,187.57,154,-191,331,12151,194.73,113.79,56.33,24.61,252.19,131,-244,347,12682,163.59,45.37,45.41,72.81,163.55,177,-236,330,12710,0.979727126,13.7
158.89,150.9,63.95,-55.96,245.84,40,-248,372,6216,145.21,91.2,55.36,-1.35,181.05,103,-249,319,6241,140.59,91.9,42.89,5.8,189.6,117,-194,356,5901,152.63,123.51,50.34,-21.22,225.8,87,-244,402,6037,167.48,161.54,60.29,-54.35,268.73,62,-223,375,5882,156.38,118.17,52.8,-14.59,221.75,91,-204,366,6217,1.000160875,13.7
185.84,164.6,79.37,-58.13,271.07,134,-245,369,9207,168.63,130.47,70.08,-31.92,229.02,132,-245,360,9130,146.8,39.75,32.78,74.27,153.77,162,-244,251,8745,177.06,141.63,72.6,-37.17,246.09,107,-244,352,9346,194.28,184.56,91.31,-81.59,287.53,49,-249,360,8931,172.14,115.58,59.66,-3.1,228.06,164,-241,368,9104,0.98881286,10.5
179.88,145.02,64.71,-29.85,260.19,106,-248,383,10614,167.41,103.04,63.23,1.14,207.22,167,-242,374,10300,152.16,45.65,42.24,64.27,155.57,155,-199,308,10140,191.94,133.26,70.54,-11.86,254.66,149,-199,383,10264,190.67,159.95,76.6,-45.88,274.02,109,-245,376,10452,159.56,60.05,51.78,47.73,167.83,149,-223,310,10161,0.95732052,13
171.21,130.21,71.47,-30.47,229.95,110,-241,365,8436,147.21,82.64,49.2,15.37,180.65,156,-219,356,8322,133.15,48.46,39.1,45.59,142.51,118,-207,286,7923,175.12,113.52,64.92,-3.32,223.72,120,-196,349,7789,183.86,139.57,75.07,-30.78,248.36,105,-220,349,7926,140.74,48.59,35.36,56.79,153.97,159,-183,344,7743,0.917852063,11.65
169.84,149.17,66.91,-46.24,252.1,85,-213,374,9174,153.88,82.48,53.36,18.04,183,147,-246,316,8828,159.57,84.27,46.89,28.41,196.95,136,-196,365,8536,167.44,144.78,57.44,-34.78,254.78,100,-245,395,9017,165.41,157.21,64.52,-56.32,258.1,65,-250,374,8538,165.02,116.58,54.81,-6.37,226.79,125,-231,406,9288,1.012426422,13.85
190.22,150.18,71.78,-31.74,268.62,95,-223,373,13648,175.9,122.51,65.2,-11.81,233.21,148,-249,354,12920,149.95,50.15,42.23,57.57,157.87,153,-171,397,13599,190.82,114.42,64,12.4,241.24,137,-245,356,13405,199.41,158.92,79.18,-38.69,279.15,81,-242,367,13338,177.49,95.08,55.07,27.34,217.5,151,-192,359,13651,1.000219812,13.1
171.92,117.96,51.84,2.12,238.04,149,-251,384,7612,144.63,58.75,39.58,46.3,163.8,158,-250,321,7514,126.99,18.75,32.67,75.57,113.07,156,-224,254,6870,175.18,122.06,54.25,-1.13,242.99,152,-249,379,7038,188.62,141.24,52.46,-5.08,277.4,127,-247,398,6787,132.65,24.76,31.69,76.2,125.72,150,-243,309,7172,0.942196532,11.6
180.3,172.6,63.04,-55.34,289.86,85,-249,386,8951,169.58,156.18,68.73,-55.33,257.03,106,-248,368,8723,181.85,86.91,51.17,43.77,217.59,166,-248,365,9278,179.09,171.39,73.35,-65.65,277.13,116,-245,366,8759,182.28,181.17,82.85,-81.74,280.6,66,-234,384,8953,179.84,101.14,53.98,24.72,227,150,-249,375,8857,0.98949838,13.3
185.47,103.09,62.3,20.08,226.26,112,-245,388,14698,174.16,74.82,70.98,28.36,178,114,-248,335,13737,145.67,52.47,68.53,24.67,129.61,119,-252,275,14256,146.31,54.72,60.26,31.33,140.77,117,-251,328,14482,200.28,105.45,63.36,31.47,242.37,126,-204,403,14301,186.66,76.6,59.82,50.24,203.44,126,-251,358,14424,0.981358008,14.85
169.7,131.79,72.96,-35.05,228.53,104,-214,363,8173,141.53,65.72,61.96,13.85,145.29,124,-253,339,8105,134.72,63.58,52.94,18.2,145.36,87,-250,313,7832,174.55,103.63,65.67,5.25,212.51,117,-255,354,7829,185.13,133.3,78.71,-26.88,239.72,84,-251,356,8062,157.48,82.08,59.69,15.71,179.87,109,-213,362,7878,0.963905543,14.75
182.24,123.97,74.95,-16.68,231.26,109,-254,350,8300,180.84,109.9,70.2,0.74,220.54,131,-214,355,8212,143.23,50.72,52.27,40.24,141.68,122,-255,346,8117,176.49,84.33,56.89,35.27,203.93,130,-251,341,7993,206.41,168.27,97.66,-59.52,277.02,91,-250,360,8038,185.83,116.32,73.86,-4.35,228.29,105,-252,355,8217,0.99,12.2
169.01,103.67,70.38,-5.04,202.3,115,-251,377,8700,174.16,123.01,86.56,-35.41,210.61,103,-247,343,8310,147.52,56.54,56.72,34.26,147.34,117,-217,271,8274,156.27,77.72,59.03,19.52,174.96,107,-253,346,8474,191.29,134.06,83.27,-26.04,242.08,94,-253,340,8127,179.21,96.33,67.22,15.66,208.32,108,-256,341,8793,1.010689655,13
172.97,104.41,72.7,-4.14,204.68,79,-254,354,9234,158.21,69.87,64.91,23.43,163.17,127,-257,322,9030,162.11,61.23,60.39,40.49,162.95,124,-252,297,8726,184.58,120.25,75.51,-11.18,229.32,107,-254,350,8887,176.12,108.97,71.66,-4.51,213.43,77,-178,358,8722,154.98,61.93,58.34,34.71,158.57,109,-238,314,8662,0.938055014,14.35
171.78,110.48,73.89,-12.59,208.37,118,-254,353,12828,180,158.63,83.28,-61.91,255.35,78,-251,367,12364,165.67,66.74,62.73,36.2,169.68,118,-254,263,12548,179.21,77.87,71.35,29.99,185.73,122,-254,296,12455,186.3,107.95,75.71,2.64,218.54,126,-253,371,12265,186.43,141.67,78.38,-33.62,249.72,115,-253,378,12648,0.985968195,12.65
173.54,124.52,66.48,-17.46,231.58,90,-197,385,9511,185.43,121.24,68.89,-4.7,237.78,117,-251,354,9556,166.04,67.93,63.75,34.36,170.22,122,-251,291,9022,186.46,129.55,67.87,-10.96,248.14,110,-250,382,9023,187.19,110.17,65.21,11.81,232.15,103,-140,376,8805,169.66,81.27,58.47,29.92,192.46,115,-250,361,8777,0.922826201,16.65
176.24,146.21,74.13,-44.1,248.32,86,-233,369,8025,173.13,117.54,69.37,-13.78,221.3,117,-250,351,7932,152.42,61.54,50.23,40.65,163.73,131,-255,293,7729,189.53,148.35,73.16,-31.98,264.72,122,-255,377,7926,200.9,196.67,90.77,-86.54,306.8,20,-256,386,7721,166.19,131.19,65.15,-30.15,232.23,88,-177,382,7687,0.95788162,13.35
191.73,171.97,92.58,-72.82,271.12,52,-240,366,9870,182.25,141.52,81.68,-40.95,242.09,94,-251,352,9539,180.17,98.33,61.09,20.75,217.41,127,-255,395,9435,190.4,160.47,82.23,-52.3,268.64,99,-241,367,9591,198.39,178.14,92.46,-72.21,284.07,48,-254,366,9769,197.56,172.81,94.41,-69.66,275.96,80,-255,370,9456,0.958054711,12.8
185.32,146.28,80.38,-41.34,251.22,85,-227,370,12172,159.16,61.92,62.88,34.36,158.2,136,-259,331,11907,171,73.25,65.68,32.07,178.57,120,-254,307,11614,189.34,109.47,75.45,4.42,223.36,122,-234,350,10987,191,151.86,84.31,-45.17,258.55,73,-239,386,11290,175.24,100.83,65.78,8.63,210.29,132,-253,360,11617,0.954403549,12.9
168.81,150.46,75.71,-57.36,243.56,66,-250,364,10069,160.43,110.3,75.84,-25.71,194.89,93,-251,357,9813,135.6,66.23,59.73,9.64,142.1,81,-193,285,9586,151.53,105.09,61.42,-14.98,195.2,69,-250,372,9451,181.57,173.5,93.14,-85.07,261.93,47,-241,356,9620,192,186.07,106.14,-100.21,271.93,29,-250,369,9658,0.959181647,11.65
173.74,95,63.21,15.53,205.53,117,-240,352,7854,122.36,58.56,52.78,11.02,128.14,99,-238,310,7701,124.98,36.32,50.6,38.06,110.7,119,-138,239,7285,142.97,57.59,57.22,28.16,143.34,111,-255,284,7554,166.67,104.71,61.14,0.82,210.24,83,-250,364,7381,158.02,66.51,53.73,37.78,170.8,108,-246,329,7431,0.946142093,14.3
160.72,86.73,62.05,11.94,185.4,125,-250,311,5537,165.22,141.77,67.02,-43.57,239.97,77,-249,384,5484,150.84,56.23,55.33,39.28,151.74,96,-249,316,5679,162.18,73.22,57.48,31.48,177.92,104,-250,331,5213,174.25,122.9,68.4,-17.05,228.75,105,-198,382,5656,171.81,100.23,61.84,9.74,210.2,84,-237,337,5342,0.964782373,15.3
173.99,92.63,75.28,6.08,191.34,115,-240,375,9549,169.34,90.48,71.72,7.14,188.1,115,-247,325,9308,144.86,52.85,64.5,27.51,133.21,130,-174,304,8909,183.04,126.26,83.16,-26.38,226.14,131,-241,360,9023,194.57,158.12,91.44,-54.99,261.25,84,-250,367,9008,169.76,90.66,64.99,14.11,195.43,107,-195,370,8752,0.916535763,16.7
186.51,107.23,61.69,17.59,232.05,108,-250,346,11141,123.39,40.83,54.66,27.9,109.56,107,-226,295,10585,131.18,49.69,57.84,23.65,123.03,117,-238,286,10192,147.57,49.86,52.73,44.98,144.7,131,-253,293,10023,188.14,80.8,57.8,49.54,211.14,123,-155,331,10461,188.14,80.8,57.8,49.54,211.14,123,-155,331,10461,0.938964186,14.8
179.6,139.93,76.58,-36.91,242.95,109,-220,353,11224,177.16,110.59,80.46,-13.89,207.29,96,-240,321,11102,156.51,52.99,67.16,36.36,142.34,120,-253,270,11063,176.12,75.05,70.99,30.08,180.18,131,-194,352,11099,200.22,153.57,89.81,-43.16,263.98,95,-249,374,10869,194.93,159.92,84.19,-49.18,270.66,40,-244,366,11043,0.983873842,13.2
165.55,112.21,70.75,-17.41,207.01,105,-252,358,12505,178.15,162.78,83.31,-67.94,257.62,100,-246,345,11849,168.7,70.95,56.37,41.38,183.28,129,-250,317,12507,175.14,136.5,79.04,-40.4,232.6,127,-250,349,11764,188.86,156.94,86.9,-54.98,258.9,83,-246,351,12203,175.86,119.31,71.94,-15.39,223.23,99,-251,351,12170,0.973210716,10.8
180.37,168,82.03,-69.66,266.34,82,-241,361,12340,166.87,103.49,72.01,-8.63,198.35,111,-251,330,12137,172.91,102.84,69.46,0.61,206.29,101,-203,331,11883,175.13,103.05,73.24,-1.16,204.94,88,-224,341,11815,179.93,139.8,83.15,-43.02,236.58,94,-248,352,11929,195.39,186.16,102.65,-93.42,278.9,44,-251,371,11860,0.961102107,13
171.89,88.05,59.99,23.85,199.95,120,-250,381,14024,154.64,71.1,56.83,26.71,168.91,135,-247,333,13080,117.66,45.07,56.32,16.27,106.41,102,-252,275,13885,126.93,47.45,56.01,23.47,118.37,103,-222,323,13584,178.59,66.01,63.54,49.04,181.06,123,-139,316,13818,180.73,68.33,54.42,57.98,194.64,145,-236,325,13880,0.989731888,14.75
175.68,166.47,77.24,-68.03,264.91,63,-240,359,12913,153.21,69.46,65.03,18.72,157.64,116,-253,304,12572,164,89.57,63.14,11.29,190.43,110,-249,353,12622,174.44,91.36,64.67,18.41,201.13,122,-251,368,12861,179.35,108.62,70.35,0.38,217.62,122,-250,357,13060,178.37,112.76,70.9,-5.29,220.23,117,-236,348,13004,1.007047162,12.95
180.88,115.06,71.18,-5.36,224.76,139,-249,345,12205,169.81,116.7,73.86,-20.75,212.65,98,-224,350,12046,164.23,76.96,68.64,18.63,172.55,119,-241,358,11569,157.28,68.63,53.39,35.26,172.52,119,-189,347,11415,172.17,57.87,61.89,52.41,168.15,133,-243,321,12065,186.9,94.75,66.68,25.47,214.97,134,-235,360,11943,0.978533388,12.1
188.19,126.79,74.87,-13.47,240.11,108,-254,362,8953,180.99,135.29,82.11,-36.41,234.17,121,-248,345,8652,149.29,56.12,61.81,31.36,143.6,124,-240,312,8471,164.95,76.43,68.12,20.4,173.26,100,-243,375,8620,188.97,137.72,83.43,-32.18,243.26,100,-243,369,8585,200.27,152.84,85.22,-37.79,267.89,92,-243,361,8497,0.949067352,13.95
188.06,142.2,79.95,-34.09,250.31,119,-245,367,8655,170.93,86.29,72.13,12.51,185.09,127,-248,329,8423,159.49,53.2,56.8,49.49,155.89,125,-252,284,8217,169.93,71.27,57.72,40.94,183.48,133,-250,332,8460,192.69,157.6,93.59,-58.5,256.7,115,-247,366,8161,191.46,151.55,86.04,-46.13,256.97,91,-241,368,8324,0.96175621,13.5
181.3,131.84,72.88,-23.42,240.26,131,-246,371,11142,171.72,102.47,71.56,-2.31,202.63,109,-244,350,10869,162.82,70.07,60.38,32.37,172.51,133,-249,324,11030,174.45,92.58,68.43,13.44,198.6,117,-248,365,11247,196.31,154.98,87.18,-45.85,264.11,65,-236,360,10777,177.63,83.79,63.59,30.25,197.83,131,-248,335,11149,1.000628253,12.9
192.08,165.59,84.2,-57.71,273.47,96,-241,371,9319,181.26,98.26,64.7,18.3,214.82,142,-245,354,9192,165.41,72.14,62.45,30.82,175.1,136,-248,377,9121,189.7,125.62,77.9,-13.82,237.42,164,-223,369,9130,201.81,151.08,88.61,-37.88,264.28,83,-241,361,9191,194.31,80.5,68.47,45.34,206.34,156,-251,356,8969,0.962442322,13.3
174.69,95.49,68.41,10.79,201.77,125,-185,357,10215,176.95,130.08,75.35,-28.48,231.68,100,-236,385,9874,148.7,63.75,56.18,28.77,156.27,106,-216,343,9627,175.94,85.54,73.27,17.13,188.21,120,-246,347,9850,194.26,150.14,87.64,-43.52,256.76,107,-241,366,9526,182.68,98.78,66,17.9,215.46,116,-206,337,9914,0.970533529,12.9
180.44,86.13,66.14,28.17,200.43,137,-246,362,14022,184.8,172.42,85.18,-72.8,272.04,75,-250,376,13051,181.75,87.14,64.46,30.15,204.43,145,-247,378,13846,181.36,112.05,68.12,1.19,225.29,127,-238,390,13229,183.91,118.01,73.23,-7.33,228.69,125,-238,357,12871,188.5,120.24,75.78,-7.52,232.96,121,-246,356,13259,0.945585508,13.5
187.28,170.8,80.94,-64.46,277.14,96,-246,393,9480,156.75,80.27,69.1,7.38,167.92,130,-242,314,9299,159.48,77.18,55.62,26.68,181.04,125,-243,322,9152,161.79,87.55,63.47,10.77,185.87,109,-223,358,8820,183.6,145.44,86.39,-48.23,242.65,107,-240,367,8884,188.44,147.42,83.48,-42.46,252.38,88,-235,363,9273,0.978164557,11.5
179.61,101.58,67.32,10.71,213.87,134,-253,362,10204,155.9,66.41,63.54,25.95,158.77,129,-248,323,9712,143.8,46.11,49.46,48.23,140.45,117,-254,294,9453,164.9,57.04,53.32,54.54,168.62,143,-254,287,10096,190.43,101.82,63.85,24.76,228.4,123,-253,344,9872,191.32,104.07,67.64,19.61,227.75,115,-253,385,9776,0.958055664,12.7
169.24,169.21,78.68,-78.65,259.77,41,-255,354,10584,178.58,147.62,90.32,-59.36,235.88,49,-249,338,10110,167.96,116.24,69.41,-17.69,214.79,83,-213,346,9629,173.59,133.65,77.47,-37.53,229.77,62,-222,335,9676,179.75,178.28,86.84,-85.37,271.19,50,-253,349,9594,181.91,192.29,86.54,-96.92,287.66,0,-254,357,9727,0.919028723,10.65
194.02,162.95,83.79,-52.72,273.18,104,-242,374,9789,168.44,76.94,65.47,26.03,179.91,132,-257,310,9252,166.77,60.3,59.37,47.1,167.7,146,-254,316,9201,187.51,98.43,70.92,18.16,215.02,117,-187,346,9411,208.71,159.26,99.75,-50.3,268.22,105,-248,373,9048,184.52,94.28,65.28,24.96,213.52,132,-241,362,9517,0.972213709,11.75
185.01,172.03,83.17,-70.19,273.87,118,-253,368,9371,181.14,172.6,83.82,-75.28,269.92,79,-252,367,9085,161.09,81.84,56.06,23.19,186.87,129,-254,383,9087,175.35,100.77,69.16,5.42,206.96,125,-254,351,9246,190.64,199.13,88.51,-97,301.26,33,-253,360,9171,193.31,174.5,87,-68.19,280.81,54,-250,375,9140,0.975349482,13.2
192.58,149.71,86.93,-44.06,255.36,126,-253,356,8467,171.52,83.23,57.45,30.84,197.3,129,-207,359,8588,169.03,62.24,57.3,49.49,173.97,136,-254,322,8107,171.14,64.94,56.41,49.79,179.67,132,-184,292,8103,192.36,128.98,80.03,-16.65,241.31,122,-248,346,7912,194.73,144.12,85.55,-34.94,253.3,95,-241,376,8122,0.959253573,13.5
200.3,139.47,65.55,-4.72,274.22,89,-248,380,13968,165.27,83.49,49.89,31.89,198.87,159,-253,336,13083,157.46,52.32,51.84,53.3,157.94,131,-216,311,13448,156.8,56.5,45.03,55.27,168.27,154,-254,355,13341,192.82,112.23,56.96,23.63,248.09,140,-204,385,13375,195.75,114.24,53.24,28.27,256.75,123,-210,373,13488,0.965635739,13.95
182.21,96.27,63.1,22.84,215.38,142,-252,366,11856,169.52,78.53,63.8,27.19,184.25,143,-249,351,11826,128.61,38.5,49.38,40.73,117.73,124,-254,289,11642,170.78,73.33,58.71,38.74,185.4,128,-249,368,11384,196.32,110.81,63.47,22.04,243.66,110,-244,357,11709,159.09,57.54,54.17,47.38,162.46,143,-249,371,11637,0.98152834,13.25
203.87,153.37,80.52,-30.02,276.72,96,-178,406,10581,188.36,144.73,83.61,-39.98,249.48,99,-242,370,10286,196.02,94.01,69.61,32.4,220.42,129,-166,364,10539,199.95,111.67,75.46,12.82,236.16,120,-244,359,10510,200.7,99.24,75.52,25.94,224.42,138,-204,363,10773,194.14,101.3,67.2,25.64,228.24,145,-240,369,10586,1.000472545,14.1
187.34,124.8,70.66,-8.12,241.48,121,-227,391,11294,180.62,101.2,68.39,11.03,213.43,129,-249,359,10778,165.9,58.11,59.19,48.6,164.82,130,-252,334,10807,184.31,85.63,58.93,39.75,211.01,135,-252,338,10898,194.98,126.88,68.57,-0.47,253.29,93,-179,391,11034,198.14,138.62,76.02,-16.5,260.74,106,-222,371,10543,0.933504516,12.7
185.9,149.72,84.55,-48.37,251.07,76,-240,343,9634,181.77,179.15,89,-86.38,271.92,12,-210,354,9509,170.06,104.33,67.04,-1.31,207.35,101,-247,377,9532,172.03,137.97,77.45,-43.39,232.55,89,-246,359,9326,185.66,180.94,91.68,-86.96,274.92,52,-216,365,9477,184.06,166.5,87.61,-70.05,262.95,53,-248,357,9443,0.980174382,11.1
162.86,80.74,62.85,19.27,180.75,117,-238,354,10962,172.92,104.87,69.45,-1.4,208.34,135,-207,355,10666,175.83,67.22,58.29,50.32,184.76,136,-166,291,10421,187.19,100.62,59.02,27.55,228.79,125,-253,344,10946,169.95,68.76,60.95,40.24,177.76,127,-179,335,9962,153.45,57.44,58.86,37.15,152.03,143,-218,319,10820,0.987046159,13.25
182.27,125.8,61.99,-5.52,246.08,104,-216,374,9746,166.6,76.97,56.68,32.95,186.89,128,-193,354,9740,134.32,46.78,54,33.54,127.1,98,-240,263,9205,163.78,77.3,54.08,32.4,187,142,-200,349,9636,190.14,101.27,60.19,28.68,231.22,125,-240,339,9018,189.83,109.64,59.39,20.8,240.08,112,-147,349,9489,0.973630207,13.7
188.97,143.67,78.82,-33.52,253.82,107,-251,358,8991,188.29,150.51,86.79,-49.01,252.01,102,-245,343,8690,180.65,91.28,58.1,31.27,213.83,113,-254,324,8697,193.79,156.38,84.29,-46.88,265.88,101,-250,356,8437,196.24,189.5,88.09,-81.35,297.65,46,-252,374,8606,189.09,121.03,69.18,-1.12,240.94,109,-251,361,8455,0.940384829,12.35
179.29,164.11,71.7,-56.52,271.7,98,-233,374,11824,159.26,62.41,57.14,39.71,164.53,156,-234,353,11661,163.27,72.63,55.69,34.95,180.21,127,-240,385,11270,169.28,87.88,60.83,20.57,196.33,127,-239,331,11197,189.68,156.05,81.22,-47.59,264.51,97,-240,370,11240,187.72,164.64,83.25,-60.17,269.11,76,-243,383,11494,0.972090663,11.85
204.78,184.86,83.41,-63.49,306.23,64,-232,392,9980,179.34,77.64,53,48.7,203.98,143,-200,320,9809,193.71,138.42,75.41,-20.12,256.72,126,-236,386,9525,187.32,124.54,58.23,4.55,253.63,134,-230,385,9427,196.38,153.91,71.44,-28.97,278.85,115,-240,376,9466,198,170.24,79.94,-52.18,288.3,90,-198,394,9792,0.981162325,12.25
186.26,175.92,74.43,-64.09,287.75,62,-229,372,9318,183.45,173.64,84.08,-74.27,273.01,102,-243,372,8945,186.31,103.35,63.48,19.48,226.18,130,-237,377,8623,186.89,169.13,75.17,-57.41,280.85,96,-239,392,8990,190.45,192.34,94.67,-96.56,288.12,6,-239,370,8654,185.42,169.58,76.76,-60.92,278.24,74,-193,379,9195,0.986799742,11.15
191.74,148.18,68.48,-24.92,271.44,119,-202,401,10906,193.49,171.81,82.25,-60.57,283.05,68,-241,373,10465,202.29,127.47,63.05,11.77,266.71,97,-240,345,10723,196.39,139.11,68.93,-11.65,266.57,119,-240,382,10377,190.08,124.61,64.32,1.15,250.37,127,-217,399,10797,196.3,159.21,79.49,-42.4,276.02,94,-200,379,10340,0.948101962,11.3
182.52,145.02,64.68,-27.18,262.86,120,-207,391,12935,178.3,151.35,71.76,-44.81,257.89,94,-232,383,12428,174.11,72.06,58.85,43.2,187.32,142,-240,295,12774,179,137.32,58.39,-16.71,257.93,93,-237,403,12691,194.73,182.21,77.27,-64.75,299.67,50,-242,402,12571,196.27,164.02,69.8,-37.55,290.49,87,-221,399,12659,0.978662543,12.9
189.85,153.59,78.34,-42.08,265.1,111,-182,393,11185,179.64,164.86,85.41,-70.63,259.09,50,-240,351,10618,192.89,111.17,68.12,13.6,235.94,116,-247,382,10512,185.92,143.36,78.01,-35.45,251.27,100,-225,393,10927,199.59,155.9,82.77,-39.08,272.72,81,-240,362,10512,191.84,169.92,83.16,-61.24,278.6,96,-248,376,10506,0.939293697,10.85
181.09,156.48,78.86,-54.25,258.71,112,-233,370,10982,181.04,124.87,69.22,-13.05,236.69,107,-246,360,10374,180.03,95.28,60.06,24.69,215.25,147,-193,368,10117,188.01,156.36,82.45,-50.8,261.92,114,-246,371,10231,198.98,165.96,82.78,-49.76,282.16,79,-240,374,10134,190.11,87.12,60.72,42.27,216.51,143,-170,377,10066,0.916590785,12
190.76,190.78,81.68,-81.7,299.86,28,-241,370,8678,165.97,88.6,64.47,12.9,190.1,124,-244,368,8811,177.79,119.29,62.76,-4.26,234.32,127,-243,402,8120,164.96,139.01,71.85,-45.9,232.12,113,-207,374,9176,191.74,158.45,83.37,-50.08,266.82,93,-197,370,8503,184.81,172.38,77.11,-64.68,280.08,52,-243,378,8297,0.956095875,11.9
185.12,141.04,73.02,-28.94,253.14,136,-240,396,11202,190.87,160.81,79.39,-49.33,272.29,41,-222,381,10957,187.32,108.58,62.45,16.29,233.45,123,-173,392,10688,193.37,145.94,74.35,-26.92,264.96,91,-244,369,10337,195.89,183.14,83.82,-71.07,295.21,44,-248,386,10307,192.39,158.49,76.3,-42.4,274.58,107,-171,399,10367,0.925459739,13.3
183.1,154.68,71.21,-42.79,266.57,118,-249,388,10733,169.22,88.75,62.51,17.96,195.46,143,-240,367,10245,158.14,68.09,46.66,43.39,179.57,124,-248,325,10062,181.41,109.69,62.5,9.22,228.6,135,-245,373,10393,199.67,187.39,97.72,-85.44,289.34,50,-249,370,10337,186.46,135.77,69.38,-18.69,252.85,129,-235,384,10170,0.947544955,10.4
136.48,69.69,53.22,13.57,152.95,109,-250,301,10420,148.86,97.31,51.82,-0.27,194.35,97,-249,345,10565,119.97,35.32,36.61,48.04,118.68,117,-236,255,9976,152.69,77.83,46.87,27.99,183.65,128,-250,323,9577,165.91,95.99,53.17,16.75,208.73,102,-248,352,9624,120.55,32.26,34.54,53.75,118.27,139,-230,271,9674,0.92840691,12.2
148.69,85.81,53.34,9.54,181.16,110,-237,358,10888,149.13,56.4,52.36,40.37,153.17,146,-221,309,10595,115.7,33.91,44.44,37.35,105.17,104,-203,275,9982,162.7,73.04,53.61,36.05,182.13,144,-179,317,10043,177.71,118.67,65.28,-6.24,231.1,116,-235,363,10064,112,29.03,39.39,43.58,101.64,111,-238,257,9914,0.910543718,15.15
131.47,54.92,47.86,28.69,138.53,110,-223,349,12768,176.75,108.88,66.17,1.7,219.46,127,-247,356,12410,118.36,36.19,46.29,35.88,108.26,112,-199,290,11710,157.3,56.1,47.76,53.44,165.64,146,-250,306,12013,170.14,75.47,42.35,52.32,203.26,136,-249,352,12189,135.17,45.67,45.02,44.48,135.82,138,-242,311,11431,0.895285088,15.8
168.45,148.15,72.93,-52.63,243.67,84,-247,356,11113,152.85,112.92,68.25,-28.32,197.52,90,-249,336,10853,127.83,40.85,35.59,51.39,133.09,132,-249,259,10542,178.23,150.4,75.63,-47.8,253,109,-245,361,10390,180.43,179.56,79.98,-79.11,280.01,10,-242,370,10529,145.15,74.31,47.07,23.77,172.39,124,-247,348,10574,0.951498245,11.2
169.14,111.71,58.78,-1.35,222.07,133,-245,386,12032,154.57,106.86,64.95,-17.24,196.48,99,-246,343,11639,147.6,53.13,48.06,46.41,152.67,132,-224,306,11554,177.66,112.08,66.87,-1.29,222.87,112,-248,349,11943,152.94,59.94,50.76,42.24,162.12,127,-237,315,11815,158.95,66.89,45.6,46.46,180.24,133,-253,359,11321,0.94090758,13.5
179.52,109.91,64.3,5.31,225.13,133,-218,367,11196,145.08,50.39,56.46,38.23,139.01,139,-250,280,10537,126.94,37.13,42.62,47.19,121.45,121,-232,306,10042,195.72,99.69,58.59,37.44,236.82,139,-166,368,9925,192.32,96.79,54.45,41.08,234.66,121,-203,364,10054,114.39,33.87,42.89,37.63,105.37,121,-245,273,9978,0.891211147,12.9
154.23,80.65,54.91,18.67,179.97,123,-247,338,10992,162.29,117.66,70.99,-26.36,208.96,101,-236,344,10490,125.27,36.07,37.21,51.99,124.13,129,-249,283,10496,154.47,71.38,45.23,37.86,180.62,132,-250,366,10388,178.57,134.59,69.61,-25.63,243.55,87,-227,380,10539,125.4,38.17,38.4,48.83,125.17,126,-243,284,10777,0.98044032,12.4
151.34,80.74,54.62,15.98,177.46,132,-244,350,11167,140.88,72.68,58.54,9.66,155.02,111,-243,333,10839,108.91,36.57,40.46,31.88,105.02,110,-249,271,10708,135.91,55.9,49.32,30.69,142.49,98,-249,293,10339,178.83,126.45,69.03,-16.65,236.25,99,-237,361,10741,129.24,43.86,41.16,44.22,131.94,145,-230,354,10799,0.96704576,13.1
158.37,87.84,56.26,14.27,189.95,117,-249,354,10729,163.93,114.36,70.49,-20.92,207.8,96,-235,347,9960,135.88,41.21,39.86,54.81,137.23,132,-233,300,9808,173.85,103.4,57.75,12.7,219.5,110,-248,346,10037,171.31,94.22,57.14,19.95,208.39,110,-216,323,10085,131.53,38.36,40.75,52.42,129.14,130,-247,257,10379,0.967378134,12.15
183.15,153.92,68.85,-39.62,268.22,83,-236,385,11797,171.11,105.45,70.85,-5.19,205.71,117,-239,345,11574,178.75,114.1,64.58,0.07,228.27,125,-242,370,12180,188.16,158.16,75.14,-45.14,271.18,100,-209,371,11669,189.56,161.99,87.64,-60.07,263.91,46,-235,366,11837,183.68,120.68,69.98,-6.98,234.38,106,-192,364,11590,0.982453166,12.7
181.97,114.15,50.35,17.47,245.77,129,-249,409,10523,125.35,44.73,40.42,40.2,129.66,142,-244,324,10226,134.97,43.62,40.6,50.75,137.99,145,-243,326,9821,122.95,33.26,40.49,49.2,115.72,123,-250,285,9949,115.48,31.37,42.14,41.97,104.71,126,-250,260,9625,130.85,37.58,44.03,49.24,124.4,124,-240,278,10148,0.964363775,15.4
172.65,106.94,51.23,14.48,228.36,118,-244,402,13715,106.65,42.9,52.38,11.37,97.17,98,-253,311,13064,110,34.98,44.68,30.34,100.3,112,-241,285,12592,134.9,46.38,50.55,37.97,130.73,131,-252,370,12711,143.12,55.12,44.77,43.23,153.47,121,-232,338,12849,113.68,38.44,46.16,29.08,105.96,112,-230,282,12773,0.931316077,12.7
175.86,151.12,79.13,-54.39,247.85,59,-246,352,10426,162.67,129.41,69.07,-35.81,223.01,77,-239,366,10190,149.3,85.55,54.21,9.54,180.64,96,-217,352,9922,165.15,120.35,64.15,-19.35,221.35,83,-231,358,9794,182.87,169.96,74.73,-61.82,278.1,22,-238,382,9973,167.81,104.76,62.27,0.78,210.3,97,-232,353,10081,0.966909649,11.9
167.43,110.52,65.58,-8.67,212.37,106,-245,374,11064,177.2,140.66,78.14,-41.6,239.72,78,-238,361,11103,138.41,52.44,45.98,39.99,144.87,117,-233,285,10676,164.92,88.66,59.2,17.06,194.38,111,-243,364,10748,192.98,142.33,74.76,-24.11,260.55,106,-214,366,10495,175.76,101.59,63.56,10.61,213.79,98,-196,369,10465,0.945860448,12.6
186.31,138.11,54.06,-5.86,270.36,106,-247,407,11320,113.3,38.25,45.57,29.48,105.98,124,-251,283,10925,130.83,41.59,47.48,41.76,124.94,148,-244,299,10545,152.82,60.14,47.64,45.04,165.32,128,-249,332,10792,146.44,57.67,46.05,42.72,158.06,142,-250,363,10537,129.08,42.76,44.5,41.82,127.34,127,-238,286,10265,0.90680212,12.5
184.76,166.91,82.6,-64.75,269.07,91,-240,360,13287,154,65.25,50.73,38.02,168.52,135,-252,313,12154,162.24,62.52,48.7,51.02,176.06,143,-249,349,12623,186.18,128.66,64.19,-6.67,250.65,134,-246,380,12535,191.66,133.37,69.21,-10.92,255.82,97,-243,364,12217,154.99,63.98,49,42.01,169.97,140,-243,361,12200,0.918190713,13
195.99,138.76,52.24,4.99,282.51,102,-249,413,13213,135.53,46.37,46.99,42.17,134.91,152,-248,357,12416,150.7,50.99,45.52,54.19,156.17,135,-174,339,12992,140.91,49.56,49.17,42.18,141.3,117,-252,312,12581,191.94,84.09,45.95,61.9,230.08,159,-208,348,13320,170.91,63.61,44.2,63.1,190.32,156,-181,331,12701,0.961250284,15.4
182,172.12,81.45,-71.57,272.67,75,-240,371,12290,156.49,115.81,69.83,-29.15,202.47,76,-239,354,12348,162.77,84.56,54.51,23.7,192.82,126,-229,331,11464,172.12,115.99,65.26,-9.13,222.85,101,-246,368,11769,181.8,168.69,76.1,-62.99,274.39,72,-215,371,11670,176.28,107.05,66.93,2.3,216.4,91,-218,358,11855,0.96460537,11.4
171.17,123.34,65.03,-17.2,229.48,106,-212,388,12113,150.68,89.91,63.04,-2.27,177.55,107,-238,329,11450,141.06,47.02,49.64,44.4,138.44,113,-249,282,11608,157.28,72.4,55.91,28.97,173.77,129,-247,391,11177,184.31,157.96,76.85,-50.5,265.42,72,-189,396,11495,160.88,80.21,47.45,33.22,193.64,120,-232,415,11669,0.963345166,14.4
185.28,146.63,69.41,-30.76,262.5,113,-244,406,13385,156.7,94.89,67.17,-5.36,184.42,104,-222,375,13059,144.64,53.89,50.4,40.35,148.13,145,-215,325,12241,176.2,100.18,58.76,17.26,217.62,154,-178,340,12735,192.2,176.97,81.7,-66.47,287.47,44,-229,387,12849,155.57,90.29,54.27,11.01,191.59,107,-235,390,12414,0.927456108,13.5
191.07,135.52,48.39,7.16,278.2,128,-172,411,13264,156.91,63.99,44.31,48.61,176.59,152,-252,335,12194,156.94,52.45,49.73,54.76,159.66,147,-233,341,12582,166.76,74.76,35.79,56.21,205.73,156,-249,397,12625,177.71,69.86,43.78,64.07,203.79,162,-230,399,12760,171.5,63.1,45.48,62.92,189.12,157,-178,401,12733,0.959966828,13.6
179.95,157.79,66.21,-44.05,271.53,105,-225,385,12542,164.8,73.32,56.09,35.39,182.03,146,-197,331,11756,153.84,54.89,55.88,43.07,152.85,135,-165,311,12014,173.15,86.25,54.2,32.7,205.2,145,-222,338,12181,189.18,150.11,66.78,-27.71,272.51,94,-189,394,12154,173.18,82.69,57.1,33.39,198.77,140,-161,368,11351,0.905039069,13.15
158.59,94.62,57.19,6.78,196.02,104,-235,391,9799,168.67,93.93,60.01,14.73,202.59,143,-246,335,9425,143.44,40,40.04,63.4,143.4,152,-234,317,9386,176.41,93.65,48.29,34.47,221.77,149,-213,365,9426,186.96,143.3,74.68,-31.02,255.58,88,-222,365,9145,163.77,77.85,50.84,35.08,190.78,130,-247,343,9190,0.937850801,13.1
147.71,92.27,60.16,-4.72,179.82,114,-249,380,11181,163.19,123.54,84.69,-45.04,202.04,101,-251,356,11087,137.13,43.56,48.35,45.22,132.34,111,-142,332,10625,184.58,126.55,75.14,-17.11,235.99,126,-239,369,11008,169.23,122.56,61.8,-15.13,229.99,75,-247,367,10915,131.39,51.47,45.57,34.35,137.29,102,-225,299,10692,0.956265093,12.2
165.09,86.94,63.1,15.05,188.93,133,-228,357,11900,176.37,132.31,78.19,-34.13,230.49,88,-227,363,11338,144.52,43.82,50.71,49.99,137.63,138,-211,255,11331,172.25,95.6,58.63,18.02,209.22,107,-249,339,11189,187.51,124.01,66.7,-3.2,244.82,99,-249,347,11583,168.32,72.71,59.63,35.98,181.4,136,-249,317,11411,0.958907563,13.1
174.37,157.63,65.96,-49.22,266.04,87,-241,380,11111,168.15,91.22,56.15,20.78,203.22,145,-226,359,10498,150.4,56.86,47.86,45.68,159.4,126,-236,288,10968,176.71,85.16,51.83,39.72,210.04,165,-216,384,10550,185.01,104.63,61.1,19.28,228.54,162,-208,384,10424,172.52,113.39,55.87,3.26,230.04,110,-238,392,10788,0.970929709,14.25
178.89,152.87,71.97,-45.95,259.79,82,-246,374,10402,178.92,157.29,74.92,-53.29,261.29,74,-225,369,9972,178.34,96.66,57.98,23.7,217.02,134,-246,332,10090,193.29,140.9,71.61,-19.22,262.58,109,-222,385,10139,189.6,150.9,78.7,-40,261.8,93,-239,368,9754,189.17,129.18,70.66,-10.67,247.69,97,-188,390,9831,0.94510671,13.7
179.98,144.45,63.83,-28.3,260.6,87,-232,396,11642,171.33,115.19,64.61,-8.47,221.91,140,-225,383,11360,137.99,40.92,46.82,50.25,132.09,117,-188,288,10489,190.23,126.55,61.12,2.56,255.66,139,-129,367,11120,193.23,154.44,73.1,-34.31,274.57,47,-165,381,10186,159.43,72.72,52.94,33.77,179.21,161,-186,392,10834,0.930596118,14.45
184.02,153.9,66.3,-36.18,271.62,107,-226,399,10526,167.19,117.22,67.18,-17.21,217.23,119,-252,381,10141,156.44,55.31,49.19,51.94,162.56,154,-215,348,10334,187.52,144.2,68.81,-25.49,262.91,128,-187,376,10423,199.16,171.87,79.39,-52.1,291.64,44,-208,385,10400,177.21,98.7,58.24,20.27,217.67,131,-243,398,10000,0.950028501,12.95
178.71,120.83,49.44,8.44,250.1,128,-249,404,11146,121.88,48.64,47.83,25.41,122.69,119,-247,355,10169,133.86,34.69,43.07,56.1,125.48,137,-143,288,10166,146.61,50.02,42.96,53.63,153.67,139,-210,358,10093,168.91,91.54,38.72,38.65,221.73,134,-241,416,10578,156.51,56.54,43.58,56.39,169.47,139,-236,362,10495,0.941593397,14.25
195.34,164.35,63.75,-32.76,295.94,98,-235,402,11819,127.57,47.08,51.27,29.22,123.38,115,-234,297,11110,160.07,74.04,50.84,35.19,183.27,124,-248,420,10739,145.15,56.22,42.85,46.08,158.52,139,-200,385,10821,163.38,64.18,53.6,45.6,173.96,124,-191,338,11207,176.2,94.18,47.55,34.47,222.83,145,-227,373,11682,0.988408495,12.35
167.07,99.69,60.43,6.95,206.33,113,-218,412,12166,173.8,130.85,77.43,-34.48,227.22,113,-232,374,11647,161.71,61.22,51.17,49.32,171.76,139,-194,342,11386,153.67,53.5,55.51,44.66,151.66,146,-246,342,11290,182.72,107.04,61.05,14.63,228.71,138,-228,373,11947,179.29,94.43,53.42,31.44,220.3,144,-243,390,11818,0.971395693,15.15
173.51,164.68,64.42,-55.59,273.77,67,-249,374,12428,173.79,157.57,69.09,-52.87,262.27,78,-216,380,11429,170.87,88.05,53.34,29.48,205.58,130,-234,342,12495,186.32,116.73,61.55,8.04,241.5,121,-225,391,11714,187.83,170.75,73.78,-56.7,284.8,94,-224,376,11950,172.99,145.3,62.85,-35.16,255.44,96,-225,394,12873,1.035806244,12.9
182.29,129.62,68.08,-15.41,243.83,126,-248,368,10953,170.78,118.13,68.31,-15.66,220.6,115,-249,366,10896,162.61,65.69,45.57,51.35,182.73,147,-217,344,10364,177.53,119.04,65.18,-6.69,231.39,127,-242,368,10320,188.92,173.14,75.87,-60.09,286.19,55,-246,385,10248,169.76,74.59,49.04,46.13,195.31,135,-245,387,10248,0.935634073,12.7
157.01,92.51,49.41,15.09,200.11,128,-247,353,10176,118.94,45.38,48.9,24.66,115.42,124,-250,330,9981,113.4,26.61,38.91,47.88,101.1,123,-252,270,8951,144.81,49.43,48.2,47.18,146.04,142,-212,364,9537,172.29,102.1,54.85,15.34,219.54,141,-205,357,9567,124.2,48.99,44.03,31.18,129.16,106,-238,297,9243,0.908313679,14.8
187.19,123.62,68.53,-4.96,242.28,135,-228,392,11030,178.28,162.56,75.29,-59.57,265.55,84,-233,390,10784,182.84,99.43,58.52,24.89,223.75,131,-188,405,10564,195.68,173.27,75.1,-52.69,293.85,121,-195,387,10432,196.58,180.81,77.67,-61.9,299.72,24,-215,396,10456,188.12,149.2,71.55,-32.63,265.77,94,-185,407,10274,0.931459655,13.1
190.33,139.57,53.78,-3.02,276.12,128,-247,407,10634,109.1,31.97,38.88,38.25,102.19,117,-246,289,10037,134.62,38.87,42.2,53.55,131.29,153,-202,280,9905,153.11,57.76,44.9,50.45,165.97,117,-205,408,9675,171.56,75.95,43.74,51.87,203.77,142,-199,357,10038,146.84,59.8,38.27,48.77,168.37,134,-147,374,9541,0.897216475,11.45
185.38,120.71,49,15.67,257.09,114,-210,410,17323,133.03,44.18,53.34,35.51,123.87,140,-252,331,16141,138.98,46.77,45.46,46.75,140.29,139,-249,327,15530,151.23,56.39,42.46,52.38,165.16,149,-188,390,16229,196.53,108.46,39.63,48.44,265.36,152,-189,396,16447,181.11,74.68,40.37,66.06,215.42,164,-237,386,16238,0.937366507,13.3
190.23,179.63,73.9,-63.3,295.96,90,-226,381,11857,139.82,46.63,43.6,49.59,142.85,134,-249,357,11529,160.44,73.46,44.57,42.41,189.33,132,-246,381,11084,171.17,101.48,57.39,12.3,215.26,138,-164,386,10981,182.56,123.7,62.03,-3.17,244.23,143,-245,368,11031,182.47,136.42,63.45,-17.4,255.44,133,-246,378,11526,0.972084001,11.3
168.49,133.13,68.42,-33.06,233.2,112,-247,362,8479,168.92,136.31,71.41,-38.8,233.82,110,-239,365,8172,145.18,50.97,43.49,50.72,152.66,123,-233,295,7990,174.74,123.75,62.96,-11.97,235.53,131,-242,376,8032,188.55,161.2,78.08,-50.73,271.67,93,-198,373,7987,163.58,68.44,47.28,47.86,184.74,125,-246,296,8160,0.962377639,12.1
164.67,101.23,60.36,3.08,205.54,133,-246,366,9523,159.25,97.49,59.47,2.29,197.27,127,-247,345,9355,123.65,36.38,41.49,45.78,118.54,114,-236,279,8823,165.79,111.43,56.56,-2.2,220.66,142,-208,388,9243,193.53,148.44,70.91,-25.82,271.06,75,-215,384,9189,160.12,67.57,43.73,48.82,183.96,128,-249,333,8767,0.920613252,13.55
176.26,157.15,60.73,-41.62,272.68,92,-247,397,10473,144.07,53.5,48.45,42.12,149.12,153,-242,354,10127,157.19,61.85,45.57,49.77,173.47,151,-245,325,9534,179.37,127.13,59.82,-7.58,246.68,159,-206,384,9633,182.15,137.98,69.08,-24.91,251.05,119,-227,376,9957,155.42,82.93,49.27,23.22,189.08,134,-246,328,9852,0.940704669,12.95
194.01,147.76,54.07,-7.82,287.7,132,-219,412,14267,176.78,91.11,57,28.67,210.89,147,-222,373,13857,188.68,87.85,48.5,52.33,228.03,147,-227,396,13495,202.99,124.78,48.7,29.51,279.07,139,-136,396,14174,197.65,98.67,50.28,48.7,246.04,131,-187,366,14399,177.21,81.23,44.18,51.8,214.26,143,-117,382,13317,0.933412771,16.75
176.93,142.65,66.37,-32.09,253.21,111,-238,375,13615,172.36,139.9,79.26,-46.8,233,92,-237,388,12864,142.25,60.68,49.51,32.06,153.42,126,-216,311,12745,180.1,130.63,64.46,-14.99,246.27,121,-226,382,12806,197.16,175,76.61,-54.45,295.55,71,-201,387,12889,168.74,120.79,60.91,-12.96,228.62,106,-246,398,13249,0.973117885,14.4
177.4,121.22,52.31,3.87,246.31,129,-231,413,15120,149.67,82.91,52.08,14.68,180.5,136,-250,366,13929,127.19,35.86,44.61,46.72,118.44,122,-246,276,14389,173.57,75.54,49.89,48.14,199.22,152,-206,373,13947,179.52,111.16,53.28,15.08,237.4,128,-188,403,14386,135.71,45.59,44.86,45.26,136.44,138,-244,313,14392,0.951851852,14.5
136.29,51.51,50.23,34.55,137.57,144,-241,322,10564,137.51,58.96,55.77,22.78,140.7,120,-242,334,10113,97.69,29.09,41.79,26.81,84.99,87,-244,260,9828,147.93,43.55,42.57,61.81,148.91,160,-238,293,9786,152.72,46.27,42.97,63.48,156.02,151,-199,288,10326,102.03,27.24,39.37,35.42,89.9,115,-249,259,9718,0.919916698,14.95
148.6,77.31,53.9,17.39,172.01,143,-252,410,10817,173.76,96.44,53.71,23.61,216.49,140,-232,372,10384,130.76,35.83,47.7,47.23,118.89,124,-250,292,10141,175.1,84.81,45.01,45.28,214.9,152,-233,371,10595,182.48,84.82,47.67,49.99,219.63,140,-100,359,10499,140.26,47.01,42.36,50.89,144.91,150,-181,403,10194,0.942405473,13.7
179.81,127.56,63.25,-11,244.12,117,-239,392,10030,177.2,126.52,64.93,-14.25,238.79,112,-249,405,9756,141.85,48.95,46.52,46.38,144.28,106,-172,352,9273,192.58,121.06,65.94,5.58,247.7,118,-183,376,9615,206.08,183.17,77.85,-54.94,311.4,70,-170,391,9476,178.05,92.59,53.58,31.88,217.06,138,-175,396,9634,0.960518445,12.3
156.36,79.56,59.95,16.85,175.97,117,-243,371,10974,173.46,154.62,74.99,-56.15,253.09,77,-246,369,10495,173.22,85.9,57.72,29.6,201.4,114,-159,346,9837,165.58,87.62,58,19.96,195.2,105,-224,333,10187,173.59,103.45,62.94,7.2,214.1,122,-249,352,10008,181.19,127.28,64.39,-10.48,244.08,125,-207,400,10111,0.921359577,13.8
188.9,157.69,68.23,-37.02,278.36,119,-245,387,9949,134.62,50.77,48.47,35.38,136.92,129,-249,358,9852,119.67,35.86,39.17,44.64,116.36,131,-226,273,9343,156.76,77.27,48.47,31.02,185.56,123,-245,408,9385,183.18,103.62,48.22,31.34,238.58,131,-248,372,9461,143.74,51.08,43.87,48.79,150.95,133,-249,356,9661,0.971052367,11.6
