,1rd_red, 1rd_r, 1rd_rg, 1rd_most_red, 1rd_least_red, 1rd_most_yellow, 1rd_size, 2nd_red, 2rd_r, 2rd_rg, 2rd_most_red, 2rd_least_red, 2rd_most_yellow, 2nd_size, 3rd_red, 3rd_r, 3rd_rg, 3rd_most_red, 3rd_least_red, 3rd_most_yellow, 3rd_size, 4th_red, 4rd_r, 4rd_rg, 4rd_most_red, 4rd_least_red, 4rd_most_yellow, 4th_size, 5th_red, 5rd_r, 5rd_rg, 5rd_most_red, 5rd_least_red, 5rd_most_yellow, 5th_size, 6th_red, 6rd_r, 6rd_rg, 6rd_most_red, 6rd_least_red, 6rd_most_yellow, 6th_size, height/area
0,179.65,48.22,224.6,158.0,-209.0,370.0,10981,141.68,63.15,128.75,155.0,-240.0,335.0,10157,149.8,81.87,135.43,167.0,-248.0,301.0,10081,168.14,82.22,154.7,172.0,-162.0,277.0,10328,173.14,74.95,196.93,163.0,-140.0,376.0,10264,153.59,73.13,155.59,160.0,-206.0,329.0,10156,0.92487023039796
1,175.5,-9.96,227.14,145.0,-230.0,386.0,11926,119.29,30.07,106.09,136.0,-232.0,327.0,11787,117.79,45.55,105.21,128.0,-231.0,252.0,11222,129.69,41.82,116.34,117.0,-237.0,275.0,11350,174.57,36.38,196.02,155.0,-183.0,338.0,10948,148.2,46.09,156.11,152.0,-180.0,377.0,11417,0.9573201408686902
2,176.79,21.82,223.68,129.0,-127.0,380.0,12153,136.82,47.71,126.01,140.0,-244.0,333.0,11564,111.15,44.27,92.53,124.0,-121.0,253.0,12272,126.25,45.25,114.35,152.0,-203.0,315.0,11456,179.41,66.04,210.1,156.0,-167.0,386.0,12173,160.67,59.25,177.91,140.0,-138.0,340.0,11697,0.9624784003949642
3,185.79,-56.87,281.75,107.0,-237.0,384.0,15137,155.54,25.69,157.65,172.0,-245.0,333.0,15027,176.64,46.64,194.22,168.0,-238.0,362.0,14726,169.77,35.39,195.73,173.0,-197.0,402.0,14344,180.11,-4.2,239.52,141.0,-228.0,391.0,14778,168.33,39.37,198.21,164.0,-234.0,363.0,14829,0.9796525071018036
4,153.74,1.64,182.3,134.0,-228.0,402.0,13290,165.26,-23.26,201.44,131.0,-230.0,395.0,12905,123.48,35.7,112.26,146.0,-232.0,264.0,12509,177.73,-5.88,232.74,163.0,-163.0,383.0,13034,175.83,-22.44,235.48,117.0,-198.0,387.0,13274,128.7,29.82,116.88,145.0,-208.0,340.0,12925,0.972535741158766
5,167.94,-49.7,243.08,142.0,-235.0,381.0,10603,171.73,-38.61,230.83,91.0,-226.0,362.0,10390,149.39,64.76,152.54,161.0,-152.0,327.0,10369,167.48,-53.49,239.89,119.0,-185.0,371.0,10414,175.59,-76.05,263.13,38.0,-180.0,381.0,10669,169.47,8.21,210.35,135.0,-195.0,379.0,10235,0.96529284164859
6,179.79,-7.34,245.7,169.0,-203.0,418.0,12882,184.88,-22.25,245.63,118.0,-227.0,385.0,12319,178.26,62.47,173.45,181.0,-239.0,364.0,12430,191.76,18.97,234.65,183.0,-225.0,360.0,12439,197.03,14.54,247.28,132.0,-181.0,347.0,12677,186.68,43.72,223.82,151.0,-131.0,351.0,12693,0.9853283651606892
7,171.89,-49.89,254.51,106.0,-236.0,388.0,12443,167.03,23.1,190.12,176.0,-163.0,363.0,11456,159.3,61.34,159.52,162.0,-228.0,281.0,10871,158.35,21.11,186.23,164.0,-228.0,397.0,11701,179.34,-36.95,263.09,135.0,-203.0,385.0,10543,186.88,-53.26,263.1,117.0,-223.0,380.0,11700,0.9402877119665676
8,184.68,-38.64,264.4,129.0,-201.0,399.0,12112,179.35,-60.73,252.27,108.0,-235.0,369.0,11366,185.81,53.42,204.08,172.0,-234.0,345.0,11696,200.7,-12.73,257.87,159.0,-238.0,365.0,11833,204.47,-65.11,289.25,95.0,-242.0,387.0,11336,203.47,-41.36,274.14,61.0,-224.0,382.0,11795,0.9738276089828268
9,174.21,-7.62,219.94,121.0,-229.0,392.0,11169,126.6,39.38,119.08,151.0,-246.0,302.0,10839,138.16,51.63,128.33,154.0,-170.0,339.0,10951,159.4,33.59,170.59,152.0,-234.0,356.0,10481,167.1,20.21,203.07,153.0,-168.0,382.0,10605,144.53,42.96,147.1,147.0,-160.0,367.0,10733,0.9609633807861044
10,184.23,-79.28,281.56,56.0,-243.0,368.0,10240,163.6,19.04,190.88,158.0,-251.0,353.0,10441,179.93,17.02,223.04,147.0,-206.0,388.0,10320,186.36,-65.38,255.46,137.0,-246.0,343.0,10308,186.32,-62.4,268.24,86.0,-246.0,367.0,10157,182.35,-24.41,241.05,127.0,-218.0,358.0,10216,0.99765625
11,184.44,-5.59,242.97,138.0,-222.0,393.0,12940,174.81,-19.7,234.4,144.0,-243.0,385.0,12645,157.58,67.14,151.38,162.0,-240.0,309.0,12920,186.15,23.07,228.13,164.0,-156.0,355.0,12843,189.61,-7.25,258.05,115.0,-220.0,394.0,12642,185.05,33.09,225.13,120.0,-150.0,345.0,12817,0.9904945904173108
12,180.74,-60.66,278.58,65.0,-203.0,396.0,11712,180.08,-66.0,240.3,76.0,-235.0,355.0,11148,193.83,-16.98,241.84,144.0,-204.0,374.0,10891,180.64,-79.89,261.91,105.0,-229.0,370.0,11004,194.93,-53.09,269.47,42.0,-190.0,388.0,11321,185.54,-45.06,256.22,93.0,-240.0,380.0,11391,0.972592213114754
13,177.24,-14.73,232.65,156.0,-244.0,372.0,10098,147.19,4.8,173.6,149.0,-239.0,376.0,10553,133.69,49.68,130.7,150.0,-226.0,282.0,10379,166.21,35.46,195.9,151.0,-207.0,378.0,9983,177.71,-32.8,248.04,129.0,-235.0,366.0,10039,175.43,-7.22,236.68,122.0,-233.0,392.0,9887,0.9791047732224204
14,185.22,29.72,214.02,162.0,-185.0,376.0,12534,181.62,-57.46,265.78,94.0,-210.0,380.0,11805,174.59,56.1,175.88,154.0,-123.0,375.0,11874,183.29,26.25,224.33,175.0,-190.0,381.0,12325,199.63,-3.33,269.21,134.0,-187.0,370.0,12185,191.74,-25.84,258.3,97.0,-203.0,366.0,12439,0.9924206159246848
15,172.43,-27.32,246.56,119.0,-230.0,395.0,7671,98.14,25.85,93.29,101.0,-195.0,298.0,7854,123.25,48.87,115.35,135.0,-241.0,299.0,7387,119.88,43.36,123.38,150.0,-241.0,299.0,7148,139.46,25.65,164.69,120.0,-212.0,373.0,7295,134.12,38.19,139.99,131.0,-242.0,346.0,7292,0.950593143006127
16,173.0,-28.28,229.3,144.0,-241.0,370.0,12871,166.55,-33.79,228.35,124.0,-242.0,375.0,11992,170.41,45.9,188.18,150.0,-175.0,305.0,12136,172.83,26.38,202.86,142.0,-166.0,367.0,12048,177.22,15.37,212.73,137.0,-220.0,367.0,12038,180.96,-52.94,256.94,100.0,-194.0,376.0,12463,0.9683008313262372
17,182.69,-56.45,272.93,123.0,-246.0,388.0,15506,177.33,5.97,224.21,139.0,-246.0,378.0,14906,152.25,53.51,141.65,167.0,-246.0,280.0,15387,166.8,27.58,196.98,172.0,-242.0,379.0,15682,185.12,13.88,244.1,152.0,-234.0,433.0,15402,193.7,-35.91,271.11,118.0,-207.0,396.0,15633,1.0081903779182253
18,175.81,-20.37,239.95,143.0,-243.0,383.0,10375,159.07,20.7,175.58,151.0,-247.0,334.0,10465,143.45,68.0,133.56,175.0,-240.0,253.0,9989,164.94,21.22,195.98,155.0,-227.0,358.0,10194,189.94,-52.48,268.22,94.0,-225.0,362.0,9845,182.21,-19.11,246.83,117.0,-201.0,377.0,10037,0.967421686746988
19,176.82,-43.63,240.91,130.0,-217.0,369.0,11105,163.38,4.12,205.6,134.0,-247.0,380.0,10970,160.89,55.57,181.99,158.0,-196.0,350.0,10375,178.73,-24.66,248.84,137.0,-210.0,390.0,10609,180.84,-67.04,278.36,62.0,-206.0,402.0,10487,176.07,-43.5,248.04,97.0,-207.0,380.0,10537,0.9488518685276902
20,184.16,-52.0,257.74,103.0,-213.0,382.0,12493,167.58,19.04,174.86,160.0,-248.0,305.0,12166,150.15,56.16,152.5,174.0,-194.0,324.0,11749,172.33,8.14,202.14,170.0,-248.0,348.0,11764,185.18,-62.46,249.32,112.0,-226.0,359.0,11791,189.39,-42.41,247.77,94.0,-242.0,372.0,11851,0.9486112222844794
21,175.35,-80.84,278.22,31.0,-253.0,373.0,8821,174.36,-84.73,268.29,44.0,-244.0,366.0,8548,184.78,-39.27,254.43,73.0,-229.0,378.0,8356,187.74,-87.14,261.2,71.0,-243.0,365.0,8812,185.83,-97.48,273.08,64.0,-225.0,361.0,8686,166.82,-79.58,269.58,19.0,-204.0,373.0,8779,0.9952386350753882
22,178.16,-30.05,237.85,135.0,-243.0,375.0,10777,169.73,-74.41,252.29,37.0,-210.0,368.0,10869,178.9,-23.98,232.58,152.0,-172.0,361.0,10746,183.97,-33.72,243.72,149.0,-198.0,359.0,10566,192.47,-56.95,268.63,78.0,-168.0,380.0,10455,189.66,-62.15,267.11,82.0,-191.0,368.0,10885,1.0100213417463115
23,157.98,-3.81,202.59,131.0,-246.0,357.0,10883,160.08,-24.42,204.28,125.0,-237.0,362.0,11296,150.85,35.76,167.06,148.0,-211.0,362.0,10725,171.58,18.93,202.89,139.0,-191.0,335.0,10140,185.58,-55.86,257.88,95.0,-190.0,387.0,10440,174.53,2.28,213.9,123.0,-201.0,357.0,10439,0.9592024258017092
24,142.78,28.7,157.4,147.0,-250.0,367.0,8795,157.92,-11.21,188.19,123.0,-250.0,352.0,8975,119.91,47.58,108.12,119.0,-214.0,248.0,8594,163.18,51.5,172.16,145.0,-171.0,296.0,8453,174.87,21.49,208.09,130.0,-201.0,344.0,8283,141.66,39.65,145.87,118.0,-234.0,313.0,8316,0.945537237066515
25,164.41,-7.57,222.57,160.0,-229.0,387.0,13414,161.78,-24.03,226.67,91.0,-235.0,374.0,12779,153.73,57.55,172.05,146.0,-246.0,330.0,12887,172.07,20.66,218.12,150.0,-193.0,387.0,12871,169.19,25.28,216.48,128.0,-206.0,361.0,12812,148.14,42.81,175.39,140.0,-243.0,333.0,12656,0.943491874161324
26,174.84,4.81,214.21,134.0,-221.0,392.0,12371,150.4,16.4,159.26,135.0,-202.0,346.0,12217,114.01,34.18,97.92,98.0,-247.0,263.0,11526,167.29,55.47,171.11,145.0,-250.0,322.0,11584,176.1,22.57,215.87,140.0,-169.0,376.0,11985,125.44,42.67,113.37,146.0,-233.0,286.0,12245,0.9898148896613048
27,149.23,23.67,165.41,159.0,-249.0,348.0,14261,165.74,-33.8,223.34,111.0,-223.0,374.0,13516,155.23,55.31,159.25,174.0,-238.0,306.0,13963,160.9,42.22,177.0,151.0,-229.0,393.0,13867,154.94,68.21,150.29,171.0,-191.0,301.0,13939,162.49,27.29,189.61,134.0,-180.0,340.0,13372,0.9376621555290652
28,164.17,-31.31,226.55,125.0,-245.0,374.0,10628,158.69,15.68,187.52,149.0,-251.0,356.0,10147,154.82,55.54,173.54,145.0,-218.0,342.0,9632,180.58,15.51,222.49,136.0,-150.0,361.0,9658,186.31,-46.54,257.36,95.0,-225.0,359.0,9559,178.74,5.58,225.44,125.0,-173.0,352.0,9846,0.9264207753105006
29,152.7,1.0,191.16,130.0,-245.0,365.0,11883,155.57,-32.01,206.53,128.0,-247.0,365.0,11184,131.63,38.12,135.76,129.0,-233.0,303.0,11086,137.75,7.91,164.67,113.0,-239.0,348.0,11462,170.18,-58.82,255.9,63.0,-207.0,386.0,11104,167.58,-29.83,237.27,111.0,-190.0,386.0,11928,1.0037869224943197
30,175.93,38.23,207.11,158.0,-245.0,368.0,15876,151.73,42.26,144.34,166.0,-229.0,358.0,15077,115.65,30.44,98.12,140.0,-204.0,254.0,15768,174.34,62.04,189.64,182.0,-248.0,341.0,16160,182.08,58.35,210.19,159.0,-166.0,358.0,15745,136.4,43.75,123.07,170.0,-242.0,278.0,15939,1.003968253968254
31,173.3,-34.96,235.92,135.0,-240.0,381.0,12048,166.15,-60.05,241.31,71.0,-226.0,372.0,11176,181.18,-17.29,238.19,117.0,-243.0,369.0,11457,182.93,-66.0,274.38,80.0,-246.0,366.0,11445,178.36,-52.51,258.85,101.0,-235.0,372.0,11825,182.83,-7.99,238.27,102.0,-229.0,377.0,11770,0.976925630810093
32,174.09,-37.0,251.14,104.0,-219.0,391.0,10808,150.24,35.63,164.51,154.0,-247.0,322.0,10737,163.11,41.24,192.24,166.0,-242.0,361.0,9720,173.05,4.62,221.54,133.0,-209.0,366.0,10574,169.8,-0.81,216.03,140.0,-196.0,353.0,10084,160.08,34.2,188.16,153.0,-224.0,357.0,10198,0.943560325684678
33,169.87,-44.61,234.85,108.0,-235.0,376.0,13919,148.86,3.48,148.76,146.0,-208.0,316.0,12986,157.97,43.66,167.26,148.0,-199.0,322.0,12598,175.27,-19.44,228.8,140.0,-214.0,385.0,12748,169.43,-22.32,202.9,138.0,-236.0,376.0,13115,142.09,37.06,139.26,152.0,-204.0,303.0,13242,0.9513614483799124
34,175.34,-40.24,226.82,130.0,-243.0,370.0,11772,150.18,14.63,145.09,163.0,-208.0,317.0,11963,111.91,31.57,100.07,142.0,-247.0,312.0,11956,164.06,-2.21,187.25,147.0,-192.0,344.0,11214,185.39,-48.29,242.69,89.0,-238.0,373.0,12019,121.27,25.27,109.25,124.0,-229.0,293.0,12022,1.0212368331634387
35,200.65,-46.56,284.66,99.0,-188.0,404.0,11339,152.08,37.28,148.7,155.0,-250.0,333.0,11386,175.62,3.27,220.11,199.0,-220.0,393.0,11540,195.51,17.98,244.68,158.0,-182.0,359.0,11247,188.36,34.21,218.07,182.0,-173.0,373.0,10983,175.54,9.63,212.29,182.0,-231.0,405.0,11294,0.9960313960666726
36,178.94,8.3,225.58,150.0,-249.0,407.0,17295,172.94,30.8,188.64,153.0,-189.0,370.0,16020,142.46,42.23,126.79,148.0,-234.0,316.0,16264,194.64,25.21,234.89,167.0,-177.0,362.0,16468,192.96,11.66,257.4,135.0,-179.0,374.0,17047,157.4,61.89,157.43,181.0,-244.0,357.0,16266,0.9405030355594104
37,182.98,15.65,234.29,153.0,-221.0,376.0,7579,147.34,27.01,180.19,144.0,-220.0,342.0,7679,118.08,55.05,116.53,150.0,-211.0,328.0,8116,128.68,47.27,126.55,127.0,-227.0,338.0,7629,173.34,-24.15,240.89,122.0,-246.0,364.0,8443,173.49,61.4,198.96,149.0,-111.0,330.0,7785,1.0271803668030084
38,171.29,-25.2,262.64,141.0,-245.0,420.0,12385,176.11,-12.76,219.64,162.0,-225.0,374.0,12711,158.13,59.58,159.32,161.0,-247.0,359.0,12684,177.15,-30.01,265.01,133.0,-233.0,407.0,12085,181.88,-52.89,278.35,54.0,-216.0,409.0,12373,160.61,24.34,194.02,150.0,-154.0,401.0,12710,1.0262414210738795
39,170.36,-49.03,251.91,109.0,-204.0,380.0,8848,162.68,-49.66,227.32,106.0,-217.0,358.0,9034,151.2,48.17,168.43,141.0,-235.0,311.0,8820,186.06,-69.67,260.83,122.0,-202.0,355.0,8439,178.95,-81.18,263.62,48.0,-175.0,370.0,8831,153.77,-2.48,193.88,126.0,-191.0,359.0,9136,1.0325497287522605
40,171.03,-17.66,246.26,93.0,-224.0,397.0,9616,120.93,31.98,110.74,139.0,-240.0,355.0,9132,137.27,45.69,143.83,134.0,-240.0,303.0,8909,139.9,41.49,153.29,118.0,-229.0,366.0,9133,146.27,59.48,148.34,163.0,-202.0,293.0,8967,139.14,59.09,143.13,146.0,-225.0,310.0,9023,0.9383319467554077
41,195.74,-19.82,289.32,114.0,-211.0,396.0,14990,125.78,31.08,113.68,131.0,-253.0,361.0,14600,143.66,38.7,140.3,152.0,-197.0,328.0,14928,182.2,17.34,249.96,150.0,-112.0,415.0,14435,186.31,55.74,208.7,164.0,-181.0,391.0,14589,149.67,44.11,160.41,167.0,-217.0,364.0,14874,0.9922615076717812
42,173.96,7.98,231.8,153.0,-239.0,390.0,12283,162.31,9.21,185.77,168.0,-246.0,372.0,12178,140.41,65.97,132.05,154.0,-246.0,276.0,11673,178.22,12.02,220.9,156.0,-198.0,365.0,12224,177.12,51.96,205.34,154.0,-161.0,338.0,12157,150.21,67.97,146.77,171.0,-250.0,292.0,11864,0.965887812423675
43,132.93,41.9,137.54,149.0,-251.0,341.0,9726,167.64,8.43,213.71,143.0,-247.0,363.0,9416,140.15,79.22,141.3,157.0,-169.0,274.0,9273,163.28,62.93,184.57,159.0,-209.0,334.0,9136,164.08,57.45,190.87,154.0,-223.0,343.0,9014,141.73,80.7,146.06,182.0,-251.0,279.0,9003,0.9256631708821716
44,181.76,-12.48,252.14,146.0,-239.0,392.0,12311,180.14,-39.65,264.65,87.0,-248.0,389.0,11583,181.74,26.57,236.19,134.0,-245.0,367.0,11698,188.88,-31.86,271.38,129.0,-209.0,375.0,11515,194.32,-20.64,274.18,99.0,-231.0,387.0,11536,186.46,20.99,244.81,138.0,-216.0,355.0,11800,0.9584924051661116
45,146.92,32.81,160.75,150.0,-251.0,306.0,9772,166.5,-48.67,246.25,88.0,-239.0,374.0,9245,137.46,53.62,140.62,156.0,-236.0,295.0,8806,157.58,37.91,188.83,138.0,-249.0,336.0,9104,168.59,-8.45,224.89,100.0,-187.0,374.0,9169,160.69,41.65,177.53,144.0,-202.0,314.0,8668,0.8870241506344658
46,185.1,-60.01,284.37,58.0,-182.0,390.0,9629,137.62,25.38,154.66,127.0,-247.0,309.0,9520,143.8,18.44,182.76,144.0,-190.0,381.0,9211,175.36,20.25,214.77,154.0,-145.0,376.0,9036,182.35,-34.81,254.61,110.0,-175.0,376.0,9176,146.49,17.55,187.65,115.0,-230.0,350.0,9239,0.959497351749922
47,156.22,33.38,197.48,145.0,-250.0,381.0,9633,119.06,42.05,121.41,153.0,-245.0,319.0,9171,107.58,54.99,101.15,141.0,-247.0,262.0,8763,106.89,48.77,97.83,111.0,-250.0,258.0,8668,160.15,39.36,207.72,144.0,-243.0,380.0,9222,123.44,58.81,126.25,141.0,-249.0,318.0,9173,0.9522474826118552
48,182.35,-0.71,250.45,142.0,-231.0,399.0,11761,165.93,1.29,200.25,161.0,-239.0,385.0,11603,135.72,53.27,125.25,145.0,-158.0,265.0,11640,195.28,-3.07,257.79,164.0,-147.0,374.0,11825,196.77,-33.14,290.7,76.0,-166.0,406.0,11625,160.26,34.06,194.46,158.0,-203.0,363.0,11598,0.9861406342998044
49,165.46,14.09,211.83,144.0,-248.0,378.0,13431,171.87,-4.29,223.99,145.0,-186.0,373.0,12916,148.7,74.48,147.96,159.0,-250.0,279.0,12674,173.04,56.76,192.46,155.0,-235.0,369.0,12812,188.86,15.72,240.62,142.0,-215.0,354.0,12822,171.98,53.91,194.75,155.0,-201.0,335.0,12789,0.9522001340183158
50,172.13,23.52,225.96,132.0,-249.0,407.0,16419,148.08,36.69,153.25,148.0,-237.0,370.0,15767,107.96,16.4,95.12,127.0,-230.0,313.0,16517,160.98,52.97,168.73,141.0,-249.0,360.0,15622,192.81,47.77,247.25,160.0,-244.0,381.0,16211,147.26,40.8,157.94,166.0,-243.0,371.0,16378,0.9975028929898287
51,180.82,-65.22,282.04,47.0,-224.0,392.0,12910,167.72,-1.54,203.5,138.0,-236.0,350.0,12624,176.66,13.73,224.29,142.0,-208.0,405.0,12695,187.15,-33.46,260.1,125.0,-207.0,370.0,12694,181.05,-56.04,278.32,58.0,-186.0,378.0,12713,180.45,-2.25,235.63,135.0,-195.0,410.0,12804,0.9917893106119288
52,166.61,32.06,208.5,140.0,-233.0,383.0,13053,143.61,57.9,138.92,182.0,-250.0,300.0,12164,134.32,49.88,134.46,134.0,-209.0,342.0,12201,172.61,68.12,204.0,166.0,-245.0,370.0,12430,169.97,65.96,196.68,167.0,-222.0,363.0,12030,124.22,50.51,117.15,136.0,-249.0,336.0,12816,0.9818432544242702
53,163.1,-17.67,221.71,103.0,-248.0,407.0,13877,123.79,19.46,132.04,138.0,-248.0,313.0,13544,142.73,30.55,150.29,122.0,-202.0,328.0,13172,159.52,37.0,180.14,138.0,-252.0,326.0,12967,160.04,7.58,213.56,128.0,-198.0,409.0,13213,134.6,29.61,146.37,113.0,-194.0,313.0,12655,0.911940621171723
54,163.86,-43.74,237.74,94.0,-226.0,386.0,12985,168.47,-51.08,255.62,82.0,-244.0,374.0,12440,157.6,6.14,204.28,130.0,-240.0,342.0,11863,168.65,-29.0,234.3,97.0,-236.0,395.0,12599,176.22,-41.98,255.26,84.0,-248.0,368.0,12214,172.04,10.63,215.67,130.0,-221.0,381.0,12810,0.9865229110512128
55,176.87,-47.77,266.17,122.0,-243.0,379.0,11090,181.61,-60.64,257.32,68.0,-247.0,354.0,10984,185.33,19.77,229.89,112.0,-181.0,369.0,10613,190.1,-58.64,275.9,79.0,-220.0,380.0,10375,182.81,-69.08,285.76,31.0,-203.0,380.0,10652,190.89,-49.74,272.92,44.0,-230.0,373.0,10766,0.9707844905320108
56,180.24,-66.02,266.22,80.0,-237.0,364.0,9846,162.46,-23.24,212.26,137.0,-242.0,363.0,9606,151.36,40.55,166.21,133.0,-236.0,315.0,9372,182.88,-31.32,249.22,111.0,-229.0,369.0,9181,184.14,-73.22,286.1,46.0,-182.0,372.0,9241,162.91,1.27,208.73,125.0,-246.0,384.0,9183,0.9326630103595368
57,177.32,-24.18,253.7,139.0,-194.0,390.0,17288,188.37,-40.61,264.89,123.0,-201.0,380.0,16480,187.79,25.27,231.55,150.0,-212.0,381.0,17424,191.29,-32.86,275.26,115.0,-222.0,393.0,17113,190.74,-48.86,279.84,60.0,-215.0,385.0,16268,182.35,-1.9,248.74,125.0,-240.0,412.0,16585,0.9593359555761222
58,171.87,-53.37,269.89,80.0,-246.0,374.0,11475,171.01,-42.34,243.06,116.0,-236.0,365.0,11105,160.56,51.65,187.69,139.0,-244.0,327.0,10894,180.0,-20.06,249.46,141.0,-233.0,387.0,11215,182.83,-78.88,287.96,37.0,-194.0,368.0,10656,168.84,13.98,221.66,125.0,-246.0,393.0,10985,0.9572984749455338
59,176.92,-37.17,281.85,103.0,-232.0,408.0,9868,168.44,2.08,215.86,147.0,-246.0,356.0,10070,162.38,44.51,185.67,136.0,-153.0,396.0,9548,171.81,-10.05,248.29,144.0,-187.0,413.0,9550,186.87,-41.64,289.96,66.0,-200.0,401.0,9184,177.33,-10.31,256.23,113.0,-243.0,428.0,9925,1.005776246453182
60,184.75,-53.37,272.71,108.0,-221.0,381.0,9334,153.57,9.77,183.07,140.0,-243.0,343.0,9592,154.35,31.61,160.57,149.0,-220.0,382.0,9398,147.74,31.31,171.75,133.0,-212.0,407.0,9067,181.65,8.47,240.15,124.0,-177.0,386.0,9587,186.25,0.21,235.77,145.0,-215.0,380.0,9677,1.0367473751874865
61,178.04,-59.78,264.96,92.0,-235.0,385.0,12360,163.48,-47.09,227.47,72.0,-241.0,358.0,11889,173.79,3.86,219.94,110.0,-246.0,347.0,12019,179.02,-37.56,249.26,82.0,-200.0,371.0,11961,174.0,-43.51,251.07,62.0,-242.0,387.0,12304,169.82,-33.64,238.94,90.0,-223.0,381.0,12353,0.9994336569579289
62,168.71,-21.67,235.45,105.0,-246.0,368.0,11900,160.62,-38.4,244.28,82.0,-239.0,378.0,11702,163.72,23.27,203.43,126.0,-247.0,328.0,10940,164.09,-20.1,244.34,96.0,-243.0,394.0,10980,175.13,-37.6,273.96,93.0,-240.0,396.0,11801,172.63,-30.63,252.53,82.0,-215.0,402.0,11817,0.9930252100840335
63,177.48,-49.98,271.66,88.0,-212.0,393.0,9333,159.11,-11.11,204.33,102.0,-246.0,351.0,9414,156.98,31.04,184.96,124.0,-245.0,308.0,9023,173.46,-21.02,248.12,99.0,-188.0,402.0,8803,187.69,-46.21,282.67,57.0,-243.0,392.0,9273,182.91,-35.01,251.25,86.0,-208.0,373.0,8818,0.94481945783778
64,181.87,-72.72,287.96,62.0,-217.0,371.0,11353,159.62,-5.12,200.96,137.0,-233.0,370.0,11158,156.52,37.64,180.2,144.0,-185.0,403.0,10976,185.53,-54.67,272.59,113.0,-178.0,371.0,11338,178.83,-53.91,262.47,76.0,-204.0,378.0,11586,153.82,13.65,191.45,127.0,-246.0,390.0,10773,0.9489121818021669
65,180.58,-67.08,273.38,103.0,-221.0,378.0,9731,155.03,-9.37,207.39,139.0,-248.0,356.0,9379,149.43,54.05,157.35,150.0,-249.0,376.0,9339,186.02,-53.56,270.26,91.0,-226.0,375.0,9234,186.97,-55.12,274.04,79.0,-214.0,380.0,9287,159.39,35.4,184.84,154.0,-207.0,373.0,9066,0.9316616997225362
66,174.64,-17.26,255.36,153.0,-228.0,404.0,16967,172.43,9.98,218.28,165.0,-242.0,387.0,15763,141.68,36.14,134.42,148.0,-207.0,417.0,16059,172.53,48.59,187.21,145.0,-251.0,336.0,16077,197.77,17.87,271.13,131.0,-213.0,371.0,16525,176.74,51.52,204.32,186.0,-242.0,402.0,16130,0.9506689456002828
67,188.98,-30.29,288.27,115.0,-246.0,404.0,11448,172.72,17.56,226.76,155.0,-249.0,386.0,11173,188.23,18.18,257.22,138.0,-199.0,376.0,11040,181.7,20.07,256.07,127.0,-245.0,403.0,11069,191.68,-8.24,274.6,136.0,-229.0,395.0,10779,192.84,11.82,262.88,119.0,-240.0,366.0,11179,0.9765024458420684
68,176.59,-71.43,260.95,89.0,-224.0,366.0,11972,174.42,-71.6,253.38,49.0,-246.0,349.0,11603,179.32,-45.57,247.99,120.0,-202.0,379.0,11461,183.54,-67.66,265.56,65.0,-210.0,365.0,11206,179.86,-72.04,267.58,47.0,-196.0,366.0,11469,183.04,-69.48,259.32,53.0,-203.0,362.0,11246,0.9393585031740728
69,161.48,-32.14,222.34,98.0,-242.0,361.0,5960,144.43,1.69,171.89,121.0,-230.0,326.0,5885,128.37,50.7,131.08,120.0,-179.0,281.0,5783,163.58,-32.31,230.73,112.0,-208.0,365.0,5776,166.29,-62.62,261.06,42.0,-244.0,369.0,5528,142.87,26.37,170.39,111.0,-246.0,324.0,5844,0.980536912751678
70,165.69,-65.67,244.71,108.0,-223.0,353.0,7591,162.47,-63.06,240.52,87.0,-246.0,367.0,7408,159.46,10.24,192.44,109.0,-187.0,323.0,7269,166.66,-76.5,252.04,75.0,-209.0,355.0,7030,177.54,-96.64,265.9,23.0,-246.0,349.0,7092,169.18,-54.54,239.16,86.0,-199.0,352.0,7454,0.98195231194836
71,160.25,-25.83,220.15,139.0,-250.0,350.0,9645,159.55,-48.46,242.34,107.0,-250.0,355.0,9107,150.27,24.77,191.53,135.0,-246.0,375.0,8774,163.26,-34.88,239.9,118.0,-248.0,361.0,9270,175.8,-69.22,281.38,34.0,-241.0,367.0,8951,163.61,-18.17,230.49,114.0,-235.0,369.0,9262,0.9602903058579576
72,145.76,37.86,157.44,146.0,-246.0,335.0,8926,126.3,25.98,134.86,115.0,-243.0,313.0,8542,110.39,48.3,100.9,134.0,-185.0,246.0,8054,140.74,61.75,136.63,157.0,-179.0,309.0,8566,164.75,39.3,205.86,146.0,-250.0,351.0,8487,119.13,46.3,115.74,123.0,-225.0,336.0,8455,0.9472328030472776
73,148.75,18.04,175.06,137.0,-187.0,399.0,12012,152.25,-8.87,189.57,143.0,-236.0,360.0,11950,134.63,38.74,135.94,147.0,-251.0,352.0,11940,174.43,5.67,227.79,146.0,-252.0,389.0,11725,180.7,-43.58,263.38,53.0,-224.0,405.0,11790,160.18,9.68,193.0,116.0,-186.0,353.0,11212,0.9333999333999334
74,122.42,26.5,119.38,132.0,-249.0,311.0,10441,145.27,23.25,162.87,152.0,-175.0,363.0,9958,124.14,51.3,110.02,118.0,-147.0,276.0,9931,142.35,57.59,137.03,137.0,-126.0,316.0,10400,146.55,67.08,153.84,161.0,-186.0,336.0,10433,137.02,65.7,125.7,145.0,-235.0,311.0,10401,0.996168949334355
75,175.99,-61.62,271.4,98.0,-250.0,374.0,9825,168.83,-41.16,239.36,84.0,-238.0,376.0,9338,178.81,-30.19,253.63,83.0,-246.0,375.0,9536,178.44,-64.19,277.29,85.0,-208.0,367.0,9200,177.61,-70.48,284.32,26.0,-187.0,381.0,9478,181.95,-47.01,257.87,60.0,-233.0,376.0,9566,0.9736386768447836
76,174.99,-37.65,261.29,99.0,-243.0,395.0,14465,174.38,-48.02,260.74,98.0,-219.0,393.0,14104,178.73,27.51,232.39,151.0,-247.0,376.0,13724,186.54,9.76,252.56,136.0,-224.0,385.0,13515,187.17,-43.4,272.74,72.0,-221.0,378.0,13836,187.8,19.03,236.37,142.0,-189.0,399.0,14275,0.9868648461804356
77,178.92,-69.65,278.95,68.0,-248.0,372.0,10101,177.15,-50.8,251.72,110.0,-234.0,361.0,10300,191.35,-14.69,254.37,137.0,-199.0,355.0,10152,183.22,-77.25,284.77,77.0,-248.0,365.0,9912,179.29,-28.23,257.21,121.0,-228.0,375.0,9683,174.4,-34.42,247.3,107.0,-226.0,375.0,9632,0.9535689535689535
78,174.27,-63.34,268.38,113.0,-214.0,367.0,11547,169.3,-63.28,254.6,57.0,-220.0,360.0,11074,181.39,7.1,241.22,145.0,-202.0,370.0,10725,173.94,-55.37,269.73,65.0,-219.0,376.0,10515,179.41,-76.46,283.56,16.0,-247.0,366.0,10634,176.39,-58.62,269.52,85.0,-250.0,390.0,10561,0.91460985537369
79,179.39,-80.71,286.17,22.0,-206.0,388.0,8266,168.7,-18.5,231.0,124.0,-249.0,374.0,7986,180.77,-26.29,252.05,129.0,-249.0,365.0,8245,174.49,-71.37,277.93,72.0,-246.0,378.0,7809,172.36,-64.2,274.98,36.0,-214.0,373.0,7782,171.67,-47.6,252.24,97.0,-203.0,370.0,7691,0.9304379385434308
80,151.22,-1.05,199.53,131.0,-246.0,362.0,7587,159.21,-50.01,239.33,70.0,-245.0,362.0,7330,139.93,31.76,160.62,128.0,-196.0,317.0,7442,156.71,-31.64,235.84,77.0,-247.0,371.0,7078,170.24,-60.9,278.42,54.0,-242.0,375.0,7155,157.66,-6.36,219.08,123.0,-245.0,382.0,6914,0.911295637274285
81,170.59,-15.31,234.49,128.0,-248.0,373.0,8804,167.69,-19.57,224.81,137.0,-235.0,373.0,8683,141.88,57.75,148.73,145.0,-241.0,298.0,8183,170.86,5.74,226.18,160.0,-253.0,386.0,8220,188.07,-60.75,281.99,62.0,-215.0,378.0,8123,173.23,1.33,230.35,126.0,-170.0,391.0,8446,0.9593366651522036
82,176.88,-66.89,275.91,105.0,-247.0,374.0,9609,159.95,-17.64,210.92,138.0,-246.0,362.0,9512,146.36,42.84,169.58,148.0,-250.0,286.0,9329,174.73,-64.3,277.94,78.0,-246.0,374.0,9477,172.55,-39.87,255.59,106.0,-246.0,377.0,9329,149.13,39.65,174.41,152.0,-244.0,357.0,9428,0.9811634925590592
83,165.7,-61.42,259.62,70.0,-239.0,377.0,6619,164.41,-70.79,246.23,72.0,-248.0,361.0,6490,150.49,-25.69,221.31,65.0,-239.0,397.0,6209,180.24,-65.39,267.53,89.0,-210.0,374.0,6285,170.11,-77.4,269.22,40.0,-213.0,368.0,6258,155.92,-55.7,249.78,61.0,-247.0,367.0,6288,0.94999244598882
84,177.7,-56.59,273.91,85.0,-239.0,372.0,10337,164.19,-9.21,220.37,121.0,-246.0,361.0,10074,166.79,3.44,223.28,129.0,-235.0,378.0,9705,172.78,5.6,235.5,141.0,-247.0,375.0,10007,182.31,-56.42,280.56,78.0,-198.0,387.0,9757,177.11,-40.56,257.82,96.0,-232.0,380.0,10267,0.9932282093450712
85,171.14,-58.2,268.54,61.0,-217.0,385.0,11208,160.77,-52.32,247.9,104.0,-248.0,365.0,10681,165.08,0.83,227.71,136.0,-248.0,390.0,10582,173.07,-42.37,261.05,76.0,-247.0,384.0,10502,176.34,-75.05,290.59,16.0,-174.0,377.0,10331,174.18,-38.88,253.3,105.0,-213.0,375.0,10842,0.9673447537473232
86,162.33,-65.73,258.79,38.0,-247.0,368.0,9011,154.89,-44.28,234.94,83.0,-246.0,376.0,8795,165.42,-1.88,221.1,114.0,-201.0,342.0,8695,164.7,-50.29,254.49,67.0,-214.0,369.0,8301,166.12,-68.33,269.99,23.0,-245.0,365.0,8276,165.55,-40.28,243.44,91.0,-234.0,376.0,8623,0.9569415159249806
87,174.9,-46.46,261.28,103.0,-235.0,384.0,9117,169.6,-43.94,247.34,111.0,-220.0,372.0,9266,167.68,18.14,212.42,147.0,-192.0,378.0,9075,175.83,-58.83,275.29,104.0,-243.0,376.0,8522,180.06,-51.4,272.36,107.0,-247.0,380.0,9390,179.9,-16.21,242.61,115.0,-246.0,368.0,8955,0.9822309970384996
88,171.3,-89.51,269.57,29.0,-211.0,360.0,6965,162.33,-72.48,254.26,57.0,-247.0,349.0,6864,169.31,-44.84,244.72,67.0,-244.0,368.0,6894,169.42,-80.11,272.77,53.0,-216.0,361.0,6771,170.61,-77.14,266.38,21.0,-244.0,365.0,6483,174.84,-73.37,264.57,57.0,-242.0,364.0,6647,0.954343144292893
89,165.15,-47.35,245.37,86.0,-235.0,371.0,10742,168.97,-13.86,221.28,124.0,-247.0,363.0,9971,173.46,14.46,220.16,136.0,-250.0,345.0,10039,184.95,-20.25,250.05,116.0,-236.0,374.0,10230,177.83,-52.66,266.7,94.0,-250.0,366.0,10274,166.66,-0.48,225.0,152.0,-243.0,387.0,10119,0.9420033513312231
90,164.78,26.04,192.8,150.0,-242.0,372.0,13482,174.49,10.83,226.25,126.0,-243.0,365.0,12758,153.93,59.66,161.22,149.0,-175.0,359.0,13072,167.97,68.29,185.45,155.0,-192.0,331.0,12414,192.36,24.35,249.29,132.0,-245.0,349.0,12940,161.86,71.72,161.98,177.0,-236.0,332.0,12958,0.9611333630025218
91,154.73,-54.16,239.16,40.0,-249.0,374.0,6481,141.83,-1.48,176.88,103.0,-250.0,321.0,6471,136.82,5.53,184.35,118.0,-194.0,358.0,6134,148.53,-20.56,219.58,87.0,-245.0,404.0,6276,164.47,-52.99,263.69,62.0,-223.0,377.0,6061,152.33,-14.29,215.89,91.0,-204.0,368.0,6456,0.9961425705909582
92,180.76,-56.24,263.68,135.0,-246.0,369.0,9558,165.96,-31.28,225.5,133.0,-246.0,362.0,9360,144.22,72.15,151.29,163.0,-244.0,251.0,9018,174.53,-36.5,242.66,108.0,-245.0,354.0,9568,191.37,-79.9,283.36,50.0,-250.0,362.0,9148,169.4,-3.05,224.59,165.0,-242.0,370.0,9340,0.9771918811466834
93,177.23,-29.33,256.41,106.0,-249.0,385.0,10875,164.53,1.08,203.82,168.0,-243.0,376.0,10578,149.58,62.57,153.17,156.0,-199.0,310.0,10437,188.97,-11.61,250.99,150.0,-201.0,385.0,10510,188.15,-44.98,270.52,110.0,-246.0,378.0,10686,156.22,46.41,164.49,150.0,-223.0,312.0,10485,0.9641379310344828
94,167.76,-29.72,225.42,110.0,-242.0,367.0,8699,145.28,15.01,178.39,157.0,-220.0,358.0,8513,130.67,44.29,140.03,118.0,-207.0,286.0,8159,172.24,-3.22,220.16,121.0,-196.0,351.0,7991,180.41,-30.05,243.85,105.0,-220.0,351.0,8152,137.45,54.78,150.6,160.0,-183.0,346.0,8035,0.923669387285895
95,166.62,-45.04,247.32,86.0,-214.0,376.0,9437,150.24,17.34,178.82,148.0,-247.0,318.0,9154,157.32,27.82,194.22,137.0,-197.0,367.0,8743,164.71,-33.98,250.62,100.0,-246.0,395.0,9237,162.46,-55.01,253.49,65.0,-251.0,376.0,8772,162.17,-6.21,222.91,126.0,-232.0,408.0,9535,1.0103846561407226
96,184.62,-30.52,260.84,95.0,-224.0,375.0,14192,172.87,-11.49,229.35,149.0,-250.0,356.0,13266,147.69,56.16,155.72,154.0,-171.0,399.0,13956,188.5,12.21,238.49,138.0,-246.0,358.0,13688,196.55,-37.9,275.32,82.0,-243.0,369.0,13653,173.18,26.55,212.41,152.0,-193.0,361.0,14121,0.9949971815107104
97,170.59,1.96,236.24,150.0,-252.0,386.0,7742,141.17,44.48,160.02,159.0,-251.0,323.0,7811,123.8,72.22,110.8,157.0,-224.0,255.0,7166,172.32,-1.29,239.05,153.0,-250.0,381.0,7232,185.34,-5.05,272.55,128.0,-248.0,400.0,6982,129.88,73.18,123.56,151.0,-243.0,311.0,7445,0.961637819684836
98,177.85,-54.29,285.77,86.0,-250.0,388.0,9169,165.98,-53.78,251.52,107.0,-248.0,370.0,9007,178.83,42.74,214.1,167.0,-248.0,367.0,9533,176.72,-64.37,273.49,117.0,-246.0,367.0,8947,178.76,-79.57,275.21,66.0,-235.0,386.0,9217,175.21,23.82,221.32,151.0,-250.0,377.0,9193,1.0026175155414985
99,184.51,20.14,225.3,113.0,-246.0,390.0,14863,172.17,28.06,176.24,115.0,-249.0,335.0,13998,143.67,24.03,128.23,120.0,-253.0,276.0,14600,144.78,30.71,139.61,118.0,-252.0,330.0,14765,197.95,31.25,239.77,127.0,-205.0,405.0,14570,183.75,49.43,200.51,127.0,-252.0,360.0,14753,0.9925990715198816
100,167.17,-34.49,225.45,105.0,-215.0,365.0,8361,139.25,13.45,143.29,125.0,-254.0,340.0,8321,132.69,17.79,143.39,87.0,-251.0,315.0,8020,172.26,5.2,209.98,118.0,-255.0,356.0,7988,181.95,-26.29,235.85,85.0,-251.0,358.0,8281,155.47,15.42,177.84,110.0,-214.0,364.0,8038,0.9613682573854802
101,179.36,-16.46,227.9,110.0,-255.0,352.0,8515,178.16,0.43,217.57,132.0,-215.0,357.0,8424,141.04,39.1,139.98,123.0,-255.0,348.0,8345,174.3,34.69,201.63,131.0,-251.0,341.0,8159,202.64,-58.24,272.3,92.0,-251.0,360.0,8260,182.44,-4.37,224.55,106.0,-252.0,357.0,8445,0.991779213153259
102,165.73,-4.97,198.63,116.0,-252.0,379.0,8938,170.75,-34.76,206.74,104.0,-248.0,345.0,8549,145.07,33.37,145.25,118.0,-217.0,272.0,8497,154.36,19.13,173.01,108.0,-253.0,346.0,8660,188.48,-25.58,238.84,95.0,-253.0,341.0,8323,176.36,15.29,205.27,109.0,-256.0,343.0,9011,1.0081673752517342
103,171.08,-4.19,202.71,80.0,-255.0,356.0,9426,155.75,22.85,160.97,128.0,-258.0,322.0,9260,158.06,39.13,159.25,125.0,-252.0,299.0,9050,182.46,-10.92,226.92,108.0,-255.0,350.0,9047,173.07,-4.51,209.93,78.0,-179.0,360.0,8945,151.72,33.56,155.6,110.0,-238.0,314.0,8938,0.9482283046891576
104,170.61,-12.41,207.21,119.0,-255.0,355.0,13004,178.32,-61.17,253.13,78.0,-251.0,368.0,12595,163.88,35.64,168.18,119.0,-255.0,264.0,12814,176.56,29.32,183.38,123.0,-255.0,298.0,12755,184.1,2.57,216.31,127.0,-254.0,373.0,12534,184.12,-33.17,246.93,116.0,-254.0,380.0,12913,0.9930021531836358
105,170.01,-17.16,227.02,91.0,-198.0,387.0,9800,183.34,-4.61,235.37,118.0,-252.0,356.0,9733,164.18,33.75,168.65,123.0,-251.0,292.0,9212,184.38,-10.86,245.56,111.0,-251.0,384.0,9201,184.51,11.48,229.08,104.0,-140.0,378.0,9015,166.21,29.22,188.78,116.0,-251.0,361.0,9040,0.9224489795918368
106,173.04,-43.34,244.2,86.0,-234.0,371.0,8246,170.47,-13.63,218.31,118.0,-251.0,353.0,8125,150.83,40.01,162.31,132.0,-255.0,295.0,7880,187.7,-31.59,262.51,123.0,-255.0,377.0,8062,196.52,-84.43,300.47,20.0,-256.0,386.0,7964,163.29,-29.66,228.52,89.0,-177.0,384.0,7890,0.95682755275285
107,189.94,-72.05,268.95,53.0,-241.0,368.0,10047,178.4,-40.09,237.21,95.0,-252.0,354.0,9836,178.54,20.45,215.69,128.0,-256.0,395.0,9623,188.39,-51.55,266.13,99.0,-242.0,369.0,9771,195.3,-70.88,280.04,49.0,-255.0,366.0,10010,194.62,-68.37,272.11,81.0,-255.0,372.0,9676,0.9630735542948144
108,183.47,-40.88,248.86,86.0,-228.0,370.0,12401,157.61,33.85,156.95,136.0,-260.0,331.0,12122,169.39,31.84,177.14,121.0,-255.0,308.0,11826,185.95,4.32,219.7,123.0,-235.0,352.0,11284,189.79,-44.68,257.18,74.0,-240.0,388.0,11446,173.67,8.36,208.8,133.0,-254.0,362.0,11831,0.9540359648415452
109,166.52,-56.58,240.42,67.0,-251.0,366.0,10305,159.17,-25.57,193.61,94.0,-252.0,359.0,9966,133.68,9.33,140.29,81.0,-194.0,286.0,9808,149.73,-14.77,192.97,70.0,-251.0,372.0,9637,178.82,-83.63,258.25,47.0,-242.0,358.0,9837,190.23,-99.07,269.55,29.0,-251.0,371.0,9835,0.9543910722950024
110,172.07,15.45,203.77,118.0,-241.0,354.0,7983,119.92,10.5,125.86,100.0,-239.0,310.0,7925,123.44,37.06,109.78,120.0,-138.0,239.0,7445,141.11,27.58,141.82,112.0,-255.0,285.0,7725,164.07,0.81,207.19,84.0,-251.0,365.0,7556,155.61,36.99,168.45,109.0,-246.0,331.0,7607,0.9528999123136666
111,157.44,11.4,181.96,126.0,-251.0,313.0,5720,161.9,-42.65,235.25,78.0,-250.0,386.0,5664,148.96,38.6,150.14,97.0,-249.0,318.0,5802,159.26,30.77,175.03,105.0,-251.0,333.0,5355,170.72,-16.71,224.39,105.0,-199.0,384.0,5815,169.44,9.4,207.68,85.0,-237.0,339.0,5463,0.95506993006993
112,171.28,5.95,188.57,116.0,-241.0,377.0,9786,167.15,6.98,185.94,116.0,-248.0,326.0,9517,143.38,27.06,132.18,131.0,-175.0,306.0,9079,180.03,-25.95,222.73,132.0,-242.0,362.0,9252,190.07,-53.59,255.43,85.0,-251.0,368.0,9306,167.33,13.8,192.9,107.0,-196.0,372.0,8946,0.9141630901287554
113,184.33,17.37,229.57,109.0,-251.0,348.0,11356,121.45,27.14,108.18,107.0,-226.0,295.0,10842,128.51,22.76,120.92,118.0,-239.0,287.0,10513,145.99,44.32,143.42,132.0,-254.0,295.0,10214,185.91,48.98,208.8,124.0,-156.0,333.0,10665,185.91,48.98,208.8,124.0,-156.0,333.0,10665,0.9391511095456146
114,177.78,-36.41,240.81,110.0,-221.0,355.0,11418,175.16,-13.69,205.23,97.0,-241.0,323.0,11311,154.63,35.57,141.07,121.0,-254.0,272.0,11319,173.76,29.4,178.18,132.0,-195.0,354.0,11356,197.77,-42.57,261.11,96.0,-250.0,376.0,11096,191.45,-48.26,266.24,40.0,-245.0,368.0,11342,0.9933438430548256
115,164.5,-17.24,205.9,106.0,-253.0,360.0,12678,176.45,-67.12,255.38,101.0,-247.0,347.0,12053,165.95,40.48,180.5,130.0,-251.0,319.0,12824,172.17,-39.65,228.85,128.0,-251.0,350.0,12064,185.69,-53.95,254.97,84.0,-247.0,353.0,12519,173.9,-15.19,220.99,100.0,-251.0,351.0,12414,0.9791765262659724
116,178.33,-68.66,263.56,83.0,-242.0,363.0,12569,164.82,-8.52,196.18,112.0,-252.0,330.0,12386,170.24,0.33,203.45,102.0,-204.0,333.0,12188,172.84,-1.15,202.61,89.0,-225.0,343.0,12081,177.98,-42.46,234.3,95.0,-249.0,354.0,12157,193.18,-92.18,275.98,45.0,-251.0,373.0,12086,0.9615721218871828
117,170.78,23.79,198.83,121.0,-251.0,381.0,14207,152.77,26.35,167.11,136.0,-248.0,335.0,13325,116.54,15.75,105.81,103.0,-253.0,276.0,14160,125.55,22.89,117.45,104.0,-223.0,323.0,13860,176.47,48.24,179.2,124.0,-140.0,316.0,14108,178.52,56.99,192.47,145.0,-237.0,327.0,14163,0.9969029351728022
118,174.32,-67.23,263.09,64.0,-241.0,361.0,13105,151.16,18.19,155.85,117.0,-254.0,306.0,12866,162.45,11.02,188.96,111.0,-250.0,355.0,12863,173.06,18.1,199.82,123.0,-252.0,370.0,13088,177.29,0.27,215.41,123.0,-251.0,359.0,13327,175.65,-5.38,217.2,117.0,-237.0,350.0,13323,1.0166348721861884
119,179.58,-5.24,223.4,140.0,-250.0,345.0,12371,167.23,-20.49,209.71,99.0,-225.0,352.0,12332,161.56,18.1,170.08,120.0,-242.0,358.0,11882,155.62,34.73,170.93,120.0,-190.0,349.0,11624,170.5,51.78,166.82,134.0,-244.0,323.0,12298,184.19,25.09,212.09,135.0,-236.0,362.0,12213,0.9872281949721122
120,184.67,-13.4,235.9,109.0,-255.0,362.0,9203,177.61,-35.72,230.02,122.0,-249.0,347.0,8886,147.4,30.71,142.13,125.0,-240.0,314.0,8661,163.48,20.15,171.97,101.0,-243.0,375.0,8776,186.69,-31.73,240.57,101.0,-243.0,371.0,8767,196.67,-37.12,263.48,93.0,-243.0,363.0,8731,0.9487123763990004
121,185.86,-33.67,247.51,120.0,-245.0,367.0,8825,168.64,11.99,182.97,128.0,-248.0,329.0,8617,157.86,48.69,154.63,126.0,-253.0,286.0,8378,168.62,40.31,182.35,134.0,-250.0,334.0,8595,189.55,-57.48,252.76,116.0,-247.0,367.0,8364,188.17,-45.34,252.84,92.0,-241.0,368.0,8560,0.969971671388102
122,179.42,-23.09,237.99,132.0,-247.0,373.0,11350,169.31,-2.32,200.02,110.0,-245.0,351.0,11115,161.32,31.97,171.17,134.0,-250.0,326.0,11224,172.74,13.33,196.93,118.0,-249.0,367.0,11442,194.42,-45.31,261.87,66.0,-237.0,362.0,10970,174.81,29.6,195.02,132.0,-249.0,337.0,11425,1.0066079295154184
123,189.55,-56.78,270.08,97.0,-242.0,371.0,9522,179.08,18.05,212.49,143.0,-246.0,354.0,9377,163.82,30.1,173.84,137.0,-248.0,379.0,9303,187.95,-13.77,235.63,165.0,-224.0,371.0,9288,199.74,-37.51,261.93,84.0,-242.0,363.0,9376,191.4,44.2,203.7,157.0,-251.0,358.0,9198,0.9659735349716446
124,172.25,10.6,199.24,126.0,-186.0,359.0,10436,172.94,-28.0,226.7,101.0,-237.0,387.0,10194,146.8,28.25,154.55,107.0,-217.0,345.0,9825,173.38,16.76,185.82,121.0,-247.0,349.0,10070,191.24,-42.73,253.05,108.0,-242.0,368.0,9758,180.39,17.63,213.01,117.0,-207.0,339.0,10120,0.9697201993100804
125,178.53,27.96,198.5,138.0,-247.0,364.0,14271,181.67,-71.41,267.69,75.0,-250.0,378.0,13389,180.6,30.04,203.32,146.0,-248.0,380.0,14029,179.88,1.34,223.62,128.0,-239.0,392.0,13430,180.83,-7.2,225.2,126.0,-239.0,359.0,13199,185.86,-7.51,229.97,122.0,-247.0,357.0,13560,0.950178684044566
126,184.1,-63.36,272.56,97.0,-247.0,393.0,9732,153.98,7.22,165.18,131.0,-243.0,315.0,9544,156.8,25.94,178.28,126.0,-244.0,324.0,9395,159.13,10.47,183.09,110.0,-224.0,360.0,9048,181.35,-47.52,239.94,108.0,-241.0,369.0,9064,184.63,-41.51,247.61,89.0,-235.0,365.0,9542,0.9804767776407728
127,177.49,10.59,211.55,135.0,-254.0,364.0,10399,153.59,25.38,156.74,130.0,-249.0,323.0,9931,141.68,47.21,138.77,118.0,-254.0,296.0,9674,162.2,53.35,166.23,144.0,-255.0,288.0,10360,187.29,24.26,224.98,124.0,-254.0,344.0,10115,188.91,19.37,225.19,116.0,-254.0,387.0,9977,0.9594191749206654
128,164.39,-76.4,252.64,41.0,-255.0,356.0,11004,173.35,-57.82,229.46,50.0,-250.0,339.0,10514,165.98,-17.45,212.59,84.0,-214.0,348.0,9814,170.73,-36.94,226.4,62.0,-223.0,337.0,9910,156.05,-74.0,235.82,50.0,-254.0,350.0,11157,177.68,-94.49,281.37,1.0,-254.0,357.0,10046,0.9129407488186114
129,188.94,-51.34,266.3,105.0,-243.0,376.0,10142,165.95,25.4,177.56,133.0,-258.0,312.0,9477,164.22,45.83,165.71,146.0,-255.0,317.0,9449,184.19,17.67,211.67,118.0,-188.0,348.0,9658,193.26,-46.75,248.67,106.0,-249.0,375.0,9869,181.84,24.24,210.86,132.0,-242.0,364.0,9752,0.9615460461447446
130,180.96,-68.62,268.14,119.0,-254.0,370.0,9683,174.47,-72.64,260.4,79.0,-253.0,369.0,9539,159.56,22.81,185.43,130.0,-255.0,385.0,9253,172.59,5.02,204.2,126.0,-255.0,353.0,9488,188.75,-95.8,298.48,34.0,-254.0,360.0,9354,189.81,-66.95,276.21,54.0,-251.0,375.0,9399,0.9706702468243312
131,190.69,-43.66,253.0,127.0,-254.0,356.0,8621,168.83,30.26,194.48,130.0,-208.0,359.0,8794,166.6,48.51,171.87,137.0,-254.0,324.0,8298,168.73,48.96,177.38,133.0,-185.0,293.0,8285,190.04,-16.58,238.64,123.0,-249.0,348.0,8072,191.86,-34.42,249.84,96.0,-241.0,378.0,8313,0.9642732861616982
132,197.8,-4.58,271.16,90.0,-249.0,381.0,14238,161.26,30.91,194.37,160.0,-254.0,338.0,13506,156.13,52.56,157.02,132.0,-217.0,313.0,13692,155.25,54.4,166.94,155.0,-255.0,357.0,13587,191.24,23.5,246.26,141.0,-205.0,387.0,13583,193.62,27.86,254.26,124.0,-211.0,375.0,13743,0.9652338811630848
133,180.49,22.57,213.61,143.0,-253.0,368.0,12059,166.16,26.66,180.88,144.0,-250.0,353.0,12152,127.29,40.06,116.86,125.0,-254.0,291.0,11855,168.83,38.25,183.53,129.0,-250.0,370.0,11600,194.3,21.88,241.4,111.0,-245.0,359.0,11913,157.87,46.72,161.54,144.0,-250.0,373.0,11835,0.981424662078116
134,200.99,-29.56,273.06,97.0,-179.0,408.0,10823,185.71,-39.34,246.14,100.0,-243.0,370.0,10508,193.25,31.79,217.63,130.0,-167.0,366.0,10792,196.64,12.52,232.56,121.0,-245.0,361.0,10784,198.42,25.65,222.13,139.0,-205.0,365.0,10984,191.3,25.35,225.09,146.0,-241.0,371.0,10822,0.9999076041762912
135,185.72,-7.98,239.7,122.0,-228.0,393.0,11471,178.79,10.93,211.51,130.0,-250.0,359.0,10966,164.22,47.92,163.46,131.0,-253.0,336.0,11007,182.82,39.43,209.47,136.0,-253.0,340.0,11062,192.9,-0.4,250.88,94.0,-180.0,393.0,11227,195.39,-16.22,257.42,107.0,-223.0,371.0,10777,0.93949960770639
136,184.61,-48.1,249.66,77.0,-241.0,345.0,9783,178.8,-84.87,267.65,12.0,-211.0,356.0,9756,166.03,-1.41,202.71,102.0,-247.0,379.0,9850,170.02,-42.81,230.09,90.0,-247.0,361.0,9500,183.1,-85.56,271.44,53.0,-217.0,367.0,9680,179.82,-68.37,257.21,53.0,-249.0,359.0,9734,0.9949913114586528
137,160.95,19.03,178.85,118.0,-239.0,356.0,11160,168.32,-1.43,203.11,136.0,-208.0,357.0,11039,173.76,49.42,182.86,137.0,-167.0,292.0,10640,184.91,27.21,226.25,126.0,-254.0,346.0,11154,167.92,39.72,175.9,128.0,-180.0,337.0,10166,151.61,36.62,150.42,144.0,-219.0,321.0,11018,0.9872759856630824
138,178.11,-5.37,240.77,105.0,-217.0,376.0,10041,165.32,32.78,185.62,129.0,-194.0,354.0,9880,132.83,32.95,126.09,99.0,-240.0,266.0,9395,161.16,31.79,184.23,143.0,-200.0,349.0,9851,185.6,27.86,225.96,125.0,-241.0,341.0,9315,185.75,20.29,235.15,113.0,-148.0,351.0,9766,0.9726122896125884
139,185.38,-32.93,249.31,108.0,-252.0,360.0,9240,185.25,-48.2,248.22,103.0,-246.0,343.0,8908,177.09,30.63,209.81,114.0,-254.0,326.0,8939,190.25,-45.93,261.33,102.0,-251.0,356.0,8662,191.41,-79.08,290.72,46.0,-252.0,374.0,8911,186.7,-1.17,238.31,110.0,-251.0,363.0,8639,0.93495670995671
140,177.4,-55.69,269.05,99.0,-234.0,376.0,12044,157.16,38.98,162.68,157.0,-235.0,355.0,11927,162.05,34.53,179.15,128.0,-241.0,387.0,11463,167.8,20.42,194.88,128.0,-240.0,333.0,11380,188.06,-46.99,262.49,98.0,-241.0,372.0,11416,185.96,-59.43,266.89,77.0,-244.0,385.0,11688,0.9704417137163732
141,201.34,-62.29,301.31,65.0,-233.0,392.0,10250,176.68,47.87,201.17,144.0,-201.0,320.0,10044,187.48,-19.53,248.87,127.0,-237.0,388.0,9923,183.38,4.35,248.61,135.0,-231.0,385.0,9710,193.52,-28.54,275.16,116.0,-240.0,378.0,9682,193.14,-50.81,281.53,91.0,-198.0,394.0,10113,0.9866341463414634
142,179.81,-61.72,278.04,62.0,-230.0,374.0,9773,180.6,-73.01,268.93,103.0,-244.0,374.0,9181,182.56,18.77,222.07,130.0,-237.0,379.0,8892,182.7,-55.98,274.84,97.0,-240.0,394.0,9286,186.64,-94.45,282.61,7.0,-240.0,372.0,8918,179.14,-58.72,269.2,74.0,-194.0,381.0,9607,0.9830144275043488
143,189.58,-24.53,268.71,120.0,-203.0,403.0,11101,191.44,-59.76,280.36,69.0,-242.0,375.0,10671,198.99,11.51,262.71,98.0,-241.0,347.0,10992,194.2,-11.52,263.92,120.0,-241.0,384.0,10585,187.45,1.18,247.2,128.0,-218.0,401.0,11038,193.81,-41.75,272.83,95.0,-201.0,381.0,10555,0.9508152418701018
144,181.05,-26.82,261.0,121.0,-207.0,393.0,13121,176.54,-44.21,255.59,95.0,-233.0,385.0,12646,172.48,42.68,185.86,143.0,-241.0,296.0,13023,177.58,-16.45,256.05,94.0,-238.0,403.0,12887,192.92,-63.95,297.09,50.0,-243.0,404.0,12800,194.24,-37.07,287.75,88.0,-222.0,400.0,12912,0.9840713360262175
145,92.37,-20.96,129.4,112.0,-183.0,395.0,23530,69.45,-27.52,100.4,50.0,-240.0,353.0,28474,190.74,13.52,233.54,117.0,-248.0,384.0,10717,183.15,-34.78,247.8,101.0,-226.0,395.0,11176,195.37,-38.32,267.44,81.0,-241.0,364.0,10842,188.6,-59.95,274.11,97.0,-249.0,378.0,10790,0.4585635359116022
146,47.24,-15.34,68.2,113.0,-234.0,372.0,46244,173.19,-12.55,226.71,108.0,-247.0,362.0,10928,177.07,24.02,212.08,148.0,-194.0,370.0,10392,176.47,-47.61,246.09,115.0,-247.0,373.0,10996,185.02,-46.14,262.76,79.0,-240.0,376.0,11006,187.02,41.44,213.28,144.0,-170.0,379.0,10330,0.2233803304212438
147,184.55,-78.62,290.24,28.0,-241.0,370.0,9080,163.1,12.55,187.11,125.0,-245.0,370.0,9050,174.38,-4.4,230.22,127.0,-243.0,404.0,8358,158.0,-43.93,222.59,114.0,-208.0,376.0,9657,99.99,-26.45,139.41,94.0,-198.0,372.0,16624,39.38,-14.62,59.72,52.0,-244.0,380.0,42017,4.627422907488987
148,170.24,-26.56,233.0,137.0,-241.0,398.0,12291,187.51,-48.33,267.83,42.0,-223.0,381.0,11252,182.95,15.92,228.22,124.0,-174.0,394.0,11035,190.22,-26.43,261.03,92.0,-245.0,371.0,10596,191.89,-69.43,289.47,45.0,-249.0,388.0,10619,187.42,-41.22,267.78,108.0,-172.0,401.0,10745,0.8742169066796843
149,142.5,-33.34,207.68,119.0,-250.0,390.0,13950,165.49,17.39,191.51,144.0,-241.0,369.0,10573,155.17,42.28,176.42,125.0,-249.0,327.0,10353,179.47,9.14,226.4,136.0,-246.0,375.0,10587,102.71,-44.02,149.06,50.0,-250.0,372.0,20492,183.08,-18.36,248.62,130.0,-235.0,386.0,10457,0.7496057347670251
150,134.14,13.17,150.37,110.0,-251.0,302.0,10714,146.74,-0.4,191.58,98.0,-250.0,345.0,10827,118.23,46.7,117.18,118.0,-236.0,255.0,10243,150.34,27.41,180.89,129.0,-250.0,325.0,9817,163.6,16.48,205.88,103.0,-249.0,354.0,9845,118.74,52.1,116.76,140.0,-230.0,272.0,9953,0.9289714392383795
151,146.88,9.43,179.01,111.0,-238.0,360.0,11106,147.49,39.7,151.6,147.0,-222.0,311.0,10820,113.73,36.0,103.72,104.0,-204.0,276.0,10282,160.33,35.44,179.62,144.0,-180.0,319.0,10271,176.2,-6.13,229.29,117.0,-236.0,365.0,10222,110.08,42.08,100.22,111.0,-239.0,258.0,10214,0.9196830542049342
152,129.1,27.74,136.2,110.0,-224.0,351.0,13164,174.71,1.7,217.1,128.0,-248.0,358.0,12644,116.72,35.0,107.0,113.0,-200.0,291.0,11996,155.03,52.44,163.36,147.0,-250.0,308.0,12308,168.32,51.68,201.04,136.0,-250.0,352.0,12408,133.43,43.63,134.21,139.0,-243.0,311.0,11688,0.8878760255241568
153,166.24,-51.8,240.5,84.0,-248.0,358.0,11366,150.75,-27.96,194.86,91.0,-250.0,338.0,11119,125.33,49.66,130.66,132.0,-249.0,259.0,10882,176.6,-47.19,250.81,110.0,-246.0,363.0,10565,178.6,-77.98,277.2,10.0,-242.0,372.0,10731,143.11,23.25,170.07,125.0,-248.0,348.0,10827,0.9525778638043289
154,167.15,-1.34,219.5,134.0,-246.0,386.0,12269,153.23,-17.03,194.85,99.0,-247.0,344.0,11832,145.7,45.41,150.85,133.0,-226.0,307.0,11841,173.91,-1.3,218.32,113.0,-249.0,351.0,12309,151.47,41.62,160.66,128.0,-238.0,317.0,12039,157.14,45.72,178.22,134.0,-254.0,361.0,11568,0.9428641291058766
155,178.44,5.37,223.95,134.0,-219.0,369.0,11331,142.15,37.09,136.47,140.0,-251.0,280.0,10893,125.16,46.07,119.97,122.0,-233.0,307.0,10302,193.58,36.98,234.34,140.0,-167.0,370.0,10111,190.43,40.64,232.44,122.0,-204.0,366.0,10227,112.47,36.42,103.88,122.0,-245.0,274.0,10274,0.9067160886064778
156,152.3,18.43,177.75,124.0,-248.0,340.0,11230,159.38,-25.89,205.29,102.0,-237.0,346.0,10796,123.07,50.29,122.19,130.0,-250.0,285.0,10817,152.72,37.2,178.6,133.0,-251.0,368.0,10599,176.86,-25.24,241.3,88.0,-227.0,380.0,10721,123.4,47.43,123.37,127.0,-243.0,284.0,11081,0.9867319679430098
157,149.35,15.65,175.19,133.0,-245.0,350.0,11419,139.05,9.31,153.11,112.0,-243.0,333.0,11098,107.47,30.87,103.85,111.0,-250.0,272.0,10977,133.84,30.01,140.43,99.0,-250.0,294.0,10609,176.76,-16.4,233.62,100.0,-238.0,363.0,10951,127.37,42.99,130.21,146.0,-230.0,356.0,11079,0.9702250634906734
158,156.47,14.03,187.71,118.0,-249.0,356.0,10945,161.32,-20.64,204.54,96.0,-236.0,349.0,10230,133.98,53.48,135.5,132.0,-233.0,302.0,10054,171.59,12.42,216.72,111.0,-249.0,348.0,10259,168.46,19.52,205.02,111.0,-217.0,325.0,10353,129.4,50.92,127.28,131.0,-247.0,257.0,10680,0.9757880310644128
159,180.27,-38.94,263.94,83.0,-237.0,385.0,12121,169.02,-5.08,203.24,118.0,-240.0,347.0,11847,176.03,0.11,224.89,126.0,-243.0,371.0,12471,186.05,-44.45,268.21,101.0,-209.0,372.0,11899,188.03,-59.4,262.0,46.0,-236.0,368.0,12020,181.17,-6.93,231.31,107.0,-192.0,364.0,11863,0.9787146275059814
160,179.77,17.23,242.83,130.0,-250.0,411.0,10718,124.16,39.44,128.54,143.0,-244.0,326.0,10416,132.56,49.14,135.74,146.0,-244.0,327.0,10131,120.77,47.59,113.95,124.0,-250.0,286.0,10252,113.79,40.53,103.55,127.0,-250.0,260.0,9901,128.7,47.87,122.63,125.0,-241.0,280.0,10449,0.97490203396156
161,171.4,14.31,226.77,119.0,-245.0,404.0,13913,105.86,11.03,96.63,99.0,-254.0,313.0,13279,108.02,29.21,98.79,113.0,-242.0,286.0,12987,132.9,37.05,129.01,132.0,-253.0,372.0,13045,141.01,42.16,151.32,122.0,-233.0,340.0,13176,111.61,27.82,104.36,112.0,-231.0,283.0,13204,0.9490404657514556
162,173.0,-53.43,243.87,59.0,-247.0,354.0,10711,159.89,-35.24,219.14,78.0,-240.0,368.0,10482,146.18,9.01,176.95,96.0,-217.0,354.0,10253,163.45,-19.1,219.16,84.0,-235.0,360.0,9982,180.2,-60.66,274.06,22.0,-239.0,383.0,10213,165.29,0.76,207.2,98.0,-232.0,355.0,10338,0.9651759873027728
163,165.09,-8.62,209.48,107.0,-246.0,374.0,11330,174.61,-40.87,236.29,79.0,-239.0,363.0,11356,135.93,38.84,142.4,118.0,-234.0,286.0,10987,162.07,16.6,191.08,112.0,-244.0,364.0,11048,190.62,-23.76,257.48,107.0,-215.0,368.0,10710,172.66,10.34,210.18,99.0,-197.0,371.0,10752,0.9489849955869374
164,183.78,-5.78,266.7,107.0,-248.0,409.0,11562,112.18,28.68,105.14,125.0,-251.0,283.0,11147,128.49,40.4,123.0,149.0,-245.0,300.0,10877,150.58,43.99,163.01,129.0,-250.0,334.0,11062,143.7,41.39,155.25,143.0,-250.0,365.0,10857,126.82,40.54,125.32,128.0,-239.0,287.0,10573,0.9144611658882548
165,183.2,-63.97,266.91,92.0,-241.0,360.0,13513,151.75,37.05,166.19,136.0,-253.0,313.0,12492,160.53,50.02,174.4,144.0,-250.0,351.0,12900,184.26,-6.6,248.16,135.0,-247.0,382.0,12781,189.91,-10.79,253.65,98.0,-244.0,366.0,12425,153.33,41.07,168.33,141.0,-244.0,361.0,12471,0.9228890697846518
166,194.15,5.04,279.9,103.0,-250.0,413.0,13424,133.2,41.07,132.75,153.0,-249.0,359.0,12769,147.26,52.58,152.74,136.0,-175.0,341.0,13438,138.24,40.87,138.87,118.0,-253.0,314.0,12996,189.41,60.92,227.0,160.0,-209.0,350.0,13615,168.56,61.89,187.73,157.0,-182.0,333.0,13004,0.9687127532777116
167,180.37,-70.66,270.32,76.0,-241.0,373.0,12504,155.32,-28.88,201.0,77.0,-240.0,354.0,12557,160.32,22.87,189.99,127.0,-230.0,333.0,11780,170.22,-8.99,220.49,102.0,-247.0,370.0,12015,179.76,-62.03,271.41,73.0,-216.0,373.0,11888,172.79,2.06,212.24,92.0,-219.0,360.0,12226,0.9777671145233524
168,169.53,-17.01,227.39,107.0,-212.0,388.0,12318,148.21,-2.47,174.73,107.0,-239.0,329.0,11780,139.03,43.43,136.63,114.0,-250.0,283.0,11902,154.59,28.31,170.97,130.0,-248.0,393.0,11496,181.63,-49.55,261.67,72.0,-189.0,398.0,11753,159.12,32.6,191.52,121.0,-233.0,415.0,11918,0.9675271959733724
169,183.04,-30.29,259.43,114.0,-245.0,407.0,13653,155.26,-5.37,182.85,105.0,-223.0,377.0,13290,142.66,39.32,146.3,146.0,-216.0,327.0,12553,174.24,16.98,215.38,155.0,-179.0,342.0,12989,190.53,-65.61,285.11,44.0,-230.0,389.0,13056,152.03,10.39,187.33,108.0,-236.0,392.0,12841,0.940525891745404
170,189.41,7.13,275.87,129.0,-173.0,413.0,13469,154.62,47.7,174.06,153.0,-253.0,337.0,12481,154.15,53.46,157.0,148.0,-234.0,343.0,12935,164.53,55.19,203.05,157.0,-250.0,399.0,12912,174.59,62.68,200.32,163.0,-231.0,401.0,13112,168.54,61.58,185.98,158.0,-179.0,403.0,13087,0.9716385774742
171,177.61,-43.24,268.06,106.0,-225.0,385.0,12811,162.39,34.95,179.45,147.0,-198.0,333.0,12026,150.55,41.81,149.81,136.0,-165.0,312.0,12408,171.18,32.18,202.96,146.0,-222.0,340.0,12433,187.02,-27.25,269.53,95.0,-189.0,396.0,12388,170.8,32.76,196.22,141.0,-162.0,370.0,11621,0.9071110764187028
172,155.21,6.54,191.94,105.0,-236.0,393.0,10116,166.32,14.43,199.93,144.0,-247.0,337.0,9645,140.69,61.59,140.87,153.0,-234.0,319.0,9676,173.65,33.93,218.33,150.0,-214.0,367.0,9650,184.4,-30.42,252.22,89.0,-223.0,367.0,9343,161.55,34.49,188.27,131.0,-248.0,345.0,9397,0.928924476077501
173,144.98,-4.64,176.56,115.0,-250.0,382.0,11500,158.19,-43.51,195.93,102.0,-252.0,358.0,11543,134.57,43.97,130.13,112.0,-142.0,334.0,10938,181.28,-16.72,231.96,127.0,-240.0,371.0,11309,165.49,-14.74,224.98,76.0,-247.0,369.0,11266,128.89,33.34,134.8,102.0,-225.0,300.0,11009,0.957304347826087
174,163.28,14.89,186.95,134.0,-229.0,359.0,12131,174.08,-33.5,227.54,89.0,-228.0,364.0,11583,142.17,48.71,135.67,139.0,-211.0,256.0,11648,169.91,17.72,206.46,107.0,-250.0,341.0,11449,184.53,-2.97,241.05,100.0,-250.0,349.0,11867,165.96,35.4,178.94,137.0,-250.0,319.0,11675,0.9624103536394362
175,170.91,-47.99,260.65,87.0,-242.0,380.0,11449,165.85,20.39,200.45,146.0,-227.0,359.0,10738,147.46,44.32,156.44,127.0,-236.0,289.0,11318,174.13,38.85,207.11,165.0,-216.0,386.0,10805,182.35,19.01,225.35,163.0,-209.0,385.0,10665,169.46,3.2,226.0,111.0,-239.0,394.0,11081,0.9678574547995458
176,174.99,-44.65,254.17,83.0,-247.0,376.0,10745,176.0,-52.08,257.02,74.0,-226.0,369.0,10237,174.85,23.13,212.81,135.0,-247.0,334.0,10393,190.06,-18.9,258.38,110.0,-238.0,387.0,10401,186.3,-39.04,257.34,94.0,-240.0,370.0,10018,186.54,-10.44,244.44,98.0,-189.0,392.0,10065,0.9367147510469986
177,178.33,-27.93,258.33,88.0,-233.0,398.0,11829,167.24,-8.18,216.8,141.0,-226.0,385.0,11741,135.88,49.01,130.39,118.0,-189.0,289.0,10790,187.13,2.57,251.69,140.0,-130.0,368.0,11394,190.07,-33.57,270.25,47.0,-165.0,383.0,10441,156.55,32.9,176.18,162.0,-186.0,394.0,11149,0.9425141601149716
178,181.25,-35.48,267.56,107.0,-227.0,401.0,10778,165.21,-16.94,214.74,120.0,-253.0,383.0,10358,153.87,50.62,160.12,155.0,-215.0,350.0,10626,185.08,-25.01,259.61,129.0,-188.0,376.0,10651,195.81,-50.96,286.92,45.0,-209.0,387.0,10668,174.88,19.88,214.96,132.0,-243.0,400.0,10225,0.9486917795509372
179,178.1,8.42,249.38,129.0,-250.0,406.0,11248,118.43,24.29,119.41,120.0,-248.0,357.0,10582,131.6,54.49,123.71,138.0,-143.0,289.0,10466,144.21,52.27,151.39,140.0,-210.0,360.0,10370,166.55,37.91,218.65,134.0,-242.0,416.0,10812,153.94,55.03,166.83,140.0,-237.0,364.0,10777,0.9581258890469416
180,193.04,-32.18,292.56,99.0,-236.0,404.0,12045,125.14,28.47,121.27,116.0,-235.0,298.0,11444,157.29,34.29,180.25,125.0,-249.0,422.0,11043,142.61,44.73,155.95,140.0,-201.0,387.0,11142,160.25,44.47,170.79,124.0,-191.0,340.0,11530,173.95,33.95,220.11,146.0,-228.0,375.0,11926,0.9901203819012038
181,164.91,6.87,203.75,114.0,-219.0,414.0,12437,170.61,-33.67,223.13,114.0,-233.0,376.0,11975,159.05,48.31,169.05,140.0,-194.0,344.0,11693,151.92,43.92,150.2,147.0,-247.0,344.0,11539,179.7,14.41,225.09,139.0,-228.0,375.0,12260,176.39,30.88,216.82,145.0,-244.0,392.0,12114,0.9740291066977568
182,171.31,-54.61,270.27,67.0,-250.0,376.0,12690,170.7,-51.64,257.46,79.0,-216.0,382.0,11755,168.04,28.91,202.21,131.0,-235.0,344.0,12848,184.22,7.82,238.86,121.0,-226.0,393.0,11961,186.46,-56.06,282.86,95.0,-225.0,378.0,12134,171.09,-34.71,252.69,96.0,-226.0,396.0,13128,1.03451536643026
183,178.6,-15.06,238.98,127.0,-249.0,369.0,11294,168.12,-15.35,217.29,116.0,-250.0,368.0,11169,160.09,50.32,179.98,148.0,-218.0,346.0,10627,172.79,-6.49,225.33,128.0,-243.0,368.0,10696,186.02,-58.78,281.88,55.0,-247.0,387.0,10498,167.15,45.3,192.32,136.0,-246.0,387.0,10499,0.929608641756685
184,154.14,14.77,196.55,129.0,-248.0,355.0,10452,118.05,24.14,114.74,125.0,-250.0,330.0,10157,110.82,45.97,99.21,124.0,-252.0,271.0,9284,142.32,46.02,143.76,143.0,-213.0,366.0,9803,169.37,15.06,215.88,142.0,-205.0,357.0,9802,121.64,30.14,126.66,106.0,-238.0,298.0,9545,0.913222349789514
185,184.72,-4.93,239.23,136.0,-229.0,394.0,11291,175.46,-58.29,261.33,84.0,-234.0,392.0,11075,179.23,24.45,219.47,132.0,-189.0,407.0,10878,193.15,-51.71,290.17,122.0,-195.0,388.0,10644,194.26,-60.87,296.27,24.0,-216.0,398.0,10673,184.74,-31.81,261.09,94.0,-186.0,409.0,10555,0.9348153396510496
186,187.82,-2.91,272.49,129.0,-248.0,407.0,10856,104.59,35.59,98.37,117.0,-247.0,289.0,10659,131.59,51.67,128.65,154.0,-202.0,281.0,10264,150.73,49.2,163.62,118.0,-206.0,410.0,9950,168.75,50.66,200.56,143.0,-199.0,359.0,10296,144.24,47.49,165.55,135.0,-147.0,374.0,9808,0.90346352247605
187,182.13,15.29,252.61,115.0,-211.0,412.0,17771,131.51,34.66,122.74,141.0,-252.0,332.0,16511,137.31,45.73,138.77,140.0,-250.0,329.0,15890,149.37,51.37,163.31,150.0,-189.0,392.0,16576,194.27,47.68,262.36,153.0,-190.0,396.0,16764,179.04,65.0,212.98,164.0,-238.0,388.0,16568,0.9323054414495526
188,187.13,-61.96,291.16,91.0,-226.0,383.0,12161,137.97,48.35,141.19,135.0,-250.0,359.0,11830,157.46,41.28,185.9,133.0,-247.0,383.0,11420,169.12,11.92,212.84,139.0,-164.0,388.0,11217,179.89,-3.11,240.77,144.0,-246.0,370.0,11292,180.77,-17.11,253.15,134.0,-247.0,380.0,11732,0.9647232957815968
189,166.19,-32.51,230.09,113.0,-248.0,364.0,8682,164.51,-37.58,227.76,110.0,-240.0,367.0,8491,142.41,49.02,149.96,124.0,-233.0,295.0,8256,170.69,-11.72,230.16,132.0,-243.0,376.0,8310,184.2,-49.2,265.38,93.0,-198.0,375.0,8283,159.96,46.33,180.71,126.0,-246.0,298.0,8444,0.9725869615296014
190,161.31,2.9,201.46,134.0,-247.0,368.0,9828,156.13,2.13,193.55,128.0,-248.0,345.0,9642,121.73,44.57,116.97,115.0,-236.0,281.0,9067,162.37,-2.12,216.22,143.0,-208.0,388.0,9525,189.98,-25.22,266.24,75.0,-215.0,386.0,9441,156.66,47.36,180.06,129.0,-250.0,335.0,9057,0.9215506715506716
191,172.99,-40.69,267.55,93.0,-247.0,397.0,10761,140.81,40.56,145.96,154.0,-243.0,355.0,10499,154.58,48.62,170.66,152.0,-245.0,327.0,9790,176.04,-7.37,242.15,160.0,-207.0,386.0,9900,179.11,-24.4,246.92,120.0,-228.0,377.0,10224,152.98,22.69,186.09,135.0,-246.0,330.0,10112,0.939689619923799
192,191.81,-7.55,284.49,133.0,-220.0,412.0,14533,174.74,28.38,208.5,148.0,-223.0,373.0,14124,186.78,51.66,225.82,148.0,-228.0,398.0,13758,200.36,29.09,275.51,140.0,-137.0,398.0,14493,194.94,47.99,242.65,132.0,-188.0,368.0,14722,174.42,50.79,210.89,144.0,-118.0,382.0,13641,0.9386224454689328
193,174.96,-31.61,250.49,112.0,-239.0,377.0,13874,169.87,-45.96,229.7,93.0,-238.0,390.0,13165,139.31,31.07,150.37,127.0,-216.0,312.0,13161,177.19,-14.56,242.5,122.0,-227.0,384.0,13118,194.62,-53.52,291.84,72.0,-202.0,389.0,13166,167.07,-12.8,226.46,106.0,-247.0,399.0,13499,0.9729710249387344
194,174.8,3.84,242.8,130.0,-232.0,415.0,15450,146.54,14.29,176.75,137.0,-251.0,368.0,14359,125.0,45.3,116.72,123.0,-247.0,276.0,14819,170.45,46.88,195.8,153.0,-207.0,375.0,14349,177.61,14.93,234.99,129.0,-189.0,405.0,14648,134.34,44.46,135.24,139.0,-245.0,314.0,14677,0.9499676375404532
195,133.98,33.64,135.4,145.0,-241.0,324.0,10853,132.71,21.59,136.03,121.0,-242.0,334.0,10610,94.7,25.35,82.79,87.0,-244.0,260.0,10281,145.55,60.35,146.69,160.0,-238.0,294.0,10045,149.48,61.71,152.87,151.0,-199.0,289.0,10653,100.16,33.89,88.67,116.0,-249.0,259.0,10048,0.925826960287478
196,145.44,17.02,168.42,144.0,-253.0,412.0,11145,171.57,23.33,213.87,141.0,-233.0,374.0,10593,128.34,45.95,117.01,125.0,-250.0,293.0,10445,172.46,44.6,211.74,153.0,-234.0,373.0,10841,178.63,48.79,215.05,141.0,-100.0,361.0,10827,137.91,49.56,142.7,151.0,-181.0,405.0,10479,0.940242261103634
197,176.65,-10.71,239.99,118.0,-240.0,394.0,10299,174.05,-13.97,234.65,113.0,-250.0,407.0,10030,138.72,44.9,141.32,107.0,-172.0,354.0,9591,188.89,5.48,243.16,119.0,-183.0,378.0,9882,201.81,-53.44,304.98,71.0,-170.0,391.0,9763,174.81,31.24,213.24,139.0,-175.0,398.0,9902,0.9614525682105058
198,152.19,16.33,171.41,118.0,-244.0,373.0,11391,170.2,-54.79,248.33,77.0,-246.0,371.0,10792,169.75,28.96,197.46,115.0,-159.0,348.0,10128,162.65,19.64,191.8,106.0,-225.0,335.0,10463,170.49,7.17,210.41,123.0,-250.0,354.0,10276,177.53,-10.09,239.27,126.0,-208.0,402.0,10415,0.9143183214818716
199,184.64,-35.79,272.09,120.0,-246.0,389.0,10294,129.93,33.75,132.39,130.0,-249.0,359.0,10342,117.48,43.16,114.52,132.0,-226.0,275.0,9635,153.76,30.22,182.12,124.0,-246.0,410.0,9666,179.54,30.49,233.89,132.0,-248.0,374.0,9749,140.72,47.21,147.99,134.0,-249.0,358.0,9977,0.9692053623469984
