1rd_red, 1rd_green, 1rd_blue, 1rd_r, 1rd_rg, 1rd_most_red, 1rd_least_red, 1rd_most_yellow, 1rd_size, 2nd_red, 2nd_green, 2nd_blue, 2rd_r, 2rd_rg, 2rd_most_red, 2rd_least_red, 2rd_most_yellow, 2nd_size, 3rd_red, 3rd_green, 3rd_blue, 3rd_r, 3rd_rg, 3rd_most_red, 3rd_least_red, 3rd_most_yellow, 3rd_size, 4th_red, 4th_green, 4th_blue, 4rd_r, 4rd_rg, 4rd_most_red, 4rd_least_red, 4rd_most_yellow, 4th_size, 5th_red, 5th_green, 5th_blue, 5rd_r, 5rd_rg, 5rd_most_red, 5rd_least_red, 5rd_most_yellow, 5th_size, 6th_red, 6th_green, 6th_blue, 6rd_r, 6rd_rg, 5rd_most_red.1, 5rd_least_red.1, 5rd_most_yellow.1, 6th_size, height/area
184.66,90.55,44.45,49.66,230.76,157.0,-208.0,368.0,10603,143.38,32.91,46.23,64.24,130.06,154.0,-239.0,335.0,9954,152.75,26.75,41.77,84.23,137.73,167.0,-248.0,300.0,9773,172.13,36.68,50.8,84.65,158.01,171.0,-161.0,276.0,9985,176.63,62.04,37.88,76.71,200.79,163.0,-139.0,374.0,9980,156.53,41.7,39.84,74.99,158.39,159.0,-206.0,327.0,9859,0.929831179854758
179.48,121.2,68.54,-10.26,232.14,144.0,-229.0,384.0,11573,121.9,38.27,52.11,31.52,108.06,136.0,-232.0,326.0,11390,122.79,30.66,44.09,48.04,109.36,127.0,-230.0,251.0,10648,134.38,38.15,52.33,43.9,120.2,116.0,-237.0,275.0,10830,178.12,81.32,59.62,37.18,199.82,154.0,-182.0,337.0,10638,155.0,56.95,48.92,49.13,163.03,151.0,-179.0,375.0,10762,0.9299230968633888
179.2,102.23,54.85,22.12,226.58,128.0,-127.0,378.0,11912,138.91,39.6,50.81,48.5,127.7,139.0,-243.0,331.0,11293,114.85,24.44,44.07,46.34,95.22,124.0,-121.0,252.0,11750,130.42,35.3,48.01,47.11,117.71,151.0,-203.0,313.0,10954,183.52,73.65,42.29,67.58,214.88,155.0,-166.0,384.0,11817,165.13,60.78,43.13,61.22,182.78,140.0,-137.0,338.0,11268,0.9459368703828072
189.01,172.43,74.9,-58.32,286.54,106.0,-236.0,384.0,14758,157.56,66.77,64.77,26.02,159.56,171.0,-244.0,331.0,14720,179.3,74.6,57.02,47.68,196.88,167.0,-237.0,360.0,14356,174.0,81.99,55.53,36.48,200.46,172.0,-195.0,402.0,13838,182.72,123.63,63.47,-4.38,242.88,140.0,-227.0,389.0,14446,171.07,80.59,50.33,40.15,201.33,163.0,-233.0,361.0,14459,0.9797398021412116
158.74,93.24,63.79,1.71,188.19,133.0,-227.0,400.0,12750,171.02,116.3,79.0,-24.28,208.32,130.0,-229.0,393.0,12354,126.82,38.98,50.83,37.01,114.97,145.0,-231.0,263.0,12044,181.23,121.61,65.7,-6.08,237.14,162.0,-162.0,381.0,12679,176.97,129.8,69.92,-22.75,236.85,117.0,-197.0,385.0,13104,130.84,43.93,56.3,30.61,118.47,144.0,-207.0,338.0,12561,0.9851764705882352
171.06,149.19,72.59,-50.72,247.66,141.0,-234.0,379.0,10299,174.73,137.09,77.04,-39.4,234.78,90.0,-225.0,360.0,10115,155.28,45.11,42.05,68.12,158.34,161.0,-152.0,327.0,9857,172.47,151.14,76.68,-55.35,246.93,118.0,-185.0,369.0,10020,185.71,179.64,86.99,-80.92,278.36,38.0,-180.0,379.0,9945,174.33,103.88,62.0,8.45,216.21,134.0,-194.0,377.0,9859,0.9572774055733566
183.02,128.83,61.82,-7.63,250.03,168.0,-202.0,416.0,12557,186.91,135.5,74.12,-22.71,248.29,117.0,-226.0,383.0,12092,181.51,56.07,61.32,64.12,176.26,180.0,-238.0,362.0,12071,195.24,109.71,66.17,19.36,238.78,182.0,-224.0,358.0,12117,200.51,118.37,67.44,14.7,251.44,131.0,-180.0,345.0,12360,192.49,92.73,54.51,45.25,230.71,150.0,-130.0,349.0,12188,0.9706140001592736
175.77,155.68,71.24,-51.15,260.21,106.0,-235.0,386.0,12067,170.35,85.12,61.74,23.49,193.73,175.0,-162.0,363.0,11139,162.32,49.81,49.76,62.75,162.37,161.0,-228.0,279.0,10573,164.42,85.48,56.74,22.2,193.16,163.0,-227.0,395.0,11133,182.26,152.6,67.48,-37.82,267.38,134.0,-203.0,384.0,10286,188.97,160.03,83.08,-54.14,265.92,116.0,-222.0,378.0,11484,0.9516864175022788
192.83,158.27,75.03,-40.47,276.07,128.0,-200.0,397.0,11459,182.83,159.75,85.47,-62.39,257.11,108.0,-234.0,369.0,11041,190.91,77.09,58.49,55.33,209.51,171.0,-233.0,344.0,11257,204.53,137.76,79.75,-12.98,262.54,158.0,-237.0,363.0,11504,208.12,180.4,94.36,-66.64,294.16,95.0,-241.0,387.0,11036,206.05,159.6,88.4,-41.95,277.25,61.0,-223.0,380.0,11539,1.0069814119905751
180.46,117.85,70.59,-7.98,227.72,120.0,-228.0,390.0,10702,134.19,41.63,49.98,42.58,125.84,150.0,-245.0,302.0,10062,144.79,39.49,50.21,55.09,134.07,153.0,-169.0,338.0,10292,164.14,70.38,59.06,34.7,175.46,151.0,-233.0,354.0,10079,170.16,93.0,56.47,20.69,206.69,152.0,-167.0,382.0,10323,150.82,54.0,51.55,45.27,153.27,146.0,-160.0,365.0,10165,0.949822463091011
187.37,183.74,84.76,-81.13,286.35,56.0,-242.0,368.0,9973,166.64,87.42,59.78,19.44,194.28,157.0,-250.0,351.0,10163,183.37,104.83,61.06,17.48,227.14,146.0,-205.0,386.0,10029,188.19,162.07,92.41,-66.29,257.85,136.0,-246.0,343.0,10129,189.92,168.72,85.31,-64.11,273.33,86.0,-246.0,367.0,9871,186.07,135.46,75.7,-25.09,245.83,126.0,-217.0,356.0,9933,0.9959891707610548
186.26,125.5,66.57,-5.81,245.19,137.0,-221.0,393.0,12733,179.44,130.52,69.35,-20.43,240.61,143.0,-242.0,385.0,12219,162.92,42.98,49.77,70.17,156.13,161.0,-239.0,307.0,12321,190.49,104.8,62.05,23.64,233.24,163.0,-154.0,353.0,12462,195.18,136.55,66.23,-7.6,265.5,114.0,-219.0,392.0,12181,186.91,97.03,56.53,33.35,227.41,119.0,-150.0,345.0,12621,0.9912039582188016
183.65,172.51,73.14,-62.0,283.02,64.0,-202.0,394.0,11417,183.74,156.39,95.03,-67.68,245.1,75.0,-234.0,354.0,10814,196.74,131.29,82.78,-17.33,245.25,143.0,-203.0,372.0,10638,184.88,175.08,91.92,-82.12,268.04,104.0,-229.0,368.0,10659,200.33,165.75,89.4,-54.82,276.68,42.0,-189.0,386.0,10930,193.32,156.95,83.43,-47.06,266.84,93.0,-239.0,378.0,10813,0.9470964351405798
181.67,126.8,70.1,-15.23,238.37,155.0,-243.0,370.0,9757,155.67,88.95,61.06,5.66,183.56,148.0,-238.0,376.0,9807,141.46,42.32,45.83,53.31,137.95,149.0,-226.0,280.0,9675,169.47,81.55,51.42,36.5,199.6,151.0,-206.0,376.0,9692,181.1,143.15,71.59,-33.64,252.66,128.0,-234.0,364.0,9771,179.54,124.82,62.23,-7.51,242.13,121.0,-232.0,390.0,9588,0.982679102183048
187.96,93.48,64.35,30.13,217.09,161.0,-184.0,374.0,12250,185.0,164.82,79.16,-58.98,270.66,94.0,-209.0,379.0,11480,177.32,60.7,59.58,57.04,178.44,153.0,-122.0,375.0,11588,190.84,103.02,60.46,27.36,233.4,174.0,-189.0,379.0,11719,203.1,138.55,68.01,-3.46,273.64,133.0,-186.0,368.0,11873,196.96,145.88,77.72,-26.64,265.12,97.0,-202.0,364.0,11987,0.978530612244898
174.51,138.64,63.58,-27.71,249.57,118.0,-229.0,395.0,7527,102.41,34.65,39.94,27.82,97.12,101.0,-194.0,298.0,7428,126.07,33.41,41.9,50.76,117.58,134.0,-241.0,297.0,7122,122.08,40.37,36.98,44.73,125.47,149.0,-240.0,297.0,6942,141.19,70.26,44.74,26.19,166.71,120.0,-212.0,373.0,7154,136.67,51.51,45.79,39.37,142.39,130.0,-242.0,344.0,7076,0.9400823701341836
174.0,129.56,73.01,-28.57,230.55,143.0,-240.0,369.0,12723,168.95,133.12,70.42,-34.59,231.65,123.0,-241.0,375.0,11721,174.5,72.7,54.62,47.18,192.58,149.0,-175.0,304.0,11726,175.68,89.69,59.28,26.71,206.09,141.0,-165.0,365.0,11755,179.92,100.24,64.25,15.43,215.91,136.0,-219.0,367.0,11765,183.9,157.56,80.5,-54.16,260.96,100.0,-193.0,374.0,12165,0.9561424192407452
184.67,166.6,75.44,-57.37,275.83,123.0,-246.0,386.0,15211,180.34,110.98,63.41,5.95,227.91,138.0,-245.0,377.0,14536,155.14,44.57,55.71,54.86,144.0,166.0,-245.0,279.0,14936,168.75,85.59,55.17,27.99,199.17,171.0,-241.0,379.0,15384,187.82,116.72,56.97,14.13,247.57,152.0,-233.0,433.0,15044,196.82,156.02,77.53,-36.73,275.31,117.0,-206.0,395.0,15253,1.0027611596870685
180.02,133.34,67.6,-20.92,245.76,142.0,-242.0,382.0,10033,167.22,81.27,64.05,21.9,184.44,150.0,-246.0,332.0,9848,146.27,32.86,43.31,70.1,135.82,174.0,-240.0,253.0,9675,168.15,88.93,57.49,21.73,199.59,154.0,-226.0,356.0,9905,192.84,162.89,83.53,-53.58,272.2,94.0,-225.0,362.0,9621,183.87,134.15,69.06,-19.34,248.96,117.0,-201.0,375.0,9870,0.9837536130768464
180.41,145.25,79.91,-44.75,245.75,129.0,-216.0,369.0,10791,166.59,102.76,59.81,4.02,209.54,133.0,-246.0,379.0,10664,164.28,64.44,42.94,56.9,185.78,157.0,-196.0,348.0,10064,181.14,138.62,67.67,-25.15,252.09,136.0,-210.0,388.0,10386,184.02,175.92,76.68,-68.58,283.26,62.0,-206.0,402.0,10221,179.35,148.63,75.34,-44.62,252.64,96.0,-206.0,378.0,10238,0.9487535909554258
187.32,157.57,82.94,-53.19,261.95,102.0,-212.0,380.0,12182,170.85,79.36,72.11,19.38,178.1,159.0,-248.0,305.0,11811,153.29,48.84,46.66,57.79,155.47,173.0,-193.0,323.0,11377,175.27,98.55,68.42,8.3,205.4,169.0,-247.0,346.0,11460,189.31,159.45,93.99,-64.13,254.77,112.0,-225.0,357.0,11425,193.46,148.31,88.82,-43.67,252.95,93.0,-241.0,370.0,11497,0.943769495977672
179.48,184.08,78.62,-83.22,284.94,30.0,-252.0,373.0,8496,177.93,180.42,84.39,-86.88,273.96,44.0,-244.0,364.0,8278,187.89,149.27,78.6,-39.98,258.56,72.0,-229.0,376.0,8125,192.17,178.36,103.25,-89.44,267.28,71.0,-242.0,363.0,8520,189.68,189.31,100.4,-100.03,278.59,64.0,-224.0,359.0,8421,177.12,185.78,76.41,-85.07,286.49,19.0,-204.0,373.0,8153,0.9596280602636534
180.93,136.13,75.56,-30.76,241.5,134.0,-243.0,375.0,10525,177.12,170.85,84.48,-78.21,263.49,37.0,-209.0,366.0,10253,183.44,131.53,76.55,-24.64,238.42,151.0,-172.0,361.0,10375,190.36,143.53,81.85,-35.02,252.04,148.0,-198.0,357.0,10107,195.86,165.69,88.36,-58.19,273.19,78.0,-167.0,380.0,10171,193.28,167.86,89.07,-63.65,272.07,81.0,-190.0,366.0,10584,1.0056057007125891
162.21,105.98,60.27,-4.04,207.92,130.0,-246.0,355.0,10500,170.79,121.95,74.79,-25.95,217.95,124.0,-236.0,362.0,10453,155.85,67.61,51.04,37.2,172.42,147.0,-210.0,360.0,10268,174.61,93.56,61.83,19.22,206.34,138.0,-191.0,333.0,9876,189.07,159.92,86.35,-57.2,262.64,95.0,-189.0,387.0,10156,179.35,108.65,68.44,2.26,219.56,122.0,-200.0,355.0,10070,0.959047619047619
147.66,66.35,51.37,29.94,162.64,146.0,-249.0,367.0,8413,172.08,108.35,75.42,-11.69,205.01,122.0,-249.0,350.0,8091,125.04,30.98,43.65,50.41,112.37,118.0,-214.0,248.0,8132,169.24,62.35,53.14,53.75,178.45,144.0,-171.0,296.0,8064,178.43,95.19,61.39,21.85,212.23,129.0,-200.0,342.0,8046,145.75,54.33,50.16,41.26,149.92,117.0,-234.0,312.0,7983,0.9488886247474148
165.21,115.6,57.2,-7.59,223.61,159.0,-228.0,385.0,13261,165.31,128.13,61.89,-24.71,231.55,91.0,-234.0,372.0,12413,155.77,58.0,39.4,58.37,174.37,145.0,-245.0,328.0,12622,176.21,101.12,54.01,21.08,223.32,149.0,-192.0,387.0,12463,171.53,96.83,49.02,25.68,219.34,127.0,-205.0,359.0,12551,150.42,67.2,39.58,43.64,178.04,139.0,-242.0,331.0,12340,0.9305482241158284
176.76,105.8,66.12,4.84,216.44,133.0,-220.0,390.0,12149,156.13,73.87,64.86,17.4,165.14,134.0,-201.0,344.0,11650,116.82,32.13,49.01,35.68,99.94,97.0,-246.0,262.0,11103,170.39,58.67,54.98,56.74,174.08,144.0,-249.0,320.0,11260,178.89,98.11,57.83,22.95,219.17,139.0,-168.0,374.0,11726,127.13,35.54,48.01,43.58,114.66,145.0,-232.0,285.0,11966,0.9849370318544736
151.71,71.91,55.56,24.24,168.06,158.0,-248.0,346.0,13894,167.49,130.02,71.87,-34.4,225.64,111.0,-222.0,372.0,13278,157.67,52.59,48.67,56.41,161.59,174.0,-237.0,304.0,13606,165.07,69.01,52.63,43.43,181.45,150.0,-228.0,391.0,13396,158.79,41.81,46.79,70.19,153.81,170.0,-191.0,299.0,13474,164.51,82.11,54.71,27.69,191.91,133.0,-180.0,340.0,13121,0.9443644738736146
168.67,132.51,68.35,-32.19,232.83,124.0,-244.0,372.0,10216,165.53,89.52,59.55,16.46,195.5,148.0,-250.0,354.0,9618,158.57,60.16,41.09,57.32,177.64,144.0,-217.0,342.0,9304,184.73,105.74,63.02,15.97,227.45,135.0,-149.0,359.0,9355,190.29,155.3,82.86,-47.87,262.73,94.0,-225.0,357.0,9281,182.06,111.88,64.51,5.67,229.43,124.0,-172.0,350.0,9586,0.9383320281910728
155.96,97.16,57.85,0.95,195.27,129.0,-244.0,365.0,11516,159.25,122.18,70.07,-33.0,211.36,127.0,-246.0,363.0,10823,132.9,49.25,45.13,38.52,137.02,128.0,-233.0,301.0,10903,142.95,81.3,53.43,8.22,170.82,113.0,-239.0,346.0,10937,173.19,160.29,73.05,-60.15,260.43,63.0,-206.0,384.0,10829,170.97,136.23,65.19,-30.45,242.01,111.0,-189.0,384.0,11596,1.0069468565474122
178.01,85.37,53.92,38.72,209.46,157.0,-244.0,366.0,15582,153.59,51.62,59.23,42.74,145.98,166.0,-228.0,356.0,14800,117.62,34.04,52.18,31.4,99.48,139.0,-203.0,253.0,15358,176.16,64.35,48.97,62.84,191.54,181.0,-247.0,341.0,15861,184.8,76.94,48.47,59.39,213.27,158.0,-166.0,358.0,15401,137.97,39.73,53.52,44.72,124.18,169.0,-241.0,277.0,15580,0.9998716467719164
179.94,140.65,75.65,-36.36,244.94,134.0,-239.0,379.0,11488,171.49,155.76,78.12,-62.39,249.13,71.0,-225.0,370.0,10720,185.12,130.53,72.42,-17.83,243.23,116.0,-242.0,369.0,11111,185.86,173.04,80.18,-67.36,278.72,80.0,-245.0,366.0,11168,180.56,157.7,76.36,-53.5,261.9,101.0,-234.0,370.0,11590,188.05,126.64,69.78,-8.37,244.91,101.0,-228.0,375.0,11339,0.9870299442896936
176.92,146.58,68.22,-37.88,255.28,103.0,-218.0,389.0,10534,156.01,66.77,52.06,37.18,170.72,153.0,-247.0,321.0,10239,167.54,77.31,47.52,42.71,197.33,165.0,-242.0,359.0,9366,174.98,109.64,60.74,4.6,223.88,132.0,-208.0,364.0,10387,178.1,113.65,65.23,-0.78,226.52,139.0,-196.0,351.0,9513,163.53,78.48,49.95,35.1,192.06,152.0,-223.0,357.0,9883,0.9382001139168408
171.9,141.41,75.73,-45.24,237.58,108.0,-234.0,374.0,13652,151.02,73.69,73.96,3.37,150.75,145.0,-207.0,316.0,12695,160.22,62.56,53.26,44.4,169.52,147.0,-198.0,320.0,12306,179.79,127.29,72.49,-19.99,234.59,139.0,-214.0,383.0,12313,172.19,114.46,80.57,-22.84,206.08,137.0,-235.0,374.0,12792,146.7,52.64,55.74,38.32,143.6,151.0,-203.0,301.0,12710,0.9309991210079108
177.83,135.43,83.33,-40.93,229.93,129.0,-242.0,368.0,11512,151.99,65.86,71.17,14.96,146.68,162.0,-208.0,317.0,11726,115.3,34.83,47.33,33.14,102.8,141.0,-246.0,310.0,11465,170.43,98.28,74.34,-2.19,194.37,146.0,-191.0,344.0,10680,192.26,150.85,91.55,-50.14,251.56,88.0,-237.0,371.0,11464,123.31,42.32,54.82,26.17,110.81,123.0,-228.0,292.0,11684,1.0149409312022235
204.79,169.15,83.49,-47.85,290.45,98.0,-187.0,402.0,11001,159.95,58.19,62.12,39.64,156.02,154.0,-249.0,331.0,10686,177.87,109.74,64.8,3.33,222.81,198.0,-219.0,393.0,11308,200.68,116.27,65.93,18.48,251.02,157.0,-181.0,359.0,10865,192.57,93.69,63.55,35.33,222.71,181.0,-172.0,371.0,10631,178.57,102.91,65.69,9.97,215.79,181.0,-230.0,403.0,10987,0.9987273884192346
180.72,109.73,62.73,8.26,227.72,149.0,-248.0,405.0,17018,174.99,79.79,64.04,31.16,190.74,152.0,-188.0,368.0,15722,144.47,42.51,58.76,43.2,128.22,147.0,-233.0,315.0,15863,197.49,106.33,65.6,25.56,238.22,166.0,-176.0,362.0,16081,194.43,123.83,58.94,11.66,259.32,134.0,-179.0,374.0,16822,159.73,48.22,48.38,63.13,159.57,180.0,-243.0,357.0,15886,0.9334821953225996
187.69,112.13,59.57,15.99,240.25,152.0,-220.0,374.0,7324,151.31,78.44,44.76,28.11,184.99,143.0,-219.0,340.0,7383,120.52,30.87,32.66,56.99,118.73,149.0,-211.0,326.0,7860,131.83,40.09,42.63,49.11,129.29,126.0,-227.0,336.0,7351,180.75,138.39,67.86,-25.5,251.28,121.0,-245.0,362.0,8012,178.32,70.37,44.31,63.64,204.38,148.0,-110.0,328.0,7484,1.0218459858001092
175.53,147.53,53.87,-25.87,269.19,140.0,-244.0,418.0,11965,182.14,120.11,75.28,-13.25,226.97,161.0,-224.0,372.0,12179,162.98,51.14,50.15,61.69,163.97,160.0,-246.0,357.0,12185,179.5,149.5,60.56,-30.56,268.44,132.0,-232.0,405.0,11833,184.48,168.08,70.32,-53.92,282.24,54.0,-215.0,407.0,12093,163.25,86.14,52.34,24.77,197.05,149.0,-153.0,399.0,12395,1.0359381529460927
173.33,153.19,70.28,-50.14,256.24,109.0,-203.0,378.0,8623,171.41,146.1,77.91,-52.6,239.6,106.0,-216.0,356.0,8465,154.76,61.32,43.79,49.65,172.29,140.0,-235.0,311.0,8524,188.74,167.72,91.91,-70.89,264.55,121.0,-198.0,353.0,8242,189.02,182.36,92.9,-86.24,278.48,48.0,-175.0,368.0,8249,162.19,103.26,61.02,-2.09,204.43,125.0,-190.0,357.0,8548,0.9913023309752986
172.26,132.94,57.21,-17.89,247.99,92.0,-224.0,395.0,9491,123.0,39.49,50.31,33.2,112.18,138.0,-240.0,355.0,8854,140.43,49.78,43.28,47.37,146.93,133.0,-240.0,302.0,8600,142.35,56.58,43.14,42.63,155.79,117.0,-229.0,364.0,8883,149.67,45.11,43.22,61.34,151.56,162.0,-202.0,291.0,8668,141.48,42.4,38.51,60.57,145.37,145.0,-225.0,309.0,8784,0.9255083763565484
197.82,156.26,61.77,-20.21,292.31,113.0,-210.0,394.0,14729,127.73,41.56,54.19,31.98,115.1,130.0,-252.0,361.0,14218,146.24,51.34,55.08,39.82,142.5,152.0,-196.0,326.0,14501,184.93,118.01,49.24,17.68,253.7,149.0,-112.0,413.0,14105,189.11,77.48,54.92,56.71,211.67,163.0,-181.0,389.0,14266,151.76,58.76,48.06,44.94,162.46,166.0,-216.0,362.0,14540,0.987168171634191
176.17,113.37,54.85,7.95,234.69,152.0,-239.0,390.0,12043,165.18,89.76,66.01,9.41,188.93,167.0,-245.0,372.0,11854,141.97,33.05,41.76,67.16,133.26,154.0,-246.0,275.0,11437,181.03,106.03,62.8,12.2,224.26,155.0,-197.0,363.0,11935,181.06,78.27,49.45,53.34,209.88,153.0,-160.0,336.0,11777,152.9,39.88,43.56,69.46,149.22,170.0,-249.0,291.0,11545,0.958648177364444
135.5,48.49,43.99,43.02,140.0,148.0,-250.0,339.0,9444,171.05,104.77,57.83,8.45,217.99,142.0,-246.0,361.0,9145,143.07,31.24,30.29,81.54,144.02,156.0,-169.0,272.0,8980,166.02,61.72,40.12,64.18,187.62,158.0,-208.0,333.0,8903,167.73,68.1,40.76,58.87,195.07,153.0,-222.0,341.0,8742,144.2,32.71,28.51,82.98,148.4,182.0,-251.0,279.0,8730,0.9243964421855146
183.9,133.91,62.76,-12.77,255.05,145.0,-238.0,390.0,12088,182.94,154.65,68.83,-40.54,268.76,86.0,-247.0,387.0,11303,185.11,106.67,51.36,27.08,240.42,133.0,-244.0,365.0,11386,191.51,153.8,70.24,-32.53,275.07,128.0,-208.0,375.0,11269,196.66,149.19,68.53,-21.06,277.32,98.0,-230.0,385.0,11296,189.86,113.99,54.65,21.22,249.2,137.0,-215.0,353.0,11488,0.9503639973527466
150.16,65.26,51.24,33.66,164.18,149.0,-250.0,304.0,9467,169.07,149.94,68.87,-49.74,250.14,88.0,-238.0,372.0,9015,139.85,43.94,40.93,54.98,142.86,156.0,-236.0,295.0,8563,160.68,76.81,45.0,38.87,192.49,137.0,-249.0,334.0,8840,172.22,119.11,61.75,-8.64,229.58,100.0,-187.0,372.0,8882,163.79,69.09,52.06,42.64,180.82,143.0,-201.0,313.0,8417,0.8890884123798458
189.73,176.8,74.98,-62.05,291.55,58.0,-181.0,388.0,9279,138.74,65.0,47.86,25.88,155.88,126.0,-246.0,307.0,9345,147.24,83.92,44.14,19.18,187.02,143.0,-189.0,379.0,8895,178.45,98.71,58.86,20.88,218.3,153.0,-144.0,374.0,8786,185.81,147.5,73.95,-35.64,259.36,109.0,-175.0,374.0,8929,149.85,86.87,44.77,18.21,191.95,114.0,-230.0,348.0,8931,0.9624959586162302
158.04,82.83,41.18,34.03,199.69,144.0,-249.0,379.0,9445,121.08,39.82,37.69,43.57,123.21,152.0,-245.0,319.0,8898,109.76,22.73,29.69,57.34,102.8,141.0,-247.0,262.0,8461,109.38,24.35,34.06,50.97,99.67,111.0,-250.0,258.0,8344,163.29,85.59,37.14,40.56,211.74,143.0,-242.0,378.0,8946,125.98,33.68,31.15,61.15,128.51,140.0,-249.0,315.0,8844,0.9363684489147696
184.2,126.79,58.17,-0.76,252.82,141.0,-230.0,397.0,11553,169.61,101.51,66.68,1.42,204.44,160.0,-238.0,383.0,11227,138.11,36.1,47.17,54.84,127.04,144.0,-158.0,264.0,11292,197.5,131.75,68.84,-3.09,260.41,163.0,-147.0,372.0,11593,200.55,165.1,69.48,-34.03,296.17,75.0,-166.0,404.0,11291,163.47,81.73,46.93,34.81,198.27,157.0,-202.0,361.0,11275,0.9759369860642256
167.32,100.03,53.18,14.11,214.17,143.0,-247.0,376.0,13188,174.57,115.93,63.04,-4.4,227.46,144.0,-185.0,373.0,12608,150.95,36.96,37.91,76.08,150.0,158.0,-249.0,277.0,12359,175.06,68.54,48.98,57.54,194.62,154.0,-234.0,367.0,12554,191.48,114.02,61.66,15.8,243.84,141.0,-214.0,354.0,12548,173.86,71.05,48.09,54.72,196.82,154.0,-200.0,333.0,12535,0.9504852896572642
174.21,102.35,47.94,23.92,228.62,131.0,-248.0,407.0,16111,151.0,59.26,54.12,37.62,156.14,148.0,-236.0,368.0,15332,109.4,39.55,52.87,16.98,96.08,126.0,-229.0,312.0,16128,162.95,58.37,50.68,53.9,170.64,140.0,-248.0,358.0,15293,194.54,100.58,45.71,48.25,249.41,160.0,-243.0,381.0,15957,149.31,59.09,48.41,41.81,159.99,165.0,-242.0,369.0,15993,0.9926758115573212
182.96,175.78,73.46,-66.28,285.28,46.0,-223.0,390.0,12658,169.77,103.69,67.64,-1.56,205.82,138.0,-235.0,349.0,12370,178.35,106.14,58.17,14.04,226.32,141.0,-207.0,403.0,12448,189.38,148.52,74.85,-33.99,263.05,124.0,-206.0,368.0,12442,181.78,167.91,70.35,-56.48,279.34,58.0,-186.0,378.0,12584,183.69,120.93,64.92,-2.16,239.7,134.0,-194.0,408.0,12448,0.9834097013746248
168.33,89.06,46.83,32.44,210.56,139.0,-232.0,381.0,12831,145.85,40.78,45.82,59.25,140.81,181.0,-249.0,300.0,11845,136.28,42.59,42.67,51.02,136.2,133.0,-208.0,340.0,11907,175.81,69.1,37.2,69.51,207.71,165.0,-244.0,368.0,12099,171.8,65.92,39.01,66.87,198.71,166.0,-221.0,361.0,11802,125.97,33.52,40.9,51.55,118.59,135.0,-249.0,334.0,12531,0.9766191255552956
165.36,121.35,61.99,-17.98,224.72,102.0,-248.0,405.0,13585,125.13,56.7,48.48,19.95,133.35,137.0,-247.0,312.0,13271,144.67,60.48,52.98,31.21,152.17,121.0,-202.0,326.0,12862,162.02,72.52,51.67,37.83,182.87,137.0,-251.0,326.0,12652,161.44,103.8,49.89,7.75,215.35,127.0,-197.0,409.0,12991,136.67,59.11,47.24,30.32,148.54,112.0,-194.0,312.0,12346,0.9087964666912036
165.77,142.44,67.76,-44.43,240.45,93.0,-225.0,384.0,12742,170.77,155.66,67.21,-52.1,259.22,81.0,-243.0,374.0,12169,159.77,100.44,53.07,6.26,207.14,129.0,-240.0,342.0,11589,172.27,134.52,67.57,-29.82,239.22,96.0,-235.0,393.0,12217,178.67,150.75,70.71,-42.79,258.71,83.0,-247.0,366.0,11951,174.75,104.14,59.83,10.78,219.06,129.0,-220.0,379.0,12499,0.9809292104850104
178.34,158.34,68.37,-48.37,268.31,121.0,-242.0,377.0,10911,184.78,161.88,84.93,-62.03,261.73,68.0,-246.0,352.0,10684,188.45,106.81,61.6,20.04,233.66,111.0,-180.0,367.0,10348,192.92,169.81,82.91,-59.8,279.82,79.0,-219.0,378.0,10140,185.8,180.47,75.93,-70.6,290.34,31.0,-203.0,380.0,10393,193.58,163.62,80.64,-50.68,276.56,44.0,-229.0,371.0,10529,0.9649894601778022
184.38,170.17,82.15,-67.94,272.4,80.0,-236.0,362.0,9518,164.89,119.45,69.01,-23.57,215.33,136.0,-241.0,361.0,9367,154.24,63.71,48.73,41.8,169.22,132.0,-236.0,313.0,9087,185.75,142.49,75.25,-31.99,252.99,111.0,-229.0,368.0,8967,186.66,182.3,79.0,-74.64,289.96,46.0,-182.0,371.0,9028,166.28,105.76,59.12,1.4,212.92,124.0,-245.0,382.0,8906,0.9357007774742592
179.84,140.94,63.54,-24.64,257.24,138.0,-193.0,388.0,16914,190.26,154.38,77.13,-41.25,267.51,122.0,-200.0,380.0,16189,190.35,104.45,60.22,25.68,234.58,149.0,-211.0,381.0,17033,192.64,155.17,70.67,-33.2,277.14,114.0,-221.0,393.0,16878,192.89,166.2,76.23,-49.54,282.86,59.0,-214.0,383.0,15969,183.84,126.31,59.46,-1.93,250.69,124.0,-239.0,410.0,16324,0.965117654014426
174.45,164.27,64.65,-54.47,274.07,80.0,-245.0,374.0,11200,172.97,144.41,71.54,-42.98,245.84,115.0,-236.0,363.0,10875,162.88,68.8,41.27,52.81,190.41,138.0,-243.0,325.0,10619,182.01,136.25,66.14,-20.38,252.12,140.0,-232.0,385.0,10998,185.13,185.93,79.54,-80.34,291.52,36.0,-194.0,368.0,10433,170.99,105.12,51.67,14.2,224.44,124.0,-245.0,391.0,10754,0.9601785714285714
181.19,163.5,56.02,-38.33,288.67,103.0,-231.0,406.0,9554,171.26,108.62,60.53,2.11,219.35,146.0,-246.0,356.0,9820,164.66,71.35,47.85,45.46,188.16,135.0,-153.0,394.0,9322,175.05,131.64,53.72,-10.31,252.97,143.0,-186.0,411.0,9286,189.7,168.37,63.76,-42.43,294.31,66.0,-200.0,399.0,8973,180.42,135.59,55.33,-10.5,260.68,112.0,-242.0,426.0,9666,1.0117228386016328
189.06,167.05,77.02,-55.01,279.09,108.0,-220.0,379.0,9027,154.87,87.34,57.65,9.88,184.56,139.0,-242.0,343.0,9448,158.51,65.81,59.73,32.97,164.59,148.0,-219.0,380.0,9032,151.37,71.61,47.2,32.56,175.78,132.0,-212.0,405.0,8751,186.5,118.87,58.82,8.81,246.55,123.0,-177.0,384.0,9249,189.05,119.44,69.4,0.21,239.09,144.0,-214.0,378.0,9445,1.046305527860862
182.75,166.8,77.59,-61.64,271.96,91.0,-234.0,383.0,11925,166.4,139.87,74.73,-48.2,231.54,72.0,-241.0,358.0,11568,176.74,109.75,62.89,4.1,223.6,109.0,-245.0,345.0,11698,182.42,146.17,74.71,-38.46,253.88,81.0,-199.0,369.0,11641,177.49,150.33,71.78,-44.62,256.04,61.0,-239.0,387.0,11954,172.14,138.22,68.25,-34.33,242.11,89.0,-222.0,379.0,12087,1.0135849056603774
172.54,131.48,63.23,-22.17,240.79,104.0,-245.0,366.0,11521,162.81,143.37,58.52,-39.08,247.66,81.0,-238.0,377.0,11448,166.68,91.73,51.23,23.72,207.18,125.0,-247.0,326.0,10642,167.13,134.74,52.99,-20.6,248.88,95.0,-242.0,392.0,10685,177.4,157.88,57.78,-38.26,277.5,92.0,-239.0,394.0,11558,174.66,143.3,62.48,-31.12,255.48,81.0,-214.0,400.0,11583,1.0053814773023175
180.53,163.72,67.94,-51.13,276.31,88.0,-211.0,391.0,9083,162.48,109.97,63.85,-11.34,208.6,102.0,-245.0,349.0,9120,159.94,78.24,49.78,31.92,188.4,123.0,-245.0,306.0,8758,176.46,136.93,61.02,-21.49,252.37,98.0,-188.0,402.0,8578,190.41,166.91,70.64,-47.14,286.68,57.0,-242.0,390.0,9065,186.66,146.06,76.44,-35.84,256.28,86.0,-207.0,371.0,8561,0.942530001100958
184.37,183.01,75.48,-74.12,291.9,62.0,-217.0,369.0,11111,162.77,105.04,63.02,-5.29,204.79,136.0,-232.0,370.0,10853,159.46,72.36,48.36,38.74,183.46,143.0,-185.0,401.0,10654,186.8,164.83,77.31,-55.34,274.32,112.0,-177.0,369.0,11180,182.29,161.38,76.19,-55.28,267.48,76.0,-204.0,376.0,11251,156.79,90.43,52.21,14.15,195.01,126.0,-245.0,388.0,10459,0.941319413194132
186.2,175.88,80.08,-69.76,282.0,103.0,-220.0,376.0,9318,158.39,110.68,57.22,-9.51,211.85,138.0,-247.0,354.0,9075,152.48,52.19,44.4,55.89,160.27,150.0,-249.0,374.0,9036,188.81,164.41,79.03,-54.63,274.19,91.0,-226.0,373.0,9021,189.72,167.11,78.85,-56.24,277.98,79.0,-214.0,378.0,9074,162.73,75.94,50.22,36.57,188.45,154.0,-206.0,371.0,8780,0.9422622880446448
175.56,137.03,55.89,-17.36,256.7,152.0,-227.0,402.0,16777,174.43,105.33,59.04,10.06,220.72,164.0,-241.0,385.0,15460,143.76,49.51,57.22,37.03,136.05,147.0,-207.0,415.0,15665,175.09,70.08,55.34,49.67,189.83,145.0,-250.0,334.0,15688,199.78,127.89,53.79,18.1,273.88,130.0,-212.0,371.0,16235,178.46,76.95,49.21,52.3,206.2,186.0,-241.0,400.0,15836,0.9439113071466888
192.24,162.16,61.12,-31.04,293.28,114.0,-245.0,402.0,11149,175.74,106.46,51.54,17.74,230.66,154.0,-248.0,384.0,10884,191.43,121.5,51.39,18.54,261.54,137.0,-198.0,374.0,10762,183.65,119.22,44.04,20.39,258.83,126.0,-244.0,401.0,10862,194.11,143.21,59.37,-8.47,277.95,135.0,-228.0,393.0,10558,195.36,127.07,56.3,11.99,266.13,118.0,-239.0,364.0,10950,0.9821508655484796
178.59,168.24,82.95,-72.6,263.88,89.0,-223.0,364.0,11730,176.19,164.32,84.6,-72.73,255.91,48.0,-245.0,347.0,11378,183.26,150.11,80.07,-46.92,253.3,119.0,-201.0,379.0,11107,186.33,169.2,86.16,-69.03,269.37,64.0,-209.0,363.0,10950,182.3,172.27,83.47,-73.44,271.1,47.0,-194.0,366.0,11212,185.53,166.72,89.58,-70.77,262.67,53.0,-202.0,360.0,11004,0.9381074168797954
164.48,129.6,67.57,-32.69,226.51,98.0,-241.0,359.0,5778,148.84,87.49,59.36,1.99,176.97,121.0,-229.0,324.0,5632,132.26,40.9,38.38,52.98,134.78,119.0,-179.0,279.0,5542,168.05,135.15,66.23,-33.33,236.97,112.0,-208.0,363.0,5556,170.51,166.31,68.96,-64.76,267.86,42.0,-244.0,367.0,5321,146.11,73.49,45.39,27.23,174.21,110.0,-246.0,322.0,5656,0.9788854274835584
169.74,159.27,78.09,-67.62,250.92,108.0,-222.0,351.0,7298,165.66,154.97,75.29,-64.6,245.34,87.0,-245.0,367.0,7174,162.9,93.02,59.38,10.5,196.54,108.0,-187.0,321.0,7049,170.13,167.95,80.79,-78.61,257.29,75.0,-209.0,353.0,6814,180.86,184.97,94.95,-99.06,270.88,19.0,-245.0,347.0,6880,173.87,151.15,79.23,-56.51,245.79,86.0,-199.0,350.0,7159,0.9809536859413538
163.63,125.63,64.47,-26.47,224.79,138.0,-250.0,350.0,9356,161.89,147.71,63.59,-49.41,246.01,107.0,-250.0,354.0,8888,153.38,84.98,42.85,25.55,195.51,134.0,-246.0,375.0,8504,165.87,139.64,61.83,-35.6,243.68,118.0,-248.0,361.0,9050,178.84,178.52,71.12,-70.8,286.24,34.0,-240.0,367.0,8725,166.16,126.31,58.37,-18.52,234.1,113.0,-234.0,367.0,9034,0.9655835827276614
147.85,60.52,48.78,38.55,159.59,145.0,-245.0,333.0,8736,128.73,55.2,46.65,26.88,137.28,114.0,-242.0,312.0,8276,112.53,26.1,36.25,50.18,102.38,133.0,-185.0,245.0,7780,143.41,37.78,42.24,63.39,138.95,156.0,-179.0,309.0,8320,167.43,84.55,42.79,40.09,209.19,145.0,-250.0,349.0,8284,121.09,34.82,38.55,47.72,117.36,122.0,-225.0,334.0,8216,0.9404761904761904
150.84,79.49,52.94,18.41,177.39,136.0,-186.0,397.0,11739,158.32,103.08,64.34,-9.1,197.06,142.0,-235.0,358.0,11373,138.01,49.44,48.5,40.07,138.95,146.0,-250.0,350.0,11502,177.38,112.88,58.82,5.68,231.44,145.0,-251.0,387.0,11445,183.15,155.64,71.98,-44.47,266.81,53.0,-223.0,403.0,11546,163.01,93.17,59.97,9.87,196.21,115.0,-185.0,351.0,10911,0.929465882954255
128.12,48.27,51.75,28.1,124.64,131.0,-249.0,309.0,9867,148.63,71.11,53.33,24.19,166.41,151.0,-174.0,362.0,9634,126.59,29.38,44.19,53.02,111.78,117.0,-147.0,276.0,9619,147.23,40.56,46.44,60.23,141.35,137.0,-126.0,316.0,9937,149.27,43.82,36.55,68.9,156.54,160.0,-186.0,336.0,10143,140.2,30.12,42.14,67.94,128.18,145.0,-235.0,309.0,10035,1.0170264518090606
178.24,168.82,72.13,-62.71,274.93,97.0,-249.0,372.0,9609,172.84,143.72,71.45,-42.33,245.11,83.0,-237.0,376.0,9016,182.41,144.8,68.57,-30.96,258.64,82.0,-245.0,373.0,9273,180.78,173.14,73.05,-65.41,280.87,85.0,-208.0,365.0,9009,182.0,182.09,72.64,-72.73,291.45,26.0,-187.0,379.0,9155,185.37,155.36,78.17,-48.16,262.56,60.0,-232.0,374.0,9316,0.9695077531480903
176.31,150.65,63.74,-38.08,263.22,99.0,-242.0,393.0,14256,178.49,158.2,69.75,-49.46,266.94,97.0,-218.0,391.0,13667,181.97,104.23,49.64,28.1,236.56,150.0,-246.0,374.0,13351,188.55,122.67,56.04,9.84,255.18,135.0,-223.0,383.0,13259,189.63,160.17,73.64,-44.18,276.16,72.0,-220.0,376.0,13544,190.73,110.32,61.03,19.38,240.02,141.0,-188.0,397.0,13917,0.9762205387205388
181.1,176.64,75.35,-70.89,282.39,68.0,-248.0,370.0,9890,182.41,156.04,79.25,-52.88,259.2,109.0,-233.0,361.0,9867,194.85,136.88,72.89,-14.92,258.84,136.0,-198.0,353.0,9878,184.86,182.78,80.47,-78.39,287.17,77.0,-247.0,364.0,9746,181.52,144.55,65.73,-28.76,260.34,120.0,-227.0,373.0,9484,177.24,143.24,69.12,-35.12,251.36,107.0,-225.0,373.0,9382,0.9486349848331648
176.27,167.91,72.74,-64.38,271.44,112.0,-213.0,367.0,11330,172.91,162.53,75.38,-65.0,260.06,56.0,-220.0,358.0,10744,183.89,118.72,58.07,7.1,244.54,145.0,-201.0,368.0,10494,175.41,164.06,67.51,-56.16,271.96,65.0,-218.0,376.0,10351,181.39,182.15,76.93,-77.69,286.61,16.0,-247.0,366.0,10437,178.74,166.41,72.07,-59.74,273.08,85.0,-250.0,390.0,10339,0.9125330979699912
183.42,187.9,78.56,-83.04,292.76,22.0,-205.0,386.0,7979,170.55,126.09,63.16,-18.7,233.48,123.0,-249.0,372.0,7818,184.54,142.04,69.45,-26.95,257.13,128.0,-248.0,363.0,8000,178.4,178.84,73.04,-73.48,284.2,72.0,-245.0,376.0,7553,175.53,172.98,68.32,-65.77,280.19,36.0,-213.0,371.0,7557,175.2,153.21,70.92,-48.93,257.49,97.0,-203.0,368.0,7456,0.9344529389647824
154.95,102.69,53.26,-1.0,204.38,130.0,-245.0,360.0,7323,163.55,148.92,66.38,-51.75,246.09,70.0,-245.0,360.0,7038,143.3,65.79,44.74,32.77,164.35,127.0,-196.0,315.0,7180,159.67,136.36,55.66,-32.35,240.37,77.0,-246.0,371.0,6873,173.04,172.73,62.59,-62.28,283.18,54.0,-241.0,375.0,6965,161.35,115.28,52.45,-6.38,224.18,123.0,-244.0,380.0,6664,0.9100095589239384
173.61,127.1,62.13,-15.62,238.58,127.0,-247.0,371.0,8561,170.82,124.44,66.35,-19.97,228.91,136.0,-234.0,373.0,8440,144.13,45.75,39.02,59.36,150.86,145.0,-241.0,297.0,7951,174.51,112.53,56.13,5.85,230.91,159.0,-252.0,384.0,7979,191.12,174.32,78.93,-62.13,286.51,61.0,-214.0,376.0,7920,177.24,117.15,58.81,1.28,235.58,125.0,-169.0,389.0,8179,0.9553790445041468
179.89,174.51,73.75,-68.37,280.65,105.0,-246.0,374.0,9357,163.92,117.05,64.94,-18.07,216.03,137.0,-245.0,360.0,9175,149.09,64.16,40.65,44.28,172.6,147.0,-250.0,285.0,9040,177.55,174.09,69.22,-65.76,282.42,78.0,-245.0,374.0,9245,175.94,150.72,66.1,-40.88,260.56,106.0,-245.0,375.0,9061,151.85,68.31,42.71,40.83,177.45,151.0,-243.0,355.0,9157,0.9786256278721812
170.18,165.23,68.47,-63.52,266.94,69.0,-238.0,375.0,6338,168.33,162.54,78.65,-72.86,252.22,72.0,-248.0,359.0,6252,154.46,126.93,54.07,-26.54,227.32,65.0,-239.0,396.0,5968,183.72,169.83,80.96,-67.07,272.59,88.0,-210.0,372.0,6098,173.81,177.47,76.11,-79.77,275.17,40.0,-213.0,367.0,6043,160.2,157.27,60.55,-57.62,256.92,61.0,-247.0,365.0,6041,0.9531397917324076
180.32,167.8,70.21,-57.69,277.91,84.0,-238.0,370.0,10096,167.94,117.39,59.99,-9.44,225.34,120.0,-245.0,361.0,9758,169.65,111.81,54.35,3.49,227.11,128.0,-235.0,376.0,9454,178.34,118.59,53.92,5.83,243.01,141.0,-246.0,373.0,9601,185.03,171.13,71.49,-57.59,284.67,78.0,-197.0,385.0,9541,180.9,152.5,70.12,-41.72,263.28,96.0,-228.0,378.0,9959,0.9864302694136292
176.39,168.61,68.15,-60.37,276.85,61.0,-216.0,383.0,10765,165.23,154.52,64.84,-54.13,254.91,104.0,-247.0,363.0,10285,169.36,116.4,52.1,0.86,233.66,135.0,-247.0,388.0,10217,175.93,154.3,64.95,-43.32,265.28,75.0,-246.0,382.0,10247,178.55,185.31,69.63,-76.39,294.23,16.0,-174.0,376.0,10116,176.3,147.89,67.89,-39.48,256.3,105.0,-212.0,373.0,10610,0.9856014862981886
166.39,166.63,67.52,-67.76,265.5,38.0,-246.0,366.0,8690,158.6,143.16,61.03,-45.59,240.73,83.0,-246.0,374.0,8490,168.58,113.65,56.91,-1.98,225.32,113.0,-201.0,340.0,8455,167.59,155.18,63.78,-51.37,258.99,67.0,-213.0,369.0,8084,168.2,171.52,66.25,-69.57,273.47,23.0,-245.0,365.0,8088,172.35,147.82,66.68,-42.15,253.49,90.0,-234.0,374.0,8192,0.942692750287687
177.55,156.33,68.67,-47.45,265.21,102.0,-235.0,382.0,8895,173.76,149.35,69.66,-45.25,253.45,111.0,-219.0,371.0,8941,173.57,100.47,54.16,18.94,219.88,146.0,-192.0,376.0,8666,179.07,170.36,69.05,-60.34,280.38,104.0,-242.0,374.0,8285,186.47,167.81,72.3,-53.64,281.98,106.0,-246.0,380.0,8971,183.49,131.95,68.2,-16.66,247.24,115.0,-245.0,366.0,8699,0.97796514896009
175.75,184.66,83.59,-92.5,276.82,29.0,-210.0,358.0,6684,165.71,167.13,73.13,-74.55,259.71,57.0,-247.0,347.0,6639,173.56,148.41,71.26,-46.11,250.71,66.0,-243.0,366.0,6630,172.11,179.55,74.48,-81.92,277.18,53.0,-216.0,359.0,6587,174.55,176.02,77.97,-79.44,272.6,21.0,-244.0,363.0,6255,178.67,172.96,81.2,-75.49,270.43,57.0,-242.0,362.0,6416,0.959904248952723
175.16,155.5,70.16,-50.5,260.5,86.0,-234.0,369.0,9983,171.12,119.08,66.17,-14.13,224.03,123.0,-246.0,363.0,9770,177.3,105.08,57.38,14.84,225.0,135.0,-250.0,343.0,9725,192.15,140.38,72.94,-21.17,259.59,115.0,-235.0,372.0,9758,181.32,163.0,72.42,-54.1,271.9,93.0,-249.0,366.0,9987,171.27,115.82,55.87,-0.42,231.22,151.0,-242.0,387.0,9742,0.975858960232395
169.59,85.69,56.97,26.93,198.31,149.0,-241.0,370.0,12973,177.03,109.26,56.82,10.95,229.47,125.0,-242.0,365.0,12475,156.33,51.33,44.08,60.92,163.58,148.0,-174.0,359.0,12749,169.93,59.05,41.41,69.47,187.57,154.0,-191.0,331.0,12151,194.73,113.79,56.33,24.61,252.19,131.0,-244.0,347.0,12682,163.59,45.37,45.41,72.81,163.55,177.0,-236.0,330.0,12710,0.9797271255684884
158.89,150.9,63.95,-55.96,245.84,40.0,-248.0,372.0,6216,145.21,91.2,55.36,-1.35,181.05,103.0,-249.0,319.0,6241,140.59,91.9,42.89,5.8,189.6,117.0,-194.0,356.0,5901,152.63,123.51,50.34,-21.22,225.8,87.0,-244.0,402.0,6037,167.48,161.54,60.29,-54.35,268.73,62.0,-223.0,375.0,5882,156.38,118.17,52.8,-14.59,221.75,91.0,-204.0,366.0,6217,1.0001608751608753
185.84,164.6,79.37,-58.13,271.07,134.0,-245.0,369.0,9207,168.63,130.47,70.08,-31.92,229.02,132.0,-245.0,360.0,9130,146.8,39.75,32.78,74.27,153.77,162.0,-244.0,251.0,8745,177.06,141.63,72.6,-37.17,246.09,107.0,-244.0,352.0,9346,194.28,184.56,91.31,-81.59,287.53,49.0,-249.0,360.0,8931,172.14,115.58,59.66,-3.1,228.06,164.0,-241.0,368.0,9104,0.9888128597806016
179.88,145.02,64.71,-29.85,260.19,106.0,-248.0,383.0,10614,167.41,103.04,63.23,1.14,207.22,167.0,-242.0,374.0,10300,152.16,45.65,42.24,64.27,155.57,155.0,-199.0,308.0,10140,191.94,133.26,70.54,-11.86,254.66,149.0,-199.0,383.0,10264,190.67,159.95,76.6,-45.88,274.02,109.0,-245.0,376.0,10452,159.56,60.05,51.78,47.73,167.83,149.0,-223.0,310.0,10161,0.957320520067835
171.21,130.21,71.47,-30.47,229.95,110.0,-241.0,365.0,8436,147.21,82.64,49.2,15.37,180.65,156.0,-219.0,356.0,8322,133.15,48.46,39.1,45.59,142.51,118.0,-207.0,286.0,7923,175.12,113.52,64.92,-3.32,223.72,120.0,-196.0,349.0,7789,183.86,139.57,75.07,-30.78,248.36,105.0,-220.0,349.0,7926,140.74,48.59,35.36,56.79,153.97,159.0,-183.0,344.0,7743,0.9178520625889048
169.84,149.17,66.91,-46.24,252.1,85.0,-213.0,374.0,9174,153.88,82.48,53.36,18.04,183.0,147.0,-246.0,316.0,8828,159.57,84.27,46.89,28.41,196.95,136.0,-196.0,365.0,8536,167.44,144.78,57.44,-34.78,254.78,100.0,-245.0,395.0,9017,165.41,157.21,64.52,-56.32,258.1,65.0,-250.0,374.0,8538,165.02,116.58,54.81,-6.37,226.79,125.0,-231.0,406.0,9288,1.012426422498365
190.22,150.18,71.78,-31.74,268.62,95.0,-223.0,373.0,13648,175.9,122.51,65.2,-11.81,233.21,148.0,-249.0,354.0,12920,149.95,50.15,42.23,57.57,157.87,153.0,-171.0,397.0,13599,190.82,114.42,64.0,12.4,241.24,137.0,-245.0,356.0,13405,199.41,158.92,79.18,-38.69,279.15,81.0,-242.0,367.0,13338,177.49,95.08,55.07,27.34,217.5,151.0,-192.0,359.0,13651,1.0002198124267292
171.92,117.96,51.84,2.12,238.04,149.0,-251.0,384.0,7612,144.63,58.75,39.58,46.3,163.8,158.0,-250.0,321.0,7514,126.99,18.75,32.67,75.57,113.07,156.0,-224.0,254.0,6870,175.18,122.06,54.25,-1.13,242.99,152.0,-249.0,379.0,7038,188.62,141.24,52.46,-5.08,277.4,127.0,-247.0,398.0,6787,132.65,24.76,31.69,76.2,125.72,150.0,-243.0,309.0,7172,0.9421965317919077
180.3,172.6,63.04,-55.34,289.86,85.0,-249.0,386.0,8951,169.58,156.18,68.73,-55.33,257.03,106.0,-248.0,368.0,8723,181.85,86.91,51.17,43.77,217.59,166.0,-248.0,365.0,9278,179.09,171.39,73.35,-65.65,277.13,116.0,-245.0,366.0,8759,182.28,181.17,82.85,-81.74,280.6,66.0,-234.0,384.0,8953,179.84,101.14,53.98,24.72,227.0,150.0,-249.0,375.0,8857,0.989498380069266
185.47,103.09,62.3,20.08,226.26,112.0,-245.0,388.0,14698,174.16,74.82,70.98,28.36,178.0,114.0,-248.0,335.0,13737,145.67,52.47,68.53,24.67,129.61,119.0,-252.0,275.0,14256,146.31,54.72,60.26,31.33,140.77,117.0,-251.0,328.0,14482,200.28,105.45,63.36,31.47,242.37,126.0,-204.0,403.0,14301,186.66,76.6,59.82,50.24,203.44,126.0,-251.0,358.0,14424,0.9813580078922304
169.7,131.79,72.96,-35.05,228.53,104.0,-214.0,363.0,8173,141.53,65.72,61.96,13.85,145.29,124.0,-253.0,339.0,8105,134.72,63.58,52.94,18.2,145.36,87.0,-250.0,313.0,7832,174.55,103.63,65.67,5.25,212.51,117.0,-255.0,354.0,7829,185.13,133.3,78.71,-26.88,239.72,84.0,-251.0,356.0,8062,157.48,82.08,59.69,15.71,179.87,109.0,-213.0,362.0,7878,0.9639055426404012
182.24,123.97,74.95,-16.68,231.26,109.0,-254.0,350.0,8300,180.84,109.9,70.2,0.74,220.54,131.0,-214.0,355.0,8212,143.23,50.72,52.27,40.24,141.68,122.0,-255.0,346.0,8117,176.49,84.33,56.89,35.27,203.93,130.0,-251.0,341.0,7993,206.41,168.27,97.66,-59.52,277.02,91.0,-250.0,360.0,8038,185.83,116.32,73.86,-4.35,228.29,105.0,-252.0,355.0,8217,0.99
169.01,103.67,70.38,-5.04,202.3,115.0,-251.0,377.0,8700,174.16,123.01,86.56,-35.41,210.61,103.0,-247.0,343.0,8310,147.52,56.54,56.72,34.26,147.34,117.0,-217.0,271.0,8274,156.27,77.72,59.03,19.52,174.96,107.0,-253.0,346.0,8474,191.29,134.06,83.27,-26.04,242.08,94.0,-253.0,340.0,8127,179.21,96.33,67.22,15.66,208.32,108.0,-256.0,341.0,8793,1.0106896551724138
172.97,104.41,72.7,-4.14,204.68,79.0,-254.0,354.0,9234,158.21,69.87,64.91,23.43,163.17,127.0,-257.0,322.0,9030,162.11,61.23,60.39,40.49,162.95,124.0,-252.0,297.0,8726,184.58,120.25,75.51,-11.18,229.32,107.0,-254.0,350.0,8887,176.12,108.97,71.66,-4.51,213.43,77.0,-178.0,358.0,8722,154.98,61.93,58.34,34.71,158.57,109.0,-238.0,314.0,8662,0.938055014078406
171.78,110.48,73.89,-12.59,208.37,118.0,-254.0,353.0,12828,180.0,158.63,83.28,-61.91,255.35,78.0,-251.0,367.0,12364,165.67,66.74,62.73,36.2,169.68,118.0,-254.0,263.0,12548,179.21,77.87,71.35,29.99,185.73,122.0,-254.0,296.0,12455,186.3,107.95,75.71,2.64,218.54,126.0,-253.0,371.0,12265,186.43,141.67,78.38,-33.62,249.72,115.0,-253.0,378.0,12648,0.9859681945743686
173.54,124.52,66.48,-17.46,231.58,90.0,-197.0,385.0,9511,185.43,121.24,68.89,-4.7,237.78,117.0,-251.0,354.0,9556,166.04,67.93,63.75,34.36,170.22,122.0,-251.0,291.0,9022,186.46,129.55,67.87,-10.96,248.14,110.0,-250.0,382.0,9023,187.19,110.17,65.21,11.81,232.15,103.0,-140.0,376.0,8805,169.66,81.27,58.47,29.92,192.46,115.0,-250.0,361.0,8777,0.9228262012406688
176.24,146.21,74.13,-44.1,248.32,86.0,-233.0,369.0,8025,173.13,117.54,69.37,-13.78,221.3,117.0,-250.0,351.0,7932,152.42,61.54,50.23,40.65,163.73,131.0,-255.0,293.0,7729,189.53,148.35,73.16,-31.98,264.72,122.0,-255.0,377.0,7926,200.9,196.67,90.77,-86.54,306.8,20.0,-256.0,386.0,7721,166.19,131.19,65.15,-30.15,232.23,88.0,-177.0,382.0,7687,0.9578816199376948
191.73,171.97,92.58,-72.82,271.12,52.0,-240.0,366.0,9870,182.25,141.52,81.68,-40.95,242.09,94.0,-251.0,352.0,9539,180.17,98.33,61.09,20.75,217.41,127.0,-255.0,395.0,9435,190.4,160.47,82.23,-52.3,268.64,99.0,-241.0,367.0,9591,198.39,178.14,92.46,-72.21,284.07,48.0,-254.0,366.0,9769,197.56,172.81,94.41,-69.66,275.96,80.0,-255.0,370.0,9456,0.9580547112462006
185.32,146.28,80.38,-41.34,251.22,85.0,-227.0,370.0,12172,159.16,61.92,62.88,34.36,158.2,136.0,-259.0,331.0,11907,171.0,73.25,65.68,32.07,178.57,120.0,-254.0,307.0,11614,189.34,109.47,75.45,4.42,223.36,122.0,-234.0,350.0,10987,191.0,151.86,84.31,-45.17,258.55,73.0,-239.0,386.0,11290,175.24,100.83,65.78,8.63,210.29,132.0,-253.0,360.0,11617,0.9544035491291488
168.81,150.46,75.71,-57.36,243.56,66.0,-250.0,364.0,10069,160.43,110.3,75.84,-25.71,194.89,93.0,-251.0,357.0,9813,135.6,66.23,59.73,9.64,142.1,81.0,-193.0,285.0,9586,151.53,105.09,61.42,-14.98,195.2,69.0,-250.0,372.0,9451,181.57,173.5,93.14,-85.07,261.93,47.0,-241.0,356.0,9620,192.0,186.07,106.14,-100.21,271.93,29.0,-250.0,369.0,9658,0.9591816466381964
173.74,95.0,63.21,15.53,205.53,117.0,-240.0,352.0,7854,122.36,58.56,52.78,11.02,128.14,99.0,-238.0,310.0,7701,124.98,36.32,50.6,38.06,110.7,119.0,-138.0,239.0,7285,142.97,57.59,57.22,28.16,143.34,111.0,-255.0,284.0,7554,166.67,104.71,61.14,0.82,210.24,83.0,-250.0,364.0,7381,158.02,66.51,53.73,37.78,170.8,108.0,-246.0,329.0,7431,0.9461420932009168
160.72,86.73,62.05,11.94,185.4,125.0,-250.0,311.0,5537,165.22,141.77,67.02,-43.57,239.97,77.0,-249.0,384.0,5484,150.84,56.23,55.33,39.28,151.74,96.0,-249.0,316.0,5679,162.18,73.22,57.48,31.48,177.92,104.0,-250.0,331.0,5213,174.25,122.9,68.4,-17.05,228.75,105.0,-198.0,382.0,5656,171.81,100.23,61.84,9.74,210.2,84.0,-237.0,337.0,5342,0.9647823731262416
173.99,92.63,75.28,6.08,191.34,115.0,-240.0,375.0,9549,169.34,90.48,71.72,7.14,188.1,115.0,-247.0,325.0,9308,144.86,52.85,64.5,27.51,133.21,130.0,-174.0,304.0,8909,183.04,126.26,83.16,-26.38,226.14,131.0,-241.0,360.0,9023,194.57,158.12,91.44,-54.99,261.25,84.0,-250.0,367.0,9008,169.76,90.66,64.99,14.11,195.43,107.0,-195.0,370.0,8752,0.9165357629071108
186.51,107.23,61.69,17.59,232.05,108.0,-250.0,346.0,11141,123.39,40.83,54.66,27.9,109.56,107.0,-226.0,295.0,10585,131.18,49.69,57.84,23.65,123.03,117.0,-238.0,286.0,10192,147.57,49.86,52.73,44.98,144.7,131.0,-253.0,293.0,10023,188.14,80.8,57.8,49.54,211.14,123.0,-155.0,331.0,10461,188.14,80.8,57.8,49.54,211.14,123.0,-155.0,331.0,10461,0.9389641863387488
179.6,139.93,76.58,-36.91,242.95,109.0,-220.0,353.0,11224,177.16,110.59,80.46,-13.89,207.29,96.0,-240.0,321.0,11102,156.51,52.99,67.16,36.36,142.34,120.0,-253.0,270.0,11063,176.12,75.05,70.99,30.08,180.18,131.0,-194.0,352.0,11099,200.22,153.57,89.81,-43.16,263.98,95.0,-249.0,374.0,10869,194.93,159.92,84.19,-49.18,270.66,40.0,-244.0,366.0,11043,0.9838738417676408
165.55,112.21,70.75,-17.41,207.01,105.0,-252.0,358.0,12505,178.15,162.78,83.31,-67.94,257.62,100.0,-246.0,345.0,11849,168.7,70.95,56.37,41.38,183.28,129.0,-250.0,317.0,12507,175.14,136.5,79.04,-40.4,232.6,127.0,-250.0,349.0,11764,188.86,156.94,86.9,-54.98,258.9,83.0,-246.0,351.0,12203,175.86,119.31,71.94,-15.39,223.23,99.0,-251.0,351.0,12170,0.9732107157137144
180.37,168.0,82.03,-69.66,266.34,82.0,-241.0,361.0,12340,166.87,103.49,72.01,-8.63,198.35,111.0,-251.0,330.0,12137,172.91,102.84,69.46,0.61,206.29,101.0,-203.0,331.0,11883,175.13,103.05,73.24,-1.16,204.94,88.0,-224.0,341.0,11815,179.93,139.8,83.15,-43.02,236.58,94.0,-248.0,352.0,11929,195.39,186.16,102.65,-93.42,278.9,44.0,-251.0,371.0,11860,0.9611021069692058
171.89,88.05,59.99,23.85,199.95,120.0,-250.0,381.0,14024,154.64,71.1,56.83,26.71,168.91,135.0,-247.0,333.0,13080,117.66,45.07,56.32,16.27,106.41,102.0,-252.0,275.0,13885,126.93,47.45,56.01,23.47,118.37,103.0,-222.0,323.0,13584,178.59,66.01,63.54,49.04,181.06,123.0,-139.0,316.0,13818,180.73,68.33,54.42,57.98,194.64,145.0,-236.0,325.0,13880,0.9897318881916716
175.68,166.47,77.24,-68.03,264.91,63.0,-240.0,359.0,12913,153.21,69.46,65.03,18.72,157.64,116.0,-253.0,304.0,12572,164.0,89.57,63.14,11.29,190.43,110.0,-249.0,353.0,12622,174.44,91.36,64.67,18.41,201.13,122.0,-251.0,368.0,12861,179.35,108.62,70.35,0.38,217.62,122.0,-250.0,357.0,13060,178.37,112.76,70.9,-5.29,220.23,117.0,-236.0,348.0,13004,1.0070471617749557
180.88,115.06,71.18,-5.36,224.76,139.0,-249.0,345.0,12205,169.81,116.7,73.86,-20.75,212.65,98.0,-224.0,350.0,12046,164.23,76.96,68.64,18.63,172.55,119.0,-241.0,358.0,11569,157.28,68.63,53.39,35.26,172.52,119.0,-189.0,347.0,11415,172.17,57.87,61.89,52.41,168.15,133.0,-243.0,321.0,12065,186.9,94.75,66.68,25.47,214.97,134.0,-235.0,360.0,11943,0.9785333879557558
188.19,126.79,74.87,-13.47,240.11,108.0,-254.0,362.0,8953,180.99,135.29,82.11,-36.41,234.17,121.0,-248.0,345.0,8652,149.29,56.12,61.81,31.36,143.6,124.0,-240.0,312.0,8471,164.95,76.43,68.12,20.4,173.26,100.0,-243.0,375.0,8620,188.97,137.72,83.43,-32.18,243.26,100.0,-243.0,369.0,8585,200.27,152.84,85.22,-37.79,267.89,92.0,-243.0,361.0,8497,0.9490673517256786
188.06,142.2,79.95,-34.09,250.31,119.0,-245.0,367.0,8655,170.93,86.29,72.13,12.51,185.09,127.0,-248.0,329.0,8423,159.49,53.2,56.8,49.49,155.89,125.0,-252.0,284.0,8217,169.93,71.27,57.72,40.94,183.48,133.0,-250.0,332.0,8460,192.69,157.6,93.59,-58.5,256.7,115.0,-247.0,366.0,8161,191.46,151.55,86.04,-46.13,256.97,91.0,-241.0,368.0,8324,0.9617562102830732
181.3,131.84,72.88,-23.42,240.26,131.0,-246.0,371.0,11142,171.72,102.47,71.56,-2.31,202.63,109.0,-244.0,350.0,10869,162.82,70.07,60.38,32.37,172.51,133.0,-249.0,324.0,11030,174.45,92.58,68.43,13.44,198.6,117.0,-248.0,365.0,11247,196.31,154.98,87.18,-45.85,264.11,65.0,-236.0,360.0,10777,177.63,83.79,63.59,30.25,197.83,131.0,-248.0,335.0,11149,1.000628253455394
192.08,165.59,84.2,-57.71,273.47,96.0,-241.0,371.0,9319,181.26,98.26,64.7,18.3,214.82,142.0,-245.0,354.0,9192,165.41,72.14,62.45,30.82,175.1,136.0,-248.0,377.0,9121,189.7,125.62,77.9,-13.82,237.42,164.0,-223.0,369.0,9130,201.81,151.08,88.61,-37.88,264.28,83.0,-241.0,361.0,9191,194.31,80.5,68.47,45.34,206.34,156.0,-251.0,356.0,8969,0.9624423221375684
174.69,95.49,68.41,10.79,201.77,125.0,-185.0,357.0,10215,176.95,130.08,75.35,-28.48,231.68,100.0,-236.0,385.0,9874,148.7,63.75,56.18,28.77,156.27,106.0,-216.0,343.0,9627,175.94,85.54,73.27,17.13,188.21,120.0,-246.0,347.0,9850,194.26,150.14,87.64,-43.52,256.76,107.0,-241.0,366.0,9526,182.68,98.78,66.0,17.9,215.46,116.0,-206.0,337.0,9914,0.9705335291238376
180.44,86.13,66.14,28.17,200.43,137.0,-246.0,362.0,14022,184.8,172.42,85.18,-72.8,272.04,75.0,-250.0,376.0,13051,181.75,87.14,64.46,30.15,204.43,145.0,-247.0,378.0,13846,181.36,112.05,68.12,1.19,225.29,127.0,-238.0,390.0,13229,183.91,118.01,73.23,-7.33,228.69,125.0,-238.0,357.0,12871,188.5,120.24,75.78,-7.52,232.96,121.0,-246.0,356.0,13259,0.9455855084866638
187.28,170.8,80.94,-64.46,277.14,96.0,-246.0,393.0,9480,156.75,80.27,69.1,7.38,167.92,130.0,-242.0,314.0,9299,159.48,77.18,55.62,26.68,181.04,125.0,-243.0,322.0,9152,161.79,87.55,63.47,10.77,185.87,109.0,-223.0,358.0,8820,183.6,145.44,86.39,-48.23,242.65,107.0,-240.0,367.0,8884,188.44,147.42,83.48,-42.46,252.38,88.0,-235.0,363.0,9273,0.9781645569620252
179.61,101.58,67.32,10.71,213.87,134.0,-253.0,362.0,10204,155.9,66.41,63.54,25.95,158.77,129.0,-248.0,323.0,9712,143.8,46.11,49.46,48.23,140.45,117.0,-254.0,294.0,9453,164.9,57.04,53.32,54.54,168.62,143.0,-254.0,287.0,10096,190.43,101.82,63.85,24.76,228.4,123.0,-253.0,344.0,9872,191.32,104.07,67.64,19.61,227.75,115.0,-253.0,385.0,9776,0.9580556644453156
169.24,169.21,78.68,-78.65,259.77,41.0,-255.0,354.0,10584,178.58,147.62,90.32,-59.36,235.88,49.0,-249.0,338.0,10110,167.96,116.24,69.41,-17.69,214.79,83.0,-213.0,346.0,9629,173.59,133.65,77.47,-37.53,229.77,62.0,-222.0,335.0,9676,179.75,178.28,86.84,-85.37,271.19,50.0,-253.0,349.0,9594,181.91,192.29,86.54,-96.92,287.66,0.0,-254.0,357.0,9727,0.9190287226001512
194.02,162.95,83.79,-52.72,273.18,104.0,-242.0,374.0,9789,168.44,76.94,65.47,26.03,179.91,132.0,-257.0,310.0,9252,166.77,60.3,59.37,47.1,167.7,146.0,-254.0,316.0,9201,187.51,98.43,70.92,18.16,215.02,117.0,-187.0,346.0,9411,208.71,159.26,99.75,-50.3,268.22,105.0,-248.0,373.0,9048,184.52,94.28,65.28,24.96,213.52,132.0,-241.0,362.0,9517,0.972213709265502
185.01,172.03,83.17,-70.19,273.87,118.0,-253.0,368.0,9371,181.14,172.6,83.82,-75.28,269.92,79.0,-252.0,367.0,9085,161.09,81.84,56.06,23.19,186.87,129.0,-254.0,383.0,9087,175.35,100.77,69.16,5.42,206.96,125.0,-254.0,351.0,9246,190.64,199.13,88.51,-97.0,301.26,33.0,-253.0,360.0,9171,193.31,174.5,87.0,-68.19,280.81,54.0,-250.0,375.0,9140,0.9753494824458436
192.58,149.71,86.93,-44.06,255.36,126.0,-253.0,356.0,8467,171.52,83.23,57.45,30.84,197.3,129.0,-207.0,359.0,8588,169.03,62.24,57.3,49.49,173.97,136.0,-254.0,322.0,8107,171.14,64.94,56.41,49.79,179.67,132.0,-184.0,292.0,8103,192.36,128.98,80.03,-16.65,241.31,122.0,-248.0,346.0,7912,194.73,144.12,85.55,-34.94,253.3,95.0,-241.0,376.0,8122,0.9592535726939884
200.3,139.47,65.55,-4.72,274.22,89.0,-248.0,380.0,13968,165.27,83.49,49.89,31.89,198.87,159.0,-253.0,336.0,13083,157.46,52.32,51.84,53.3,157.94,131.0,-216.0,311.0,13448,156.8,56.5,45.03,55.27,168.27,154.0,-254.0,355.0,13341,192.82,112.23,56.96,23.63,248.09,140.0,-204.0,385.0,13375,195.75,114.24,53.24,28.27,256.75,123.0,-210.0,373.0,13488,0.9656357388316152
182.21,96.27,63.1,22.84,215.38,142.0,-252.0,366.0,11856,169.52,78.53,63.8,27.19,184.25,143.0,-249.0,351.0,11826,128.61,38.5,49.38,40.73,117.73,124.0,-254.0,289.0,11642,170.78,73.33,58.71,38.74,185.4,128.0,-249.0,368.0,11384,196.32,110.81,63.47,22.04,243.66,110.0,-244.0,357.0,11709,159.09,57.54,54.17,47.38,162.46,143.0,-249.0,371.0,11637,0.9815283400809716
203.87,153.37,80.52,-30.02,276.72,96.0,-178.0,406.0,10581,188.36,144.73,83.61,-39.98,249.48,99.0,-242.0,370.0,10286,196.02,94.01,69.61,32.4,220.42,129.0,-166.0,364.0,10539,199.95,111.67,75.46,12.82,236.16,120.0,-244.0,359.0,10510,200.7,99.24,75.52,25.94,224.42,138.0,-204.0,363.0,10773,194.14,101.3,67.2,25.64,228.24,145.0,-240.0,369.0,10586,1.0004725451280598
187.34,124.8,70.66,-8.12,241.48,121.0,-227.0,391.0,11294,180.62,101.2,68.39,11.03,213.43,129.0,-249.0,359.0,10778,165.9,58.11,59.19,48.6,164.82,130.0,-252.0,334.0,10807,184.31,85.63,58.93,39.75,211.01,135.0,-252.0,338.0,10898,194.98,126.88,68.57,-0.47,253.29,93.0,-179.0,391.0,11034,198.14,138.62,76.02,-16.5,260.74,106.0,-222.0,371.0,10543,0.9335045156720384
185.9,149.72,84.55,-48.37,251.07,76.0,-240.0,343.0,9634,181.77,179.15,89.0,-86.38,271.92,12.0,-210.0,354.0,9509,170.06,104.33,67.04,-1.31,207.35,101.0,-247.0,377.0,9532,172.03,137.97,77.45,-43.39,232.55,89.0,-246.0,359.0,9326,185.66,180.94,91.68,-86.96,274.92,52.0,-216.0,365.0,9477,184.06,166.5,87.61,-70.05,262.95,53.0,-248.0,357.0,9443,0.980174382395682
162.86,80.74,62.85,19.27,180.75,117.0,-238.0,354.0,10962,172.92,104.87,69.45,-1.4,208.34,135.0,-207.0,355.0,10666,175.83,67.22,58.29,50.32,184.76,136.0,-166.0,291.0,10421,187.19,100.62,59.02,27.55,228.79,125.0,-253.0,344.0,10946,169.95,68.76,60.95,40.24,177.76,127.0,-179.0,335.0,9962,153.45,57.44,58.86,37.15,152.03,143.0,-218.0,319.0,10820,0.9870461594599526
182.27,125.8,61.99,-5.52,246.08,104.0,-216.0,374.0,9746,166.6,76.97,56.68,32.95,186.89,128.0,-193.0,354.0,9740,134.32,46.78,54.0,33.54,127.1,98.0,-240.0,263.0,9205,163.78,77.3,54.08,32.4,187.0,142.0,-200.0,349.0,9636,190.14,101.27,60.19,28.68,231.22,125.0,-240.0,339.0,9018,189.83,109.64,59.39,20.8,240.08,112.0,-147.0,349.0,9489,0.9736302072645188
188.97,143.67,78.82,-33.52,253.82,107.0,-251.0,358.0,8991,188.29,150.51,86.79,-49.01,252.01,102.0,-245.0,343.0,8690,180.65,91.28,58.1,31.27,213.83,113.0,-254.0,324.0,8697,193.79,156.38,84.29,-46.88,265.88,101.0,-250.0,356.0,8437,196.24,189.5,88.09,-81.35,297.65,46.0,-252.0,374.0,8606,189.09,121.03,69.18,-1.12,240.94,109.0,-251.0,361.0,8455,0.940384829273718
179.29,164.11,71.7,-56.52,271.7,98.0,-233.0,374.0,11824,159.26,62.41,57.14,39.71,164.53,156.0,-234.0,353.0,11661,163.27,72.63,55.69,34.95,180.21,127.0,-240.0,385.0,11270,169.28,87.88,60.83,20.57,196.33,127.0,-239.0,331.0,11197,189.68,156.05,81.22,-47.59,264.51,97.0,-240.0,370.0,11240,187.72,164.64,83.25,-60.17,269.11,76.0,-243.0,383.0,11494,0.9720906630581868
204.78,184.86,83.41,-63.49,306.23,64.0,-232.0,392.0,9980,179.34,77.64,53.0,48.7,203.98,143.0,-200.0,320.0,9809,193.71,138.42,75.41,-20.12,256.72,126.0,-236.0,386.0,9525,187.32,124.54,58.23,4.55,253.63,134.0,-230.0,385.0,9427,196.38,153.91,71.44,-28.97,278.85,115.0,-240.0,376.0,9466,198.0,170.24,79.94,-52.18,288.3,90.0,-198.0,394.0,9792,0.9811623246492986
186.26,175.92,74.43,-64.09,287.75,62.0,-229.0,372.0,9318,183.45,173.64,84.08,-74.27,273.01,102.0,-243.0,372.0,8945,186.31,103.35,63.48,19.48,226.18,130.0,-237.0,377.0,8623,186.89,169.13,75.17,-57.41,280.85,96.0,-239.0,392.0,8990,190.45,192.34,94.67,-96.56,288.12,6.0,-239.0,370.0,8654,185.42,169.58,76.76,-60.92,278.24,74.0,-193.0,379.0,9195,0.9867997424339988
191.74,148.18,68.48,-24.92,271.44,119.0,-202.0,401.0,10906,193.49,171.81,82.25,-60.57,283.05,68.0,-241.0,373.0,10465,202.29,127.47,63.05,11.77,266.71,97.0,-240.0,345.0,10723,196.39,139.11,68.93,-11.65,266.57,119.0,-240.0,382.0,10377,190.08,124.61,64.32,1.15,250.37,127.0,-217.0,399.0,10797,196.3,159.21,79.49,-42.4,276.02,94.0,-200.0,379.0,10340,0.9481019622226298
182.52,145.02,64.68,-27.18,262.86,120.0,-207.0,391.0,12935,178.3,151.35,71.76,-44.81,257.89,94.0,-232.0,383.0,12428,174.11,72.06,58.85,43.2,187.32,142.0,-240.0,295.0,12774,179.0,137.32,58.39,-16.71,257.93,93.0,-237.0,403.0,12691,194.73,182.21,77.27,-64.75,299.67,50.0,-242.0,402.0,12571,196.27,164.02,69.8,-37.55,290.49,87.0,-221.0,399.0,12659,0.978662543486664
189.85,153.59,78.34,-42.08,265.1,111.0,-182.0,393.0,11185,179.64,164.86,85.41,-70.63,259.09,50.0,-240.0,351.0,10618,192.89,111.17,68.12,13.6,235.94,116.0,-247.0,382.0,10512,185.92,143.36,78.01,-35.45,251.27,100.0,-225.0,393.0,10927,199.59,155.9,82.77,-39.08,272.72,81.0,-240.0,362.0,10512,191.84,169.92,83.16,-61.24,278.6,96.0,-248.0,376.0,10506,0.939293696915512
181.09,156.48,78.86,-54.25,258.71,112.0,-233.0,370.0,10982,181.04,124.87,69.22,-13.05,236.69,107.0,-246.0,360.0,10374,180.03,95.28,60.06,24.69,215.25,147.0,-193.0,368.0,10117,188.01,156.36,82.45,-50.8,261.92,114.0,-246.0,371.0,10231,198.98,165.96,82.78,-49.76,282.16,79.0,-240.0,374.0,10134,190.11,87.12,60.72,42.27,216.51,143.0,-170.0,377.0,10066,0.9165907849207796
190.76,190.78,81.68,-81.7,299.86,28.0,-241.0,370.0,8678,165.97,88.6,64.47,12.9,190.1,124.0,-244.0,368.0,8811,177.79,119.29,62.76,-4.26,234.32,127.0,-243.0,402.0,8120,164.96,139.01,71.85,-45.9,232.12,113.0,-207.0,374.0,9176,191.74,158.45,83.37,-50.08,266.82,93.0,-197.0,370.0,8503,184.81,172.38,77.11,-64.68,280.08,52.0,-243.0,378.0,8297,0.9560958746254896
185.12,141.04,73.02,-28.94,253.14,136.0,-240.0,396.0,11202,190.87,160.81,79.39,-49.33,272.29,41.0,-222.0,381.0,10957,187.32,108.58,62.45,16.29,233.45,123.0,-173.0,392.0,10688,193.37,145.94,74.35,-26.92,264.96,91.0,-244.0,369.0,10337,195.89,183.14,83.82,-71.07,295.21,44.0,-248.0,386.0,10307,192.39,158.49,76.3,-42.4,274.58,107.0,-171.0,399.0,10367,0.925459739332262
183.1,154.68,71.21,-42.79,266.57,118.0,-249.0,388.0,10733,169.22,88.75,62.51,17.96,195.46,143.0,-240.0,367.0,10245,158.14,68.09,46.66,43.39,179.57,124.0,-248.0,325.0,10062,181.41,109.69,62.5,9.22,228.6,135.0,-245.0,373.0,10393,199.67,187.39,97.72,-85.44,289.34,50.0,-249.0,370.0,10337,186.46,135.77,69.38,-18.69,252.85,129.0,-235.0,384.0,10170,0.9475449548122612
136.48,69.69,53.22,13.57,152.95,109.0,-250.0,301.0,10420,148.86,97.31,51.82,-0.27,194.35,97.0,-249.0,345.0,10565,119.97,35.32,36.61,48.04,118.68,117.0,-236.0,255.0,9976,152.69,77.83,46.87,27.99,183.65,128.0,-250.0,323.0,9577,165.91,95.99,53.17,16.75,208.73,102.0,-248.0,352.0,9624,120.55,32.26,34.54,53.75,118.27,139.0,-230.0,271.0,9674,0.9284069097888676
148.69,85.81,53.34,9.54,181.16,110.0,-237.0,358.0,10888,149.13,56.4,52.36,40.37,153.17,146.0,-221.0,309.0,10595,115.7,33.91,44.44,37.35,105.17,104.0,-203.0,275.0,9982,162.7,73.04,53.61,36.05,182.13,144.0,-179.0,317.0,10043,177.71,118.67,65.28,-6.24,231.1,116.0,-235.0,363.0,10064,112.0,29.03,39.39,43.58,101.64,111.0,-238.0,257.0,9914,0.9105437178545188
131.47,54.92,47.86,28.69,138.53,110.0,-223.0,349.0,12768,176.75,108.88,66.17,1.7,219.46,127.0,-247.0,356.0,12410,118.36,36.19,46.29,35.88,108.26,112.0,-199.0,290.0,11710,157.3,56.1,47.76,53.44,165.64,146.0,-250.0,306.0,12013,170.14,75.47,42.35,52.32,203.26,136.0,-249.0,352.0,12189,135.17,45.67,45.02,44.48,135.82,138.0,-242.0,311.0,11431,0.8952850877192983
168.45,148.15,72.93,-52.63,243.67,84.0,-247.0,356.0,11113,152.85,112.92,68.25,-28.32,197.52,90.0,-249.0,336.0,10853,127.83,40.85,35.59,51.39,133.09,132.0,-249.0,259.0,10542,178.23,150.4,75.63,-47.8,253.0,109.0,-245.0,361.0,10390,180.43,179.56,79.98,-79.11,280.01,10.0,-242.0,370.0,10529,145.15,74.31,47.07,23.77,172.39,124.0,-247.0,348.0,10574,0.9514982452982992
169.14,111.71,58.78,-1.35,222.07,133.0,-245.0,386.0,12032,154.57,106.86,64.95,-17.24,196.48,99.0,-246.0,343.0,11639,147.6,53.13,48.06,46.41,152.67,132.0,-224.0,306.0,11554,177.66,112.08,66.87,-1.29,222.87,112.0,-248.0,349.0,11943,152.94,59.94,50.76,42.24,162.12,127.0,-237.0,315.0,11815,158.95,66.89,45.6,46.46,180.24,133.0,-253.0,359.0,11321,0.940907579787234
179.52,109.91,64.3,5.31,225.13,133.0,-218.0,367.0,11196,145.08,50.39,56.46,38.23,139.01,139.0,-250.0,280.0,10537,126.94,37.13,42.62,47.19,121.45,121.0,-232.0,306.0,10042,195.72,99.69,58.59,37.44,236.82,139.0,-166.0,368.0,9925,192.32,96.79,54.45,41.08,234.66,121.0,-203.0,364.0,10054,114.39,33.87,42.89,37.63,105.37,121.0,-245.0,273.0,9978,0.8912111468381565
154.23,80.65,54.91,18.67,179.97,123.0,-247.0,338.0,10992,162.29,117.66,70.99,-26.36,208.96,101.0,-236.0,344.0,10490,125.27,36.07,37.21,51.99,124.13,129.0,-249.0,283.0,10496,154.47,71.38,45.23,37.86,180.62,132.0,-250.0,366.0,10388,178.57,134.59,69.61,-25.63,243.55,87.0,-227.0,380.0,10539,125.4,38.17,38.4,48.83,125.17,126.0,-243.0,284.0,10777,0.9804403202328966
151.34,80.74,54.62,15.98,177.46,132.0,-244.0,350.0,11167,140.88,72.68,58.54,9.66,155.02,111.0,-243.0,333.0,10839,108.91,36.57,40.46,31.88,105.02,110.0,-249.0,271.0,10708,135.91,55.9,49.32,30.69,142.49,98.0,-249.0,293.0,10339,178.83,126.45,69.03,-16.65,236.25,99.0,-237.0,361.0,10741,129.24,43.86,41.16,44.22,131.94,145.0,-230.0,354.0,10799,0.9670457598280648
158.37,87.84,56.26,14.27,189.95,117.0,-249.0,354.0,10729,163.93,114.36,70.49,-20.92,207.8,96.0,-235.0,347.0,9960,135.88,41.21,39.86,54.81,137.23,132.0,-233.0,300.0,9808,173.85,103.4,57.75,12.7,219.5,110.0,-248.0,346.0,10037,171.31,94.22,57.14,19.95,208.39,110.0,-216.0,323.0,10085,131.53,38.36,40.75,52.42,129.14,130.0,-247.0,257.0,10379,0.9673781340292664
183.15,153.92,68.85,-39.62,268.22,83.0,-236.0,385.0,11797,171.11,105.45,70.85,-5.19,205.71,117.0,-239.0,345.0,11574,178.75,114.1,64.58,0.07,228.27,125.0,-242.0,370.0,12180,188.16,158.16,75.14,-45.14,271.18,100.0,-209.0,371.0,11669,189.56,161.99,87.64,-60.07,263.91,46.0,-235.0,366.0,11837,183.68,120.68,69.98,-6.98,234.38,106.0,-192.0,364.0,11590,0.9824531660591675
181.97,114.15,50.35,17.47,245.77,129.0,-249.0,409.0,10523,125.35,44.73,40.42,40.2,129.66,142.0,-244.0,324.0,10226,134.97,43.62,40.6,50.75,137.99,145.0,-243.0,326.0,9821,122.95,33.26,40.49,49.2,115.72,123.0,-250.0,285.0,9949,115.48,31.37,42.14,41.97,104.71,126.0,-250.0,260.0,9625,130.85,37.58,44.03,49.24,124.4,124.0,-240.0,278.0,10148,0.9643637745889956
172.65,106.94,51.23,14.48,228.36,118.0,-244.0,402.0,13715,106.65,42.9,52.38,11.37,97.17,98.0,-253.0,311.0,13064,110.0,34.98,44.68,30.34,100.3,112.0,-241.0,285.0,12592,134.9,46.38,50.55,37.97,130.73,131.0,-252.0,370.0,12711,143.12,55.12,44.77,43.23,153.47,121.0,-232.0,338.0,12849,113.68,38.44,46.16,29.08,105.96,112.0,-230.0,282.0,12773,0.9313160772876412
175.86,151.12,79.13,-54.39,247.85,59.0,-246.0,352.0,10426,162.67,129.41,69.07,-35.81,223.01,77.0,-239.0,366.0,10190,149.3,85.55,54.21,9.54,180.64,96.0,-217.0,352.0,9922,165.15,120.35,64.15,-19.35,221.35,83.0,-231.0,358.0,9794,182.87,169.96,74.73,-61.82,278.1,22.0,-238.0,382.0,9973,167.81,104.76,62.27,0.78,210.3,97.0,-232.0,353.0,10081,0.9669096489545368
167.43,110.52,65.58,-8.67,212.37,106.0,-245.0,374.0,11064,177.2,140.66,78.14,-41.6,239.72,78.0,-238.0,361.0,11103,138.41,52.44,45.98,39.99,144.87,117.0,-233.0,285.0,10676,164.92,88.66,59.2,17.06,194.38,111.0,-243.0,364.0,10748,192.98,142.33,74.76,-24.11,260.55,106.0,-214.0,366.0,10495,175.76,101.59,63.56,10.61,213.79,98.0,-196.0,369.0,10465,0.9458604483007954
186.31,138.11,54.06,-5.86,270.36,106.0,-247.0,407.0,11320,113.3,38.25,45.57,29.48,105.98,124.0,-251.0,283.0,10925,130.83,41.59,47.48,41.76,124.94,148.0,-244.0,299.0,10545,152.82,60.14,47.64,45.04,165.32,128.0,-249.0,332.0,10792,146.44,57.67,46.05,42.72,158.06,142.0,-250.0,363.0,10537,129.08,42.76,44.5,41.82,127.34,127.0,-238.0,286.0,10265,0.9068021201413428
184.76,166.91,82.6,-64.75,269.07,91.0,-240.0,360.0,13287,154.0,65.25,50.73,38.02,168.52,135.0,-252.0,313.0,12154,162.24,62.52,48.7,51.02,176.06,143.0,-249.0,349.0,12623,186.18,128.66,64.19,-6.67,250.65,134.0,-246.0,380.0,12535,191.66,133.37,69.21,-10.92,255.82,97.0,-243.0,364.0,12217,154.99,63.98,49.0,42.01,169.97,140.0,-243.0,361.0,12200,0.9181907127267254
195.99,138.76,52.24,4.99,282.51,102.0,-249.0,413.0,13213,135.53,46.37,46.99,42.17,134.91,152.0,-248.0,357.0,12416,150.7,50.99,45.52,54.19,156.17,135.0,-174.0,339.0,12992,140.91,49.56,49.17,42.18,141.3,117.0,-252.0,312.0,12581,191.94,84.09,45.95,61.9,230.08,159.0,-208.0,348.0,13320,170.91,63.61,44.2,63.1,190.32,156.0,-181.0,331.0,12701,0.961250283811398
182.0,172.12,81.45,-71.57,272.67,75.0,-240.0,371.0,12290,156.49,115.81,69.83,-29.15,202.47,76.0,-239.0,354.0,12348,162.77,84.56,54.51,23.7,192.82,126.0,-229.0,331.0,11464,172.12,115.99,65.26,-9.13,222.85,101.0,-246.0,368.0,11769,181.8,168.69,76.1,-62.99,274.39,72.0,-215.0,371.0,11670,176.28,107.05,66.93,2.3,216.4,91.0,-218.0,358.0,11855,0.9646053702196908
171.17,123.34,65.03,-17.2,229.48,106.0,-212.0,388.0,12113,150.68,89.91,63.04,-2.27,177.55,107.0,-238.0,329.0,11450,141.06,47.02,49.64,44.4,138.44,113.0,-249.0,282.0,11608,157.28,72.4,55.91,28.97,173.77,129.0,-247.0,391.0,11177,184.31,157.96,76.85,-50.5,265.42,72.0,-189.0,396.0,11495,160.88,80.21,47.45,33.22,193.64,120.0,-232.0,415.0,11669,0.9633451663502024
185.28,146.63,69.41,-30.76,262.5,113.0,-244.0,406.0,13385,156.7,94.89,67.17,-5.36,184.42,104.0,-222.0,375.0,13059,144.64,53.89,50.4,40.35,148.13,145.0,-215.0,325.0,12241,176.2,100.18,58.76,17.26,217.62,154.0,-178.0,340.0,12735,192.2,176.97,81.7,-66.47,287.47,44.0,-229.0,387.0,12849,155.57,90.29,54.27,11.01,191.59,107.0,-235.0,390.0,12414,0.9274561075831156
191.07,135.52,48.39,7.16,278.2,128.0,-172.0,411.0,13264,156.91,63.99,44.31,48.61,176.59,152.0,-252.0,335.0,12194,156.94,52.45,49.73,54.76,159.66,147.0,-233.0,341.0,12582,166.76,74.76,35.79,56.21,205.73,156.0,-249.0,397.0,12625,177.71,69.86,43.78,64.07,203.79,162.0,-230.0,399.0,12760,171.5,63.1,45.48,62.92,189.12,157.0,-178.0,401.0,12733,0.9599668275030157
179.95,157.79,66.21,-44.05,271.53,105.0,-225.0,385.0,12542,164.8,73.32,56.09,35.39,182.03,146.0,-197.0,331.0,11756,153.84,54.89,55.88,43.07,152.85,135.0,-165.0,311.0,12014,173.15,86.25,54.2,32.7,205.2,145.0,-222.0,338.0,12181,189.18,150.11,66.78,-27.71,272.51,94.0,-189.0,394.0,12154,173.18,82.69,57.1,33.39,198.77,140.0,-161.0,368.0,11351,0.9050390687290704
158.59,94.62,57.19,6.78,196.02,104.0,-235.0,391.0,9799,168.67,93.93,60.01,14.73,202.59,143.0,-246.0,335.0,9425,143.44,40.0,40.04,63.4,143.4,152.0,-234.0,317.0,9386,176.41,93.65,48.29,34.47,221.77,149.0,-213.0,365.0,9426,186.96,143.3,74.68,-31.02,255.58,88.0,-222.0,365.0,9145,163.77,77.85,50.84,35.08,190.78,130.0,-247.0,343.0,9190,0.9378508011021532
147.71,92.27,60.16,-4.72,179.82,114.0,-249.0,380.0,11181,163.19,123.54,84.69,-45.04,202.04,101.0,-251.0,356.0,11087,137.13,43.56,48.35,45.22,132.34,111.0,-142.0,332.0,10625,184.58,126.55,75.14,-17.11,235.99,126.0,-239.0,369.0,11008,169.23,122.56,61.8,-15.13,229.99,75.0,-247.0,367.0,10915,131.39,51.47,45.57,34.35,137.29,102.0,-225.0,299.0,10692,0.9562650925677488
165.09,86.94,63.1,15.05,188.93,133.0,-228.0,357.0,11900,176.37,132.31,78.19,-34.13,230.49,88.0,-227.0,363.0,11338,144.52,43.82,50.71,49.99,137.63,138.0,-211.0,255.0,11331,172.25,95.6,58.63,18.02,209.22,107.0,-249.0,339.0,11189,187.51,124.01,66.7,-3.2,244.82,99.0,-249.0,347.0,11583,168.32,72.71,59.63,35.98,181.4,136.0,-249.0,317.0,11411,0.95890756302521
174.37,157.63,65.96,-49.22,266.04,87.0,-241.0,380.0,11111,168.15,91.22,56.15,20.78,203.22,145.0,-226.0,359.0,10498,150.4,56.86,47.86,45.68,159.4,126.0,-236.0,288.0,10968,176.71,85.16,51.83,39.72,210.04,165.0,-216.0,384.0,10550,185.01,104.63,61.1,19.28,228.54,162.0,-208.0,384.0,10424,172.52,113.39,55.87,3.26,230.04,110.0,-238.0,392.0,10788,0.970929709297093
178.89,152.87,71.97,-45.95,259.79,82.0,-246.0,374.0,10402,178.92,157.29,74.92,-53.29,261.29,74.0,-225.0,369.0,9972,178.34,96.66,57.98,23.7,217.02,134.0,-246.0,332.0,10090,193.29,140.9,71.61,-19.22,262.58,109.0,-222.0,385.0,10139,189.6,150.9,78.7,-40.0,261.8,93.0,-239.0,368.0,9754,189.17,129.18,70.66,-10.67,247.69,97.0,-188.0,390.0,9831,0.9451067102480292
179.98,144.45,63.83,-28.3,260.6,87.0,-232.0,396.0,11642,171.33,115.19,64.61,-8.47,221.91,140.0,-225.0,383.0,11360,137.99,40.92,46.82,50.25,132.09,117.0,-188.0,288.0,10489,190.23,126.55,61.12,2.56,255.66,139.0,-129.0,367.0,11120,193.23,154.44,73.1,-34.31,274.57,47.0,-165.0,381.0,10186,159.43,72.72,52.94,33.77,179.21,161.0,-186.0,392.0,10834,0.9305961175055832
184.02,153.9,66.3,-36.18,271.62,107.0,-226.0,399.0,10526,167.19,117.22,67.18,-17.21,217.23,119.0,-252.0,381.0,10141,156.44,55.31,49.19,51.94,162.56,154.0,-215.0,348.0,10334,187.52,144.2,68.81,-25.49,262.91,128.0,-187.0,376.0,10423,199.16,171.87,79.39,-52.1,291.64,44.0,-208.0,385.0,10400,177.21,98.7,58.24,20.27,217.67,131.0,-243.0,398.0,10000,0.9500285008550255
178.71,120.83,49.44,8.44,250.1,128.0,-249.0,404.0,11146,121.88,48.64,47.83,25.41,122.69,119.0,-247.0,355.0,10169,133.86,34.69,43.07,56.1,125.48,137.0,-143.0,288.0,10166,146.61,50.02,42.96,53.63,153.67,139.0,-210.0,358.0,10093,168.91,91.54,38.72,38.65,221.73,134.0,-241.0,416.0,10578,156.51,56.54,43.58,56.39,169.47,139.0,-236.0,362.0,10495,0.9415933967342544
195.34,164.35,63.75,-32.76,295.94,98.0,-235.0,402.0,11819,127.57,47.08,51.27,29.22,123.38,115.0,-234.0,297.0,11110,160.07,74.04,50.84,35.19,183.27,124.0,-248.0,420.0,10739,145.15,56.22,42.85,46.08,158.52,139.0,-200.0,385.0,10821,163.38,64.18,53.6,45.6,173.96,124.0,-191.0,338.0,11207,176.2,94.18,47.55,34.47,222.83,145.0,-227.0,373.0,11682,0.988408494796514
167.07,99.69,60.43,6.95,206.33,113.0,-218.0,412.0,12166,173.8,130.85,77.43,-34.48,227.22,113.0,-232.0,374.0,11647,161.71,61.22,51.17,49.32,171.76,139.0,-194.0,342.0,11386,153.67,53.5,55.51,44.66,151.66,146.0,-246.0,342.0,11290,182.72,107.04,61.05,14.63,228.71,138.0,-228.0,373.0,11947,179.29,94.43,53.42,31.44,220.3,144.0,-243.0,390.0,11818,0.9713956929146804
173.51,164.68,64.42,-55.59,273.77,67.0,-249.0,374.0,12428,173.79,157.57,69.09,-52.87,262.27,78.0,-216.0,380.0,11429,170.87,88.05,53.34,29.48,205.58,130.0,-234.0,342.0,12495,186.32,116.73,61.55,8.04,241.5,121.0,-225.0,391.0,11714,187.83,170.75,73.78,-56.7,284.8,94.0,-224.0,376.0,11950,172.99,145.3,62.85,-35.16,255.44,96.0,-225.0,394.0,12873,1.0358062439652398
182.29,129.62,68.08,-15.41,243.83,126.0,-248.0,368.0,10953,170.78,118.13,68.31,-15.66,220.6,115.0,-249.0,366.0,10896,162.61,65.69,45.57,51.35,182.73,147.0,-217.0,344.0,10364,177.53,119.04,65.18,-6.69,231.39,127.0,-242.0,368.0,10320,188.92,173.14,75.87,-60.09,286.19,55.0,-246.0,385.0,10248,169.76,74.59,49.04,46.13,195.31,135.0,-245.0,387.0,10248,0.9356340728567516
157.01,92.51,49.41,15.09,200.11,128.0,-247.0,353.0,10176,118.94,45.38,48.9,24.66,115.42,124.0,-250.0,330.0,9981,113.4,26.61,38.91,47.88,101.1,123.0,-252.0,270.0,8951,144.81,49.43,48.2,47.18,146.04,142.0,-212.0,364.0,9537,172.29,102.1,54.85,15.34,219.54,141.0,-205.0,357.0,9567,124.2,48.99,44.03,31.18,129.16,106.0,-238.0,297.0,9243,0.9083136792452832
187.19,123.62,68.53,-4.96,242.28,135.0,-228.0,392.0,11030,178.28,162.56,75.29,-59.57,265.55,84.0,-233.0,390.0,10784,182.84,99.43,58.52,24.89,223.75,131.0,-188.0,405.0,10564,195.68,173.27,75.1,-52.69,293.85,121.0,-195.0,387.0,10432,196.58,180.81,77.67,-61.9,299.72,24.0,-215.0,396.0,10456,188.12,149.2,71.55,-32.63,265.77,94.0,-185.0,407.0,10274,0.9314596554850408
190.33,139.57,53.78,-3.02,276.12,128.0,-247.0,407.0,10634,109.1,31.97,38.88,38.25,102.19,117.0,-246.0,289.0,10037,134.62,38.87,42.2,53.55,131.29,153.0,-202.0,280.0,9905,153.11,57.76,44.9,50.45,165.97,117.0,-205.0,408.0,9675,171.56,75.95,43.74,51.87,203.77,142.0,-199.0,357.0,10038,146.84,59.8,38.27,48.77,168.37,134.0,-147.0,374.0,9541,0.8972164754560843
185.38,120.71,49.0,15.67,257.09,114.0,-210.0,410.0,17323,133.03,44.18,53.34,35.51,123.87,140.0,-252.0,331.0,16141,138.98,46.77,45.46,46.75,140.29,139.0,-249.0,327.0,15530,151.23,56.39,42.46,52.38,165.16,149.0,-188.0,390.0,16229,196.53,108.46,39.63,48.44,265.36,152.0,-189.0,396.0,16447,181.11,74.68,40.37,66.06,215.42,164.0,-237.0,386.0,16238,0.93736650695607
190.23,179.63,73.9,-63.3,295.96,90.0,-226.0,381.0,11857,139.82,46.63,43.6,49.59,142.85,134.0,-249.0,357.0,11529,160.44,73.46,44.57,42.41,189.33,132.0,-246.0,381.0,11084,171.17,101.48,57.39,12.3,215.26,138.0,-164.0,386.0,10981,182.56,123.7,62.03,-3.17,244.23,143.0,-245.0,368.0,11031,182.47,136.42,63.45,-17.4,255.44,133.0,-246.0,378.0,11526,0.9720840010120604
168.49,133.13,68.42,-33.06,233.2,112.0,-247.0,362.0,8479,168.92,136.31,71.41,-38.8,233.82,110.0,-239.0,365.0,8172,145.18,50.97,43.49,50.72,152.66,123.0,-233.0,295.0,7990,174.74,123.75,62.96,-11.97,235.53,131.0,-242.0,376.0,8032,188.55,161.2,78.08,-50.73,271.67,93.0,-198.0,373.0,7987,163.58,68.44,47.28,47.86,184.74,125.0,-246.0,296.0,8160,0.9623776388725086
164.67,101.23,60.36,3.08,205.54,133.0,-246.0,366.0,9523,159.25,97.49,59.47,2.29,197.27,127.0,-247.0,345.0,9355,123.65,36.38,41.49,45.78,118.54,114.0,-236.0,279.0,8823,165.79,111.43,56.56,-2.2,220.66,142.0,-208.0,388.0,9243,193.53,148.44,70.91,-25.82,271.06,75.0,-215.0,384.0,9189,160.12,67.57,43.73,48.82,183.96,128.0,-249.0,333.0,8767,0.9206132521264307
176.26,157.15,60.73,-41.62,272.68,92.0,-247.0,397.0,10473,144.07,53.5,48.45,42.12,149.12,153.0,-242.0,354.0,10127,157.19,61.85,45.57,49.77,173.47,151.0,-245.0,325.0,9534,179.37,127.13,59.82,-7.58,246.68,159.0,-206.0,384.0,9633,182.15,137.98,69.08,-24.91,251.05,119.0,-227.0,376.0,9957,155.42,82.93,49.27,23.22,189.08,134.0,-246.0,328.0,9852,0.9407046691492408
194.01,147.76,54.07,-7.82,287.7,132.0,-219.0,412.0,14267,176.78,91.11,57.0,28.67,210.89,147.0,-222.0,373.0,13857,188.68,87.85,48.5,52.33,228.03,147.0,-227.0,396.0,13495,202.99,124.78,48.7,29.51,279.07,139.0,-136.0,396.0,14174,197.65,98.67,50.28,48.7,246.04,131.0,-187.0,366.0,14399,177.21,81.23,44.18,51.8,214.26,143.0,-117.0,382.0,13317,0.933412770729656
176.93,142.65,66.37,-32.09,253.21,111.0,-238.0,375.0,13615,172.36,139.9,79.26,-46.8,233.0,92.0,-237.0,388.0,12864,142.25,60.68,49.51,32.06,153.42,126.0,-216.0,311.0,12745,180.1,130.63,64.46,-14.99,246.27,121.0,-226.0,382.0,12806,197.16,175.0,76.61,-54.45,295.55,71.0,-201.0,387.0,12889,168.74,120.79,60.91,-12.96,228.62,106.0,-246.0,398.0,13249,0.973117884686008
177.4,121.22,52.31,3.87,246.31,129.0,-231.0,413.0,15120,149.67,82.91,52.08,14.68,180.5,136.0,-250.0,366.0,13929,127.19,35.86,44.61,46.72,118.44,122.0,-246.0,276.0,14389,173.57,75.54,49.89,48.14,199.22,152.0,-206.0,373.0,13947,179.52,111.16,53.28,15.08,237.4,128.0,-188.0,403.0,14386,135.71,45.59,44.86,45.26,136.44,138.0,-244.0,313.0,14392,0.9518518518518518
136.29,51.51,50.23,34.55,137.57,144.0,-241.0,322.0,10564,137.51,58.96,55.77,22.78,140.7,120.0,-242.0,334.0,10113,97.69,29.09,41.79,26.81,84.99,87.0,-244.0,260.0,9828,147.93,43.55,42.57,61.81,148.91,160.0,-238.0,293.0,9786,152.72,46.27,42.97,63.48,156.02,151.0,-199.0,288.0,10326,102.03,27.24,39.37,35.42,89.9,115.0,-249.0,259.0,9718,0.919916698220371
148.6,77.31,53.9,17.39,172.01,143.0,-252.0,410.0,10817,173.76,96.44,53.71,23.61,216.49,140.0,-232.0,372.0,10384,130.76,35.83,47.7,47.23,118.89,124.0,-250.0,292.0,10141,175.1,84.81,45.01,45.28,214.9,152.0,-233.0,371.0,10595,182.48,84.82,47.67,49.99,219.63,140.0,-100.0,359.0,10499,140.26,47.01,42.36,50.89,144.91,150.0,-181.0,403.0,10194,0.9424054728667838
179.81,127.56,63.25,-11.0,244.12,117.0,-239.0,392.0,10030,177.2,126.52,64.93,-14.25,238.79,112.0,-249.0,405.0,9756,141.85,48.95,46.52,46.38,144.28,106.0,-172.0,352.0,9273,192.58,121.06,65.94,5.58,247.7,118.0,-183.0,376.0,9615,206.08,183.17,77.85,-54.94,311.4,70.0,-170.0,391.0,9476,178.05,92.59,53.58,31.88,217.06,138.0,-175.0,396.0,9634,0.960518444666002
156.36,79.56,59.95,16.85,175.97,117.0,-243.0,371.0,10974,173.46,154.62,74.99,-56.15,253.09,77.0,-246.0,369.0,10495,173.22,85.9,57.72,29.6,201.4,114.0,-159.0,346.0,9837,165.58,87.62,58.0,19.96,195.2,105.0,-224.0,333.0,10187,173.59,103.45,62.94,7.2,214.1,122.0,-249.0,352.0,10008,181.19,127.28,64.39,-10.48,244.08,125.0,-207.0,400.0,10111,0.9213595771824312
188.9,157.69,68.23,-37.02,278.36,119.0,-245.0,387.0,9949,134.62,50.77,48.47,35.38,136.92,129.0,-249.0,358.0,9852,119.67,35.86,39.17,44.64,116.36,131.0,-226.0,273.0,9343,156.76,77.27,48.47,31.02,185.56,123.0,-245.0,408.0,9385,183.18,103.62,48.22,31.34,238.58,131.0,-248.0,372.0,9461,143.74,51.08,43.87,48.79,150.95,133.0,-249.0,356.0,9661,0.9710523670720675
