,1rd_red,1rd_green,1rd_blue,1rd_rg,1rd_size,2nd_red,2nd_green,2nd_blue,2rd_rg,2nd_size,3rd_red,3rd_green,3rd_blue,3rd_rg,3rd_size,4th_red,4th_green,4th_blue,4rd_rg,4th_size,5th_red,5th_green,5th_blue,5rd_rg,5th_size,6th_red,6th_green,6th_blue,6rd_rg,6th_size
0,179.65,88.19,43.24,224.6,10981,141.68,32.8,45.73,128.75,10157,149.8,26.78,41.15,135.43,10081,168.14,36.24,49.68,154.7,10328,173.14,60.99,37.2,196.93,10264,153.59,41.23,39.23,155.59,10156
1,175.5,118.55,66.91,227.14,11926,119.29,38.01,51.21,106.09,11787,117.79,29.83,42.41,105.21,11222,129.69,37.26,50.61,116.34,11350,174.57,79.82,58.37,196.02,10948,148.2,55.01,47.1,156.11,11417
2,176.79,100.93,54.04,223.68,12153,136.82,39.15,49.96,126.01,11564,111.15,24.13,42.75,92.53,12272,126.25,34.55,46.45,114.35,11456,179.41,72.03,41.34,210.1,12173,160.67,59.33,42.09,177.91,11697
3,185.79,169.31,73.35,281.75,15137,155.54,65.98,63.87,157.65,15027,176.64,73.79,56.21,194.22,14726,169.77,80.17,54.21,195.73,14344,180.11,121.86,62.45,239.52,14778,168.33,79.42,49.54,198.21,14829
4,153.74,90.33,61.77,182.3,13290,165.26,112.35,76.17,201.44,12905,123.48,38.28,49.5,112.26,12509,177.73,119.31,64.3,232.74,13034,175.83,128.96,69.31,235.48,13274,128.7,43.53,55.35,116.88,12925
5,167.94,146.39,71.25,243.08,10603,171.73,134.72,75.62,230.83,10390,149.39,43.89,40.74,152.54,10369,167.48,146.69,74.28,239.89,10414,175.59,169.59,82.05,263.13,10669,169.47,101.07,60.19,210.35,10235
6,179.79,126.52,60.61,245.7,12882,184.88,133.94,73.19,245.63,12319,178.26,55.49,60.3,173.45,12430,191.76,107.84,64.95,234.65,12439,197.03,116.37,66.12,247.28,12677,186.68,90.05,52.91,223.82,12693
7,171.89,152.2,69.58,254.51,12443,167.03,83.51,60.42,190.12,11456,159.3,49.09,48.87,159.52,10871,158.35,82.56,54.68,186.23,11701,179.34,150.02,66.27,263.09,10543,186.88,158.18,81.96,263.1,11700
8,184.68,151.52,71.8,264.4,12112,179.35,156.5,83.58,252.27,11366,185.81,75.33,57.06,204.08,11696,200.7,135.3,78.13,257.87,11833,204.47,177.18,92.4,289.25,11336,203.47,157.75,87.08,274.14,11795
9,174.21,113.78,68.05,219.94,11169,126.6,39.85,47.37,119.08,10839,138.16,38.35,48.18,128.33,10951,159.4,68.5,57.31,170.59,10481,167.1,91.43,55.46,203.07,10605,144.53,52.07,49.5,147.1,10733
10,184.23,180.42,83.09,281.56,10240,163.6,85.92,58.64,190.88,10441,179.93,103.01,59.9,223.04,10320,186.36,160.42,91.32,255.46,10308,186.32,165.32,83.4,268.24,10157,182.35,132.73,74.03,241.05,10216
11,184.44,124.28,65.75,242.97,12940,174.81,127.05,67.46,234.4,12645,157.58,42.12,48.32,151.38,12920,186.15,102.53,60.55,228.13,12843,189.61,132.65,64.21,258.05,12642,185.05,96.02,55.94,225.13,12817
12,180.74,169.62,71.78,278.58,11712,180.08,153.15,92.93,240.3,11148,193.83,129.41,81.4,241.84,10891,180.64,170.9,89.63,261.91,11004,194.93,161.28,86.74,269.47,11321,185.54,150.64,79.96,256.22,11391
13,177.24,123.69,68.28,232.65,10098,147.19,84.4,57.99,173.6,10553,133.69,40.51,43.5,130.7,10379,166.21,80.22,50.53,195.9,9983,177.71,140.42,70.09,248.04,10039,175.43,121.95,60.7,236.68,9887
14,185.22,92.15,63.35,214.02,12534,181.62,161.62,77.46,265.78,11805,174.59,59.89,58.6,175.88,11874,183.29,99.04,58.0,224.33,12325,199.63,136.27,66.69,269.21,12185,191.74,142.07,75.51,258.3,12439
15,172.43,136.94,62.81,246.56,7671,98.14,33.72,38.57,93.29,7854,123.25,33.24,41.14,115.35,7387,119.88,40.01,36.51,123.38,7148,139.46,69.52,44.29,164.69,7295,134.12,50.9,45.03,139.99,7292
16,173.0,128.79,72.49,229.3,12871,166.55,131.07,69.27,228.35,11992,170.41,71.14,53.37,188.18,12136,172.83,88.24,58.21,202.86,12048,177.22,98.68,63.17,212.73,12038,180.96,154.94,78.96,256.94,12463
17,182.69,164.69,74.45,272.93,15506,177.33,109.12,62.24,224.21,14906,152.25,44.07,54.67,141.65,15387,166.8,84.7,54.52,196.98,15682,185.12,115.11,56.13,244.1,15402,193.7,153.51,76.1,271.11,15633
18,175.81,130.16,66.02,239.95,10375,159.07,77.44,60.93,175.58,10465,143.45,32.78,42.67,133.56,9989,164.94,87.38,56.34,195.98,10194,189.94,160.35,82.07,268.22,9845,182.21,132.97,68.35,246.83,10037
19,176.82,142.27,78.18,240.91,11105,163.38,100.74,58.52,205.6,10970,160.89,63.21,42.11,181.99,10375,178.73,136.75,66.64,248.84,10609,180.84,172.7,75.18,278.36,10487,176.07,145.77,73.8,248.04,10537
20,184.16,154.87,81.29,257.74,12493,167.58,77.91,70.63,174.86,12166,150.15,48.17,45.82,152.5,11749,172.33,97.0,67.19,202.14,11764,185.18,155.89,91.75,249.32,11791,189.39,145.09,86.71,247.77,11851
21,175.35,179.53,76.66,278.22,8821,174.36,176.51,82.58,268.29,8548,184.78,146.85,77.2,254.43,8356,187.74,174.17,100.71,261.2,8812,185.83,185.28,98.03,273.08,8686,166.82,174.58,71.82,269.58,8779
22,178.16,133.95,74.26,237.85,10777,169.73,163.35,80.79,252.29,10869,178.9,128.28,74.6,232.58,10746,183.97,138.72,78.97,243.72,10566,192.47,162.79,86.63,268.63,10455,189.66,164.63,87.18,267.11,10885
23,157.98,103.2,58.59,202.59,10883,160.08,114.35,70.15,204.28,11296,150.85,65.65,49.44,167.06,10725,171.58,91.98,60.67,202.89,10140,185.58,156.87,84.57,257.88,10440,174.53,105.81,66.44,213.9,10439
24,142.78,64.35,49.73,157.4,8795,157.92,99.7,69.43,188.19,8975,119.91,30.27,42.06,108.12,8594,163.18,60.33,51.35,172.16,8453,174.87,93.3,60.08,208.09,8283,141.66,53.11,48.9,145.87,8316
25,164.41,115.07,56.91,222.57,13414,161.78,125.35,60.46,226.67,12779,153.73,57.25,38.93,172.05,12887,172.07,98.73,52.68,218.12,12871,169.19,95.6,48.31,216.48,12812,148.14,66.29,39.04,175.39,12656
26,174.84,104.7,65.33,214.21,12371,150.4,71.43,62.57,159.26,12217,114.01,31.87,47.96,97.92,11526,167.29,57.82,54.0,171.11,11584,176.1,96.65,56.88,215.87,11985,125.44,35.35,47.42,113.37,12245
27,149.23,70.87,54.69,165.41,14261,165.74,128.57,70.97,223.34,13516,155.23,51.97,47.95,159.25,13963,160.9,67.39,51.29,177.0,13867,154.94,41.04,45.69,150.29,13939,162.49,81.16,54.04,189.61,13372
28,164.17,128.93,66.55,226.55,10628,158.69,85.92,57.09,187.52,10147,154.82,59.0,40.28,173.54,9632,180.58,103.49,61.58,222.49,9658,186.31,151.95,80.9,257.36,9559,178.74,109.93,63.23,225.44,9846
29,152.7,95.08,56.62,191.16,11883,155.57,119.27,68.31,206.53,11184,131.63,48.82,44.69,135.76,11086,137.75,78.38,51.46,164.67,11462,170.18,157.36,71.64,255.9,11104,167.58,133.55,63.86,237.27,11928
30,175.93,84.44,53.26,207.11,15876,151.73,51.04,58.43,144.34,15077,115.65,33.84,51.37,98.12,15768,174.34,63.8,48.5,189.64,16160,182.08,75.92,47.81,210.19,15745,136.4,39.66,52.99,123.07,15939
31,173.3,135.44,72.82,235.92,12048,166.15,150.68,75.52,241.31,11176,181.18,127.74,70.73,238.19,11457,182.93,170.19,78.74,274.38,11445,178.36,155.68,75.19,258.85,11825,182.83,123.13,67.69,238.27,11770
32,174.09,144.07,67.02,251.14,10808,150.24,64.44,50.17,164.51,10737,163.11,75.5,46.37,192.24,9720,173.05,108.46,59.97,221.54,10574,169.8,108.42,62.19,216.03,10084,160.08,76.98,48.9,188.16,10198
33,169.87,139.73,74.75,234.85,13919,148.86,72.64,72.74,148.76,12986,157.97,61.8,52.51,167.26,12598,175.27,124.12,70.59,228.8,12748,169.43,112.61,79.14,202.9,13115,142.09,51.1,53.93,139.26,13242
34,175.34,133.53,82.05,226.82,11772,150.18,65.23,70.32,145.09,11963,111.91,34.25,46.09,100.07,11956,164.06,94.73,71.54,187.25,11214,185.39,145.49,88.19,242.69,12019,121.27,41.99,54.01,109.25,12022
35,200.65,165.61,81.6,284.66,11339,152.08,55.71,59.09,148.7,11386,175.62,108.42,63.93,220.11,11540,195.51,113.35,64.18,244.68,11247,188.36,91.93,62.22,218.07,10983,175.54,101.33,64.58,212.29,11294
36,178.94,108.64,62.0,225.58,17295,172.94,78.92,63.22,188.64,16020,142.46,42.28,57.95,126.79,16264,194.64,104.84,64.59,234.89,16468,192.96,122.87,58.43,257.4,17047,157.4,47.77,47.74,157.43,16266
37,182.98,109.32,58.01,234.29,7579,147.34,76.59,43.74,180.19,7679,118.08,30.74,32.29,116.53,8116,128.68,39.64,41.77,126.55,7629,173.34,132.52,64.97,240.89,8443,173.49,68.78,43.31,198.96,7785
38,171.29,143.92,52.57,262.64,12385,176.11,116.2,72.67,219.64,12711,158.13,49.87,48.68,159.32,12684,177.15,147.51,59.65,265.01,12085,181.88,165.62,69.15,278.35,12373,160.61,84.84,51.43,194.02,12710
39,170.36,150.47,68.92,251.91,8848,162.68,138.49,73.85,227.32,9034,151.2,60.13,42.9,168.43,8820,186.06,165.25,90.48,260.83,8439,178.95,172.4,87.73,263.62,8831,153.77,98.18,58.07,193.88,9136
40,171.03,131.96,56.73,246.26,9616,120.93,39.38,49.57,110.74,9132,137.27,49.07,42.51,143.83,8909,139.9,55.9,42.51,153.29,9133,146.27,44.43,42.36,148.34,8967,139.14,42.02,38.03,143.13,9023
41,195.74,154.57,60.99,289.32,14990,125.78,41.3,53.4,113.68,14600,143.66,50.8,54.16,140.3,14928,182.2,116.31,48.55,249.96,14435,186.31,76.48,54.09,208.7,14589,149.67,58.15,47.41,160.41,14874
42,173.96,111.91,54.07,231.8,12283,162.31,88.28,64.82,185.77,12178,140.41,33.04,41.4,132.05,11673,178.22,104.44,61.76,220.9,12224,177.12,76.69,48.47,205.34,12157,150.21,39.4,42.84,146.77,11864
43,132.93,47.82,43.21,137.54,9726,167.64,102.64,56.57,213.71,9416,140.15,31.04,29.89,141.3,9273,163.28,60.82,39.53,184.57,9136,164.08,66.71,39.92,190.87,9014,141.73,32.68,28.35,146.06,9003
44,181.76,132.31,61.93,252.14,12311,180.14,152.15,67.64,264.65,11583,181.74,104.81,50.36,236.19,11698,188.88,151.62,69.12,271.38,11515,194.32,147.41,67.55,274.18,11536,186.46,111.91,53.56,244.81,11800
45,146.92,63.97,50.14,160.75,9772,166.5,147.46,67.71,246.25,9245,137.46,43.5,40.34,140.62,8806,157.58,75.46,44.21,188.83,9104,168.59,116.67,60.37,224.89,9169,160.69,67.94,51.1,177.53,8668
46,185.1,172.19,72.92,284.37,9629,137.62,64.64,47.6,154.66,9520,143.8,82.16,43.2,182.76,9211,175.36,97.26,57.85,214.77,9036,182.35,144.71,72.45,254.61,9176,146.49,85.05,43.89,187.65,9239
47,156.22,82.05,40.79,197.48,9633,119.06,39.68,37.33,121.41,9171,107.58,23.08,29.51,101.15,8763,106.89,24.53,33.59,97.83,8668,160.15,84.18,36.61,207.72,9222,123.44,33.72,30.91,126.25,9173
48,182.35,125.58,57.48,250.45,11761,165.93,99.48,65.16,200.25,11603,135.72,35.99,46.46,125.25,11640,195.28,130.43,67.92,257.79,11825,196.77,161.92,67.99,290.7,11625,160.26,80.2,46.0,194.46,11598
49,165.46,98.87,52.5,211.83,13431,171.87,114.14,62.02,223.99,12916,148.7,36.74,37.48,147.96,12674,173.04,67.85,48.43,192.46,12812,188.86,112.45,60.69,240.62,12822,171.98,70.42,47.65,194.75,12789
50,172.13,101.22,47.39,225.96,16419,148.08,58.28,53.11,153.25,15767,107.96,39.36,52.2,95.12,16517,160.98,57.88,50.13,168.73,15622,192.81,99.74,45.3,247.25,16211,147.26,58.57,47.89,157.94,16378
51,180.82,173.63,72.41,282.04,12910,167.72,102.52,66.74,203.5,12624,176.66,105.28,57.65,224.29,12695,187.15,146.78,73.83,260.1,12694,181.05,167.18,69.91,278.32,12713,180.45,118.94,63.76,235.63,12804
52,166.61,88.22,46.33,208.5,13053,143.61,40.51,45.2,138.92,12164,134.32,42.29,42.15,134.46,12201,172.61,67.94,36.55,204.0,12430,169.97,65.36,38.65,196.68,12030,124.22,33.32,40.39,117.15,12816
53,163.1,119.69,61.08,221.71,13877,123.79,56.29,48.04,132.04,13544,142.73,59.87,52.31,150.29,13172,159.52,71.57,50.95,180.14,12967,160.04,102.99,49.47,213.56,13213,134.6,58.38,46.61,146.37,12655
54,163.86,140.74,66.86,237.74,12985,168.47,153.35,66.2,255.62,12440,157.6,99.07,52.39,204.28,11863,168.65,131.65,66.0,234.3,12599,176.22,148.62,69.58,255.26,12214,172.04,102.52,58.89,215.67,12810
55,176.87,156.97,67.67,266.17,11090,181.61,158.98,83.27,257.32,10984,185.33,105.06,60.5,229.89,10613,190.1,167.27,81.47,275.9,10375,182.81,177.42,74.47,285.76,10652,190.89,161.33,79.3,272.92,10766
56,180.24,166.12,80.14,266.22,9846,162.46,117.75,67.95,212.26,9606,151.36,62.83,47.98,166.21,9372,182.88,140.27,73.93,249.22,9181,184.14,179.66,77.7,286.1,9241,162.91,103.73,57.91,208.73,9183
57,177.32,138.94,62.56,253.7,17288,188.37,152.75,76.23,264.89,16480,187.79,103.14,59.38,231.55,17424,191.29,154.06,70.09,275.26,17113,190.74,164.35,75.25,279.84,16268,182.35,125.32,58.93,248.74,16585
58,171.87,161.63,63.61,269.89,11475,171.01,142.7,70.65,243.06,11105,160.56,68.02,40.89,187.69,10894,180.0,134.76,65.3,249.46,11215,182.83,183.42,78.29,287.96,10656,168.84,103.84,51.02,221.66,10985
59,176.92,159.51,54.58,281.85,9868,168.44,106.89,59.47,215.86,10070,162.38,70.58,47.29,185.67,9548,171.81,129.17,52.69,248.29,9550,186.87,165.8,62.71,289.96,9184,177.33,133.27,54.37,256.23,9925
60,184.75,163.04,75.08,272.71,9334,153.57,86.65,57.15,183.07,9592,154.35,64.48,58.26,160.57,9398,147.74,70.22,46.21,171.75,9067,181.65,115.84,57.34,240.15,9587,186.25,117.78,68.26,235.77,9677
61,178.04,162.37,75.45,264.96,12360,163.48,137.28,73.29,227.47,11889,173.79,108.04,61.89,219.94,12019,179.02,143.41,73.17,249.26,11961,174.0,147.29,70.22,251.07,12304,169.82,136.29,67.17,238.94,12353
62,168.71,128.56,61.82,235.45,11900,160.62,141.34,57.68,244.28,11702,163.72,90.08,50.37,203.43,10940,164.09,132.22,51.97,244.34,10980,175.13,155.78,56.95,273.96,11801,172.63,141.58,61.68,252.53,11817
63,177.48,160.82,66.64,271.66,9333,159.11,107.72,62.5,204.33,9414,156.98,76.96,48.98,184.96,9023,173.46,134.57,59.91,248.12,8803,187.69,164.44,69.46,282.67,9273,182.91,143.13,74.79,251.25,8818
64,181.87,180.34,74.25,287.96,11353,159.62,103.04,61.7,200.96,11158,156.52,71.28,47.6,180.2,10976,185.53,163.63,76.57,272.59,11338,178.83,158.19,74.55,262.47,11586,153.82,88.9,51.27,191.45,10773
65,180.58,170.23,77.43,273.38,9731,155.03,108.38,56.02,207.39,9379,149.43,51.65,43.73,157.35,9339,186.02,161.91,77.67,270.26,9234,186.97,164.58,77.51,274.04,9287,159.39,74.72,49.27,184.84,9066
66,174.64,136.31,55.59,255.36,16967,172.43,104.15,58.3,218.28,15763,141.68,49.14,56.4,134.42,16059,172.53,69.31,54.63,187.21,16077,197.77,126.63,53.27,271.13,16525,176.74,76.4,48.82,204.32,16130
67,188.98,159.28,59.99,288.27,11448,172.72,104.6,50.56,226.76,11173,188.23,119.52,50.53,257.22,11040,181.7,118.0,43.63,256.07,11069,191.68,141.42,58.5,274.6,10779,192.84,125.53,55.49,262.88,11179
68,176.59,166.19,81.83,260.95,11972,174.42,162.49,83.53,253.38,11603,179.32,146.78,78.11,247.99,11461,183.54,166.61,84.59,265.56,11206,179.86,169.81,82.09,267.58,11469,183.04,164.4,88.12,259.32,11246
69,161.48,127.24,66.38,222.34,5960,144.43,85.1,57.64,171.89,5885,128.37,40.19,37.48,131.08,5783,163.58,131.52,64.37,230.73,5776,166.29,161.84,67.07,261.06,5528,142.87,72.01,44.49,170.39,5844
70,165.69,155.19,76.17,244.71,7591,162.47,151.79,73.74,240.52,7408,159.46,91.1,58.12,192.44,7269,166.66,164.27,78.89,252.04,7030,177.54,181.27,92.91,265.9,7092,169.18,146.85,76.87,239.16,7454
71,160.25,122.99,63.09,220.15,9645,159.55,145.4,62.61,242.34,9107,150.27,83.38,42.12,191.53,8774,163.26,137.39,60.75,239.9,9270,175.8,175.3,69.72,281.38,8951,163.61,124.33,57.45,230.49,9262
72,145.76,59.79,48.11,157.44,8926,126.3,54.44,45.88,134.86,8542,110.39,26.3,35.79,100.9,8054,140.74,37.44,41.55,136.63,8566,164.75,83.28,42.17,205.86,8487,119.13,34.72,38.11,115.74,8455
73,148.75,78.51,52.2,175.06,12012,152.25,99.22,61.9,189.57,11950,134.63,48.6,47.29,135.94,11940,174.43,111.06,57.7,227.79,11725,180.7,153.48,70.8,263.38,11790,160.18,91.66,58.84,193.0,11212
74,122.42,46.44,49.48,119.38,10441,145.27,69.81,52.21,162.87,9958,124.14,29.36,43.48,110.02,9931,142.35,39.72,45.04,137.03,10400,146.55,43.38,36.09,153.84,10433,137.02,30.0,41.32,125.7,10401
75,175.99,166.51,71.1,271.4,9825,168.83,140.26,69.73,239.36,9338,178.81,141.91,67.09,253.63,9536,178.44,170.74,71.89,277.29,9200,177.61,177.4,70.69,284.32,9478,181.95,152.44,76.52,257.87,9566
76,174.99,149.47,63.17,261.29,14465,174.38,154.38,68.02,260.74,14104,178.73,102.44,48.78,232.39,13724,186.54,121.4,55.38,252.56,13515,187.17,158.07,72.5,272.74,13836,187.8,108.67,60.1,236.37,14275
77,178.92,174.3,74.27,278.95,10101,177.15,151.26,76.69,251.72,10300,191.35,134.53,71.51,254.37,10152,183.22,181.01,79.46,284.77,9912,179.29,142.72,64.8,257.21,9683,174.4,140.86,67.96,247.3,9632
78,174.27,165.86,71.75,268.38,11547,169.3,158.94,73.64,254.6,11074,181.39,117.06,57.23,241.22,10725,173.94,162.55,66.76,269.73,10515,179.41,180.01,75.86,283.56,10634,176.39,164.07,70.94,269.52,10561
79,179.39,183.44,76.66,286.17,8266,168.7,124.75,62.45,231.0,7986,180.77,139.17,67.89,252.05,8245,174.49,174.65,71.21,277.93,7809,172.36,169.59,66.97,274.98,7782,171.67,149.92,69.35,252.24,7691
80,151.22,100.29,51.98,199.53,7587,159.21,144.67,64.55,239.33,7330,139.93,64.43,43.74,160.62,7442,156.71,133.74,54.61,235.84,7078,170.24,169.66,61.48,278.42,7155,157.66,112.72,51.3,219.08,6914
81,170.59,124.9,61.0,234.49,8804,167.69,122.19,65.07,224.81,8683,141.88,45.49,38.64,148.73,8183,170.86,110.22,54.9,226.18,8220,188.07,171.37,77.45,281.99,8123,173.23,114.51,57.39,230.35,8446
82,176.88,171.4,72.37,275.91,9609,159.95,114.28,63.31,210.92,9512,146.36,63.37,40.15,169.58,9329,174.73,171.12,67.91,277.94,9477,172.55,147.73,64.69,255.59,9329,149.13,67.38,42.1,174.41,9428
83,165.7,160.52,66.6,259.62,6619,164.41,158.51,76.69,246.23,6490,150.49,123.5,52.68,221.31,6209,180.24,166.46,79.17,267.53,6285,170.11,173.31,74.2,269.22,6258,155.92,152.74,58.88,249.78,6288
84,177.7,165.25,69.04,273.91,10337,164.19,114.79,58.61,220.37,10074,166.79,109.92,53.43,223.28,9705,172.78,114.95,52.23,235.5,10007,182.31,168.49,70.24,280.56,9757,177.11,149.19,68.48,257.82,10267
85,171.14,163.37,65.97,268.54,11208,160.77,150.11,62.98,247.9,10681,165.08,113.44,50.81,227.71,10582,173.07,151.71,63.73,261.05,10502,176.34,182.82,68.57,290.59,10331,174.18,146.09,66.97,253.3,10842
86,162.33,162.26,65.8,258.79,9011,154.89,139.61,59.56,234.94,8795,165.42,111.49,55.81,221.1,8695,164.7,152.39,62.6,254.49,8301,166.12,169.16,65.29,269.99,8276,165.55,141.86,63.97,243.44,8623
87,174.9,153.87,67.49,261.28,9117,169.6,145.64,67.9,247.34,9266,167.68,97.14,52.4,212.42,9075,175.83,167.06,67.6,275.29,8522,180.06,161.88,69.58,272.36,9390,179.9,129.41,66.7,242.61,8955
88,171.3,179.54,81.27,269.57,6965,162.33,163.37,71.44,254.26,6864,169.31,144.78,69.37,244.72,6894,169.42,176.44,73.09,272.77,6771,170.61,171.76,75.99,266.38,6483,174.84,168.97,79.24,264.57,6647
89,165.15,146.36,66.14,245.37,10742,168.97,117.57,65.26,221.28,9971,173.46,102.85,56.15,220.16,10039,184.95,135.15,70.05,250.05,10230,177.83,159.68,70.81,266.7,10274,166.66,112.74,54.4,225.0,10119
90,164.78,83.38,55.36,192.8,13482,174.49,107.71,55.95,226.25,12758,153.93,50.78,43.49,161.22,13072,167.97,58.58,41.1,185.45,12414,192.36,112.47,55.54,249.29,12940,161.86,45.13,45.01,161.98,12958
91,154.73,146.66,62.23,239.16,6481,141.83,89.18,54.13,176.88,6471,136.82,89.41,41.88,184.35,6134,148.53,120.07,49.02,219.58,6276,164.47,158.34,59.12,263.69,6061,152.33,115.09,51.53,215.89,6456
92,180.76,159.96,77.04,263.68,9558,165.96,128.39,68.85,225.5,9360,144.22,39.57,32.5,151.29,9018,174.53,139.58,71.45,242.66,9568,191.37,181.63,89.64,283.36,9148,169.4,113.82,58.63,224.59,9340
93,177.23,142.87,63.69,256.41,10875,164.53,101.37,62.08,203.82,10578,149.58,45.3,41.71,153.17,10437,188.97,131.3,69.28,250.99,10510,188.15,157.75,75.38,270.52,10686,156.22,59.04,50.77,164.49,10485
94,167.76,127.57,69.91,225.42,8699,145.28,81.69,48.58,178.39,8513,130.67,47.87,38.51,140.03,8159,172.24,111.69,63.77,220.16,7991,180.41,136.95,73.51,243.85,8152,137.45,47.91,34.76,150.6,8035
95,166.62,146.18,65.48,247.32,9437,150.24,80.74,52.16,178.82,9154,157.32,83.2,46.3,194.22,8743,164.71,142.3,56.39,250.62,9237,162.46,154.25,63.22,253.49,8772,162.17,114.56,53.82,222.91,9535
96,184.62,145.68,69.46,260.84,14192,172.87,120.42,63.94,229.35,13266,147.69,49.78,41.75,155.72,13956,188.5,113.14,63.15,238.49,13688,196.55,156.61,77.84,275.32,13653,173.18,92.93,53.7,212.41,14121
97,170.59,117.14,51.49,236.24,7742,141.17,57.77,38.92,160.02,7811,123.8,19.29,32.29,110.8,7166,172.32,120.17,53.44,239.05,7232,185.34,138.8,51.59,272.55,6982,129.88,25.19,31.51,123.56,7445
98,177.85,170.03,62.11,285.77,9169,165.98,152.65,67.11,251.52,9007,178.83,85.68,50.41,214.1,9533,176.72,168.93,72.16,273.49,8947,178.76,177.39,80.94,275.21,9217,175.21,98.75,52.64,221.32,9193
99,184.51,102.58,61.79,225.3,14863,172.17,74.09,70.02,176.24,13998,143.67,52.1,67.54,128.23,14600,144.78,54.45,59.62,139.61,14765,197.95,104.26,62.44,239.77,14570,183.75,75.54,58.78,200.51,14753
100,167.17,129.97,71.69,225.45,8361,139.25,64.92,60.88,143.29,8321,132.69,62.8,52.1,143.39,8020,172.26,102.39,64.67,209.98,7988,181.95,131.07,77.17,235.85,8281,155.47,81.21,58.84,177.84,8038
101,179.36,122.18,73.64,227.9,8515,178.16,108.57,69.16,217.57,8424,141.04,50.44,51.5,139.98,8345,174.3,83.47,56.14,201.63,8159,202.64,165.27,95.61,272.3,8260,182.44,114.46,72.35,224.55,8445
102,165.73,101.8,68.9,198.63,8938,170.75,120.75,84.76,206.74,8549,145.07,55.94,55.76,145.25,8497,154.36,76.94,58.29,173.01,8660,188.48,132.21,81.85,238.84,8323,176.36,94.99,66.08,205.27,9011
103,171.08,103.45,71.82,202.71,9426,155.75,69.06,63.84,160.97,9260,158.06,60.06,58.87,159.25,9050,182.46,118.92,74.46,226.92,9047,173.07,107.22,70.36,209.93,8945,151.72,61.02,57.14,155.6,8938
104,170.61,109.81,73.21,207.21,13004,178.32,157.15,82.34,253.13,12595,163.88,66.27,61.97,168.18,12814,176.56,77.03,70.21,183.38,12755,184.1,106.87,74.66,216.31,12534,184.12,140.05,77.24,246.93,12913
105,170.01,122.09,65.08,227.02,9800,183.34,119.99,67.96,235.37,9733,164.18,67.45,62.98,168.65,9212,184.38,128.21,67.03,245.56,9201,184.51,108.8,64.23,229.08,9015,166.21,79.78,57.21,188.78,9040
106,173.04,143.77,72.61,244.2,8246,170.47,115.97,68.13,218.31,8125,150.83,61.15,49.67,162.31,7880,187.7,147.05,72.24,262.51,8062,196.52,192.45,88.5,300.47,7964,163.29,129.09,63.86,228.52,7890
107,189.94,170.5,91.49,268.95,10047,178.4,138.65,79.84,237.21,9836,178.54,97.62,60.47,215.69,9623,188.39,158.84,81.1,266.13,9771,195.3,175.46,90.72,280.04,10010,194.62,170.24,92.75,272.11,9676
108,183.47,144.87,79.48,248.86,12401,157.61,61.55,62.21,156.95,12122,169.39,72.65,64.9,177.14,11826,185.95,107.69,73.94,219.7,11284,189.79,150.93,83.54,257.18,11446,173.67,100.22,65.09,208.8,11831
109,166.52,148.5,74.6,240.42,10305,159.17,109.59,75.15,193.61,9966,133.68,65.48,58.87,140.29,9808,149.73,103.87,60.63,192.97,9637,178.82,170.94,91.51,258.25,9837,190.23,184.31,104.99,269.55,9835
110,172.07,94.16,62.46,203.77,7983,119.92,57.68,51.74,125.86,7925,123.44,36.36,50.02,109.78,7445,141.11,57.12,56.41,141.82,7725,164.07,103.19,60.07,207.19,7556,155.61,65.73,52.89,168.45,7607
111,157.44,85.28,60.76,181.96,5720,161.9,138.95,65.6,235.25,5664,148.96,55.77,54.59,150.14,5802,159.26,72.13,56.36,175.03,5355,170.72,120.55,66.88,224.39,5815,169.44,99.14,60.9,207.68,5463
112,171.28,91.31,74.02,188.57,9786,167.15,89.48,70.69,185.94,9517,143.38,52.56,63.76,132.18,9079,180.03,124.34,81.64,222.73,9252,190.07,154.51,89.15,255.43,9306,167.33,89.55,63.98,192.9,8946
113,184.33,106.1,60.86,229.57,11356,121.45,40.52,53.79,108.18,10842,128.51,49.08,56.67,120.92,10513,145.99,49.55,52.12,143.42,10214,185.91,79.91,57.02,208.8,10665,185.91,79.91,57.02,208.8,10665
114,177.78,138.61,75.58,240.81,11418,175.16,109.46,79.39,205.23,11311,154.63,52.75,66.31,141.07,11319,173.76,74.39,69.97,178.18,11356,197.77,151.84,88.5,261.11,11096,191.45,157.25,82.46,266.24,11342
115,164.5,111.57,70.17,205.9,12678,176.45,161.25,82.32,255.38,12053,165.95,70.01,55.46,180.5,12824,172.17,134.25,77.57,228.85,12064,185.69,154.46,85.18,254.97,12519,173.9,118.09,71.0,220.99,12414
116,178.33,166.11,80.88,263.56,12569,164.82,102.35,70.99,196.18,12386,170.24,101.56,68.35,203.45,12188,172.84,101.88,72.11,202.61,12081,177.98,138.38,82.06,234.3,12157,193.18,184.08,101.28,275.98,12086
117,170.78,87.52,59.47,198.83,14207,152.77,70.38,56.04,167.11,13325,116.54,45.03,55.76,105.81,14160,125.55,47.28,55.38,117.45,13860,176.47,65.48,62.75,179.2,14108,178.52,67.74,53.79,192.47,14163
118,174.32,165.16,76.39,263.09,13105,151.16,68.83,64.14,155.85,12866,162.45,88.97,62.46,188.96,12863,173.06,90.86,64.1,199.82,13088,177.29,107.57,69.45,215.41,13327,175.65,111.29,69.74,217.2,13323
119,179.58,114.32,70.5,223.4,12371,167.23,115.1,72.62,209.71,12332,161.56,75.99,67.47,170.08,11882,155.62,68.1,52.79,170.93,11624,170.5,57.52,61.2,166.82,12298,184.19,93.5,65.6,212.09,12213
120,184.67,124.65,73.42,235.9,9203,177.61,132.87,80.46,230.02,8886,147.4,55.71,60.98,142.13,8661,163.48,75.91,67.42,171.97,8776,186.69,136.15,82.27,240.57,8767,196.67,150.3,83.49,263.48,8731
121,185.86,140.59,78.94,247.51,8825,168.64,85.49,71.16,182.97,8617,157.86,52.97,56.2,154.63,8378,168.62,71.02,57.29,182.35,8595,189.55,155.12,91.91,252.76,8364,188.17,149.09,84.42,252.84,8560
122,179.42,130.54,71.97,237.99,11350,169.31,101.17,70.46,200.02,11115,161.32,69.6,59.75,171.17,11224,172.74,91.8,67.61,196.93,11442,194.42,153.59,86.14,261.87,10970,174.81,82.71,62.5,195.02,11425
123,189.55,163.43,82.9,270.08,9522,179.08,97.22,63.81,212.49,9377,163.82,71.87,61.85,173.84,9303,187.95,124.7,77.02,235.63,9288,199.74,149.72,87.53,261.93,9376,191.4,79.75,67.45,203.7,9198
124,172.25,94.32,67.33,199.24,10436,172.94,127.35,73.59,226.7,10194,146.8,63.15,55.4,154.55,9825,173.38,84.53,72.09,185.82,10070,191.24,147.89,86.08,253.05,9758,180.39,97.69,65.07,213.01,10120
125,178.53,85.27,65.3,198.5,14271,181.67,169.55,83.53,267.69,13389,180.6,86.64,63.92,203.32,14029,179.88,111.14,67.4,223.62,13430,180.83,116.2,71.83,225.2,13199,185.86,118.74,74.63,229.97,13560
126,184.1,167.96,79.5,272.56,9732,153.98,78.98,67.78,165.18,9544,156.8,76.17,54.69,178.28,9395,159.13,86.31,62.35,183.09,9048,181.35,143.73,85.14,239.94,9064,184.63,144.56,81.58,247.61,9542
127,177.49,100.48,66.42,211.55,10399,153.59,65.68,62.53,156.74,9931,141.68,45.78,48.69,138.77,9674,162.2,56.44,52.41,166.23,10360,187.29,100.36,62.67,224.98,10115,188.91,102.91,66.63,225.19,9977
128,164.39,164.52,76.27,252.64,11004,173.35,143.64,87.53,229.46,10514,165.98,115.02,68.41,212.59,9814,170.73,131.67,76.0,226.4,9910,156.05,154.91,75.14,235.82,11157,177.68,187.93,84.24,281.37,10046
129,188.94,158.82,81.46,266.3,10142,165.95,76.08,64.47,177.56,9477,164.22,59.94,58.45,165.71,9449,184.19,97.0,69.52,211.67,9658,193.26,147.71,92.3,248.67,9869,181.84,93.31,64.29,210.86,9752
130,180.96,168.38,81.2,268.14,9683,174.47,166.52,80.59,260.4,9539,159.56,81.31,55.44,185.43,9253,172.59,99.59,67.98,204.2,9488,188.75,197.14,87.41,298.48,9354,189.81,171.58,85.18,276.21,9399
131,190.69,148.33,86.02,253.0,8621,168.83,82.11,56.46,194.48,8794,166.6,61.68,56.41,171.87,8298,168.73,64.21,55.56,177.38,8285,190.04,127.61,79.01,238.64,8072,191.86,142.13,84.15,249.84,8313
132,197.8,137.87,64.51,271.16,14238,161.26,81.73,48.62,194.37,13506,156.13,52.23,51.34,157.02,13692,155.25,56.27,44.58,166.94,13587,191.24,111.38,56.36,246.26,13583,193.62,113.2,52.56,254.26,13743
133,180.49,95.52,62.4,213.61,12059,166.16,77.11,62.39,180.88,12152,127.29,38.4,48.83,116.86,11855,168.83,72.64,57.94,183.53,11600,194.3,109.76,62.66,241.4,11913,157.87,57.41,53.74,161.54,11835
134,200.99,151.31,79.24,273.06,10823,185.71,142.74,82.31,246.14,10508,193.25,92.92,68.54,217.63,10792,196.64,110.02,74.1,232.56,10784,198.42,98.24,74.53,222.13,10984,191.3,99.87,66.08,225.09,10822
135,185.72,123.84,69.86,239.7,11471,178.79,100.29,67.57,211.51,10966,164.22,57.77,58.53,163.46,11007,182.82,85.02,58.37,209.47,11062,192.9,125.64,67.66,250.88,11227,195.39,136.82,74.79,257.42,10777
136,184.61,148.88,83.83,249.66,9783,178.8,176.26,87.41,267.65,9756,166.03,102.06,65.38,202.71,9850,170.02,136.45,76.38,230.09,9500,183.1,178.5,90.16,271.44,9680,179.82,162.79,85.4,257.21,9734
137,160.95,79.91,62.01,178.85,11160,168.32,102.27,67.48,203.11,11039,173.76,66.72,57.62,182.86,10640,184.91,99.52,58.18,226.25,11154,167.92,68.09,60.11,175.9,10166,151.61,56.9,58.09,150.42,11018
138,178.11,123.07,60.41,240.77,10041,165.32,76.42,56.12,185.62,9880,132.83,46.57,53.31,126.09,9395,161.16,76.22,53.15,184.23,9851,185.6,99.05,58.69,225.96,9315,185.75,107.43,58.03,235.15,9766
139,185.38,141.12,77.19,249.31,9240,185.25,148.21,85.24,248.22,8908,177.09,89.59,56.87,209.81,8939,190.25,153.63,82.55,261.33,8662,191.41,184.9,85.59,290.72,8911,186.7,119.74,68.13,238.31,8639
140,177.4,162.37,70.72,269.05,12044,157.16,61.85,56.33,162.68,11927,162.05,72.31,55.21,179.15,11463,167.8,87.23,60.15,194.88,11380,188.06,154.74,80.31,262.49,11416,185.96,163.16,82.23,266.89,11688
141,201.34,181.8,81.83,301.31,10250,176.68,76.65,52.16,201.17,10044,187.48,134.2,72.81,248.87,9923,183.38,122.13,56.9,248.61,9710,193.52,151.85,70.21,275.16,9682,193.14,166.17,77.78,281.53,10113
142,179.81,169.88,71.65,278.04,9773,180.6,170.97,82.64,268.93,9181,182.56,101.65,62.14,222.07,8892,182.7,165.41,73.27,274.84,9286,186.64,188.53,92.56,282.61,8918,179.14,163.96,73.9,269.2,9607
143,189.58,146.62,67.49,268.71,11101,191.44,170.06,81.14,280.36,10671,198.99,125.6,61.88,262.71,10992,194.2,137.72,68.0,263.92,10585,187.45,123.01,63.26,247.2,11038,193.81,157.29,78.27,272.83,10555
144,181.05,143.91,63.96,261.0,13121,176.54,149.9,70.85,255.59,12646,172.48,71.59,58.21,185.86,13023,177.58,136.25,57.78,256.05,12887,192.92,180.52,76.35,297.09,12800,194.24,162.41,68.9,287.75,12912
145,92.37,75.18,38.15,129.4,23530,69.45,63.96,33.01,100.4,28474,190.74,110.01,67.21,233.54,10717,183.15,141.29,76.64,247.8,11176,195.37,152.88,80.81,267.44,10842,188.6,167.03,81.52,274.11,10790
146,47.24,41.77,20.81,68.2,46244,173.19,119.63,66.11,226.71,10928,177.07,94.03,59.02,212.08,10392,176.47,146.85,77.23,246.09,10996,185.02,154.45,76.71,262.76,11006,187.02,85.92,59.66,213.28,10330
147,184.55,184.43,78.74,290.24,9080,163.1,87.28,63.27,187.11,9050,174.38,117.31,61.47,230.22,8358,158.0,133.26,68.67,222.59,9657,99.99,82.93,43.51,139.41,16624,39.38,37.17,16.83,59.72,42017
148,170.24,129.78,67.02,233.0,12291,187.51,158.08,77.76,267.83,11252,182.95,106.15,60.88,228.22,11035,190.22,143.73,72.92,261.03,10596,191.89,179.45,81.87,289.47,10619,187.42,154.5,74.14,267.78,10745
149,142.5,120.51,55.33,207.68,13950,165.49,87.06,61.04,191.51,10573,155.17,67.07,45.82,176.42,10353,179.47,108.63,61.7,226.4,10587,102.71,96.54,50.19,149.06,20492,183.08,133.49,67.95,248.62,10457
150,134.14,68.6,52.37,150.37,10714,146.74,95.99,51.15,191.58,10827,118.23,35.24,36.29,117.18,10243,150.34,76.74,46.19,180.89,9817,163.6,94.7,52.42,205.88,9845,118.74,32.33,34.31,116.76,9953
151,146.88,84.79,52.66,179.01,11106,147.49,55.95,51.84,151.6,10820,113.73,33.86,43.87,103.72,10282,160.33,72.09,52.8,179.62,10271,176.2,117.71,64.62,229.29,10222,110.08,29.07,38.93,100.22,10214
152,129.1,54.23,47.13,136.2,13164,174.71,107.7,65.31,217.1,12644,116.72,36.0,45.72,107.0,11996,155.03,55.46,47.13,163.36,12308,168.32,74.68,41.96,201.04,12408,133.43,45.29,44.51,134.21,11688
153,166.24,146.15,71.89,240.5,11366,150.75,111.41,67.3,194.86,11119,125.33,40.5,35.17,130.66,10882,176.6,149.0,74.79,250.81,10565,178.6,177.59,78.99,277.2,10731,143.11,73.41,46.45,170.07,10827
154,167.15,110.42,58.07,219.5,12269,153.23,105.94,64.32,194.85,11832,145.7,52.72,47.57,150.85,11841,173.91,109.81,65.4,218.32,12309,151.47,59.52,50.33,160.66,12039,157.14,66.25,45.17,178.22,11568
155,178.44,109.29,63.78,223.95,11331,142.15,49.69,55.37,136.47,10893,125.16,36.95,42.14,119.97,10302,193.58,98.68,57.92,234.34,10111,190.43,95.9,53.89,232.44,10227,112.47,33.73,42.32,103.88,10274
156,152.3,79.66,54.21,177.75,11230,159.38,115.59,69.68,205.29,10796,123.07,35.95,36.83,122.19,10817,152.72,70.7,44.82,178.6,10599,176.86,133.27,68.83,241.3,10721,123.4,37.97,38.0,123.37,11081
157,149.35,79.77,53.93,175.19,11419,139.05,71.9,57.84,153.11,11098,107.47,36.49,40.11,103.85,10977,133.84,55.21,48.62,140.43,10609,176.76,125.01,68.15,233.62,10951,127.37,43.61,40.77,130.21,11079
158,156.47,86.84,55.6,187.71,10945,161.32,112.59,69.37,204.54,10230,133.98,41.01,39.49,135.5,10054,171.59,102.15,57.02,216.72,10259,168.46,92.75,56.19,205.02,10353,129.4,38.18,40.3,127.28,10680
159,180.27,151.44,67.77,263.94,12121,169.02,104.16,69.94,203.24,11847,176.03,112.39,63.53,224.89,12471,186.05,156.33,74.17,268.21,11899,188.03,160.7,86.73,262.0,12020,181.17,119.12,68.98,231.31,11863
160,179.77,112.8,49.74,242.83,10718,124.16,44.55,40.17,128.54,10416,132.56,43.3,40.12,135.74,10131,120.77,33.18,40.0,113.95,10252,113.79,31.51,41.75,103.55,9901,128.7,37.38,43.45,122.63,10449
161,171.4,106.23,50.86,226.77,13913,105.86,42.8,52.03,96.63,13279,108.02,34.79,44.02,98.79,12987,132.9,45.98,49.87,129.01,13045,141.01,54.58,44.27,151.32,13176,111.61,38.27,45.52,104.36,13204
162,173.0,148.65,77.78,243.87,10711,159.89,127.19,67.94,219.14,10482,146.18,83.97,53.2,176.95,10253,163.45,119.13,63.42,219.16,9982,180.2,167.36,73.5,274.06,10213,165.29,103.22,61.31,207.2,10338
163,165.09,109.05,64.66,209.48,11330,174.61,138.58,76.9,236.29,11356,135.93,51.78,45.31,142.4,10987,162.07,87.24,58.23,191.08,11048,190.62,140.62,73.76,257.48,10710,172.66,99.92,62.4,210.18,10752
164,183.78,136.24,53.32,266.7,11562,112.18,38.23,45.27,105.14,11147,128.49,41.3,46.79,123.0,10877,150.58,59.51,47.08,163.01,11062,143.7,56.93,45.38,155.25,10857,126.82,42.39,43.89,125.32,10573
165,183.2,165.44,81.73,266.91,13513,151.75,64.57,50.13,166.19,12492,160.53,62.19,48.32,174.4,12900,184.26,127.38,63.48,248.16,12781,189.91,132.22,68.48,253.65,12425,153.33,63.63,48.63,168.33,12471
166,194.15,137.43,51.68,279.9,13424,133.2,45.84,46.29,132.75,12769,147.26,50.08,44.6,152.74,13438,138.24,49.0,48.37,138.87,12996,189.41,83.04,45.45,227.0,13615,168.56,62.92,43.75,187.73,13004
167,180.37,170.49,80.54,270.32,12504,155.32,114.94,69.26,201.0,12557,160.32,83.56,53.89,189.99,11780,170.22,114.74,64.47,220.49,12015,179.76,166.72,75.07,271.41,11888,172.79,105.09,65.64,212.24,12226
168,169.53,122.2,64.34,227.39,12318,148.21,88.6,62.08,174.73,11780,139.03,46.6,49.0,136.63,11902,154.59,71.33,54.95,170.97,11496,181.63,155.61,75.57,261.67,11753,159.12,79.46,47.06,191.52,11918
169,183.04,144.86,68.47,259.43,13653,155.26,94.11,66.52,182.85,13290,142.66,53.49,49.85,146.3,12553,174.24,99.2,58.06,215.38,12989,190.53,175.36,80.78,285.11,13056,152.03,88.47,53.17,187.33,12841
170,189.41,134.37,47.91,275.87,13469,154.62,63.18,43.74,174.06,12481,154.15,51.77,48.92,157.0,12935,164.53,73.93,35.41,203.05,12912,174.59,68.82,43.09,200.32,13112,168.54,62.2,44.76,185.98,13087
171,177.61,155.65,65.2,268.06,12811,162.39,72.25,55.19,179.45,12026,150.55,54.0,54.74,149.81,12408,171.18,85.39,53.61,202.96,12433,187.02,148.39,65.88,269.53,12388,170.8,81.73,56.31,196.22,11621
172,155.21,92.7,55.97,191.94,10116,166.32,92.75,59.14,199.93,9645,140.69,39.64,39.46,140.87,9676,173.65,92.2,47.52,218.33,9650,184.4,141.32,73.5,252.22,9343,161.55,76.89,50.17,188.27,9397
173,144.98,90.6,59.02,176.56,11500,158.19,119.72,81.98,195.93,11543,134.57,43.08,47.52,130.13,10938,181.28,124.34,73.66,231.96,11309,165.49,119.86,60.37,224.98,11266,128.89,50.73,44.82,134.8,11009
174,163.28,86.03,62.36,186.95,12131,174.08,130.52,77.06,227.54,11583,142.17,43.48,49.98,135.67,11648,169.91,94.37,57.82,206.46,11449,184.53,122.01,65.49,241.05,11867,165.96,71.77,58.79,178.94,11675
175,170.91,154.32,64.58,260.65,11449,165.85,90.03,55.43,200.45,10738,147.46,56.06,47.08,156.44,11318,174.13,84.13,51.15,207.11,10805,182.35,103.17,60.17,225.35,10665,169.46,111.4,54.86,226.0,11081
176,174.99,149.41,70.23,254.17,10745,176.0,154.55,73.53,257.02,10237,174.85,94.84,56.88,212.81,10393,190.06,138.64,70.32,258.38,10401,186.3,148.19,77.15,257.34,10018,186.54,127.44,69.54,244.44,10065
177,178.33,143.13,63.13,258.33,11829,167.24,112.49,62.93,216.8,11741,135.88,40.69,46.18,130.39,10790,187.13,124.56,60.0,251.69,11394,190.07,151.91,71.73,270.25,10441,156.55,71.64,52.01,176.18,11149
178,181.25,151.52,65.21,267.56,10778,165.21,115.84,66.31,214.74,10358,153.87,54.75,48.5,160.12,10626,185.08,142.31,67.78,259.61,10651,195.81,168.94,77.83,286.92,10668,174.88,97.54,57.46,214.96,10225
179,178.1,120.48,49.2,249.38,11248,118.43,47.56,46.58,119.41,10582,131.6,34.61,42.5,123.71,10466,144.21,49.56,42.38,151.39,10370,166.55,90.37,38.27,218.65,10812,153.94,55.9,43.01,166.83,10777
180,193.04,162.37,62.85,292.56,12045,125.14,46.4,50.27,121.27,11444,157.29,72.98,50.02,180.25,11043,142.61,55.61,42.27,155.95,11142,160.25,63.16,52.62,170.79,11530,173.95,93.08,46.92,220.11,11926
181,164.91,98.44,59.6,203.75,12437,170.61,128.4,75.88,223.13,11975,159.05,60.37,50.37,169.05,11693,151.92,53.14,54.86,150.2,11539,179.7,105.34,59.95,225.09,12260,176.39,92.97,52.54,216.82,12114
182,171.31,162.44,63.48,270.27,12690,170.7,154.55,67.79,257.46,11755,168.04,86.65,52.48,202.21,12848,184.22,115.52,60.88,238.86,11961,186.46,169.46,73.06,282.86,12134,171.09,143.7,62.1,252.69,13128
183,178.6,127.02,66.64,238.98,11294,168.12,116.32,67.15,217.29,11169,160.09,64.83,44.94,179.98,10627,172.79,115.91,63.37,225.33,10696,186.02,170.33,74.47,281.88,10498,167.15,73.51,48.34,192.32,10499
184,154.14,90.89,48.48,196.55,10452,118.05,45.3,48.61,114.74,10157,110.82,26.62,38.23,99.21,9284,142.32,48.87,47.43,143.76,9803,169.37,100.41,53.9,215.88,9802,121.64,48.26,43.24,126.66,9545
185,184.72,122.08,67.57,239.23,11291,175.46,159.81,73.94,261.33,11075,179.23,97.51,57.27,219.47,10878,193.15,170.94,73.92,290.17,10644,194.26,178.57,76.56,296.27,10673,184.74,146.45,70.1,261.09,10555
186,187.82,137.7,53.03,272.49,10856,104.59,31.39,37.61,98.37,10659,131.59,38.49,41.43,128.65,10264,150.73,57.21,44.32,163.62,9950,168.75,74.95,43.14,200.56,10296,144.24,59.03,37.72,165.55,9808
187,182.13,118.66,48.18,252.61,17771,131.51,44.04,52.81,122.74,16511,137.31,46.52,45.06,138.77,15890,149.37,55.97,42.03,163.31,16576,194.27,107.34,39.25,262.36,16764,179.04,73.99,40.05,212.98,16568
188,187.13,176.56,72.53,291.16,12161,137.97,46.42,43.2,141.19,11830,157.46,72.31,43.87,185.9,11420,169.12,100.46,56.74,212.84,11217,179.89,121.94,61.06,240.77,11292,180.77,135.13,62.75,253.15,11732
189,166.19,131.3,67.4,230.09,8682,164.51,132.67,69.42,227.76,8491,142.41,50.47,42.92,149.96,8256,170.69,120.94,61.47,230.16,8310,184.2,157.29,76.11,265.38,8283,159.96,67.19,46.44,180.71,8444
190,161.31,99.28,59.13,201.46,9828,156.13,95.71,58.29,193.55,9642,121.73,36.2,40.96,116.97,9067,162.37,109.17,55.32,216.22,9525,189.98,145.73,69.47,266.24,9441,156.66,66.35,42.95,180.06,9057
191,172.99,154.12,59.56,267.55,10761,140.81,52.7,47.55,145.96,10499,154.58,61.02,44.94,170.66,9790,176.04,124.76,58.65,242.15,9900,179.11,135.66,67.85,246.92,10224,152.98,81.7,48.59,186.09,10112
192,191.81,146.02,53.34,284.49,14533,174.74,90.06,56.3,208.5,14124,186.78,87.08,48.04,225.82,13758,200.36,123.21,48.06,275.51,14493,194.94,97.33,49.62,242.65,14722,174.42,80.05,43.58,210.89,13641
193,174.96,141.05,65.52,250.49,13874,169.87,137.83,78.0,229.7,13165,139.31,59.65,48.59,150.37,13161,177.19,128.53,63.22,242.5,13118,194.62,172.68,75.46,291.84,13166,167.07,119.63,60.24,226.46,13499
194,174.8,119.48,51.48,242.8,15450,146.54,81.23,51.02,176.75,14359,125.0,35.71,43.99,116.72,14819,170.45,74.46,49.11,195.8,14349,177.61,110.03,52.65,234.99,14648,134.34,45.39,44.49,135.24,14677
195,133.98,50.88,49.46,135.4,10853,132.71,57.22,53.9,136.03,10610,94.7,28.72,40.63,82.79,10281,145.55,43.17,42.03,146.69,10045,149.48,45.58,42.19,152.87,10653,100.16,27.39,38.88,88.67,10048
196,145.44,75.7,52.72,168.42,11145,171.57,95.27,52.97,213.87,10593,128.34,35.53,46.86,117.01,10445,172.46,83.57,44.29,211.74,10841,178.63,83.13,46.71,215.05,10827,137.91,46.57,41.78,142.7,10479
197,176.65,125.35,62.01,239.99,10299,174.05,124.31,63.71,234.65,10030,138.72,48.21,45.61,141.32,9591,188.89,118.84,64.57,243.16,9882,201.81,179.21,76.04,304.98,9763,174.81,91.0,52.57,213.24,9902
198,152.19,77.54,58.32,171.41,11391,170.2,151.56,73.43,248.33,10792,169.75,84.25,56.54,197.46,10128,162.65,86.08,56.93,191.8,10463,170.49,101.62,61.7,210.41,10276,177.53,124.68,62.94,239.27,10415
199,184.64,153.94,66.49,272.09,10294,129.93,49.32,46.86,132.39,10342,117.48,35.68,38.64,114.52,9635,153.76,75.95,47.59,182.12,9666,179.54,101.7,47.35,233.89,9749,140.72,50.39,43.12,147.99,9977