red, green, blue, H, S, V, r, rg, most_red, least_red, most_yellow, 1_g_r, 1_rg_r, 1_gb_r, 1_rgb_r, 1_r_rg, 1_g_rg, 1_gb_rb, 1_rgb_rb, 1_r_rgb, 1_gb_rgb
156.53,41.7,39.84,96.92,203.99,156.53,74.99,158.39,159.0,-206.0,327.0,0.2664026065290998,1.2664026065291,0.5209225068676931,1.5209225068676933,0.7896382989456691,0.2103617010543308,0.4152365432601721,1.212354229261089,0.6574956945436216,0.3425043054563784
155.0,56.95,48.92,90.43,183.51,155.0,49.13,163.03,151.0,-179.0,375.0,0.3674193548387097,1.3674193548387097,0.6830322580645162,1.683032258064516,0.7313045529606039,0.2686954470393961,0.5191741859552765,1.2792761867398978,0.5941656763905393,0.4058343236094606
165.13,60.78,43.13,64.8,191.85,165.13,61.22,182.78,140.0,-137.0,338.0,0.3680736389511294,1.3680736389511294,0.6292617937382669,1.629261793738267,0.730954805010845,0.2690451949891549,0.4989436281571113,1.291846730048977,0.6137749033600951,0.3862250966399048
171.07,80.59,50.33,54.95,183.38,171.08,40.15,201.33,163.0,-233.0,361.0,0.4710937043315602,1.4710937043315602,0.7653007540772784,1.7653007540772785,0.6797663514265279,0.3202336485734721,0.5913279132791329,1.3640018066847337,0.566475711116262,0.4335242888837379
130.84,43.93,56.3,141.08,175.83,130.84,30.61,118.47,144.0,-207.0,338.0,0.3357535921736472,1.3357535921736472,0.7660501375726076,1.7660501375726076,0.7486410711220461,0.2513589288779538,0.5355883295928182,1.2347440418937694,0.5662353399402779,0.4337646600597221
174.33,103.88,62.0,44.0,168.18,174.33,8.45,216.21,134.0,-194.0,377.0,0.5958813744048642,1.5958813744048643,0.9515287099179716,1.951528709917972,0.6266129901872686,0.3733870098127313,0.7018998857529725,1.4395548597300385,0.5124188001528468,0.4875811998471531
192.49,92.73,54.51,14.32,184.27,192.49,45.25,230.71,150.0,-130.0,349.0,0.4817393111330458,1.481739311133046,0.7649228531352278,1.764922853135228,0.6748825468059743,0.3251174531940256,0.5961133603238867,1.375425101214575,0.5665970035027816,0.4334029964972183
188.97,160.03,83.08,21.37,149.46,189.01,-54.14,265.92,116.0,-222.0,378.0,0.8468539979890988,1.8468539979890988,1.2865005027253005,2.2865005027253003,0.5414613180515759,0.458538681948424,0.8936224958647307,1.5882374563499355,0.4373495648953897,0.5626504351046103
206.05,159.6,88.4,18.03,146.79,206.05,-41.95,277.25,61.0,-223.0,380.0,0.7745692793011404,1.7745692793011405,1.203591361320068,2.2035913613200675,0.563517024476959,0.4364829755230411,0.8422482594668024,1.5420275089149258,0.4538046470653012,0.5461953529346989
150.82,54.0,51.55,110.31,186.8,150.82,45.27,153.27,146.0,-160.0,365.0,0.3580426999071741,1.3580426999071742,0.6998408699111524,1.6998408699111525,0.7363538716922176,0.2636461283077824,0.5215694025794337,1.26683797005485,0.5882903615867691,0.4117096384132309
186.07,135.46,75.7,21.64,157.51,186.08,-25.09,245.83,126.0,-217.0,356.0,0.7280055892943517,1.7280055892943516,1.1348417262320634,2.134841726232063,0.5787018318663889,0.4212981681336112,0.8066623371662147,1.5174771746189402,0.468418800191325,0.5315811998086752
186.91,97.03,56.53,21.64,177.71,186.91,33.35,227.41,119.0,-150.0,345.0,0.5191268524958537,1.5191268524958537,0.8215718795142047,1.8215718795142049,0.6582728745509615,0.3417271254490385,0.6307919815971081,1.3985787052251069,0.5489764149557963,0.4510235850442036
193.32,156.95,83.43,21.85,148.05,193.61,-47.06,266.84,93.0,-239.0,378.0,0.8118663356093523,1.8118663356093525,1.2434305814194082,2.243430581419408,0.5519170925286208,0.4480829074713792,0.8685817524841914,1.567118337850045,0.4457459073091999,0.5542540926908001
179.54,124.82,62.23,28.04,170.13,179.54,-7.51,242.13,121.0,-232.0,390.0,0.6952211206416398,1.69522112064164,1.0418291188593072,2.041829118859307,0.5898935471152582,0.4101064528847417,0.7736691897257724,1.5162757993133973,0.489756949180283,0.5102430508197168
196.96,145.88,77.72,21.2,154.3,196.96,-26.64,265.12,97.0,-202.0,364.0,0.7406580016246953,1.7406580016246955,1.1352558895207148,2.135255889520715,0.5744953914362384,0.4255046085637615,0.8140381534876947,1.5310907237512743,0.468327943694122,0.5316720563058778
136.67,51.51,45.79,105.04,185.51,136.67,39.37,142.39,130.0,-242.0,344.0,0.3768932465061828,1.3768932465061827,0.7119338552718227,1.7119338552718226,0.7262727176107981,0.2737272823892018,0.5332675654938069,1.2823084511673792,0.5841347181262555,0.4158652818737445
183.9,157.56,80.5,21.87,146.8,184.88,-54.16,260.96,100.0,-193.0,374.0,0.8567699836867863,1.8567699836867864,1.2945078847199565,2.2945078847199567,0.5385696714109998,0.4614303285890001,0.9003782148260213,1.5959152798789715,0.4358233007868044,0.5641766992131955
196.82,156.02,77.53,19.46,156.44,196.86,-36.73,275.31,117.0,-206.0,395.0,0.7927039934965959,1.792703993496596,1.186617213697795,2.186617213697795,0.5578165740845709,0.4421834259154291,0.8512848551120831,1.5686896300346271,0.4573274159444199,0.54267258405558
183.87,134.15,69.06,21.57,162.98,183.87,-19.34,248.96,117.0,-201.0,375.0,0.7295915592538207,1.7295915592538205,1.105183009735139,2.1051830097351387,0.5781711842022514,0.4218288157977486,0.8034238722176096,1.5303839006839837,0.4750180841169784,0.5249819158830217
179.35,148.63,75.34,28.96,149.55,179.69,-44.62,252.64,96.0,-206.0,378.0,0.8287148034569278,1.828714803456928,1.248787287426819,2.2487872874268198,0.5468321239099945,0.4531678760900055,0.8793827790647454,1.5835721857944955,0.44468412178915,0.5553158782108498
193.46,148.31,88.82,26.11,137.84,193.46,-43.67,252.95,93.0,-241.0,370.0,0.7666184224129019,1.7666184224129018,1.225731417347255,2.225731417347255,0.5660531936682565,0.4339468063317436,0.840052430211138,1.5254003117472017,0.4492905083722335,0.5507094916277666
177.12,185.78,76.41,31.52,152.36,186.76,-85.07,286.49,19.0,-204.0,373.0,1.0488934056007226,2.0488934056007224,1.4802958446251129,2.4802958446251124,0.4880683383852301,0.51193166161477,1.034157693369621,1.7327732418254247,0.4031777105005577,0.5968222894994424
193.28,167.86,89.07,22.97,138.72,193.31,-63.65,272.07,81.0,-190.0,366.0,0.8684809602649007,1.8684809602649008,1.3293149834437086,2.3293149834437084,0.5351941075483192,0.4648058924516808,0.9099698955197448,1.594510359482911,0.4293107660869372,0.5706892339130628
179.35,108.65,68.44,38.9,163.65,179.35,2.26,219.56,122.0,-200.0,355.0,0.605798717591302,1.605798717591302,0.9873989406189017,1.9873989406189017,0.6227430555555555,0.3772569444444444,0.7146777513216838,1.4384761289801848,0.5031702390304118,0.4968297609695881
145.75,54.33,50.16,82.65,175.62,145.75,41.26,149.92,117.0,-234.0,312.0,0.3727615780445969,1.3727615780445968,0.7169125214408233,1.7169125214408232,0.7284586165533787,0.2715413834466214,0.53335715379511,1.2773212189270582,0.5824408567774937,0.4175591432225064
150.42,67.2,39.58,10.83,192.79,150.42,43.64,178.04,139.0,-242.0,331.0,0.4467491025129637,1.446749102512964,0.7098790054514028,1.7098790054514028,0.691204852495175,0.3087951475048249,0.562,1.3536842105263158,0.5848367029548989,0.4151632970451011
127.13,35.54,48.01,133.41,185.6,127.13,43.58,114.66,145.0,-232.0,285.0,0.2795563596318728,1.2795563596318729,0.6572012900180917,1.6572012900180917,0.7815208704739657,0.2184791295260343,0.4770469338814663,1.202923375585246,0.6034269982912475,0.3965730017087526
164.51,82.11,54.71,36.16,171.55,164.51,27.69,191.91,133.0,-180.0,340.0,0.4991185946143092,1.4991185946143093,0.8316819646222114,1.8316819646222116,0.6670586327142972,0.3329413672857026,0.6241218866891707,1.3745552413100994,0.5459463047157601,0.4540536952842399
182.06,111.88,64.51,16.89,169.63,182.06,5.67,229.43,124.0,-172.0,350.0,0.6145226848291772,1.6145226848291772,0.9688564209601228,1.968856420960123,0.6193781043750426,0.3806218956249574,0.7153749442349028,1.453745386705601,0.5079090528665086,0.4920909471334914
170.97,136.23,65.19,28.69,161.38,171.04,-30.45,242.01,111.0,-189.0,384.0,0.7968064572732058,1.796806457273206,1.1781014213019827,2.178101421301983,0.55654296875,0.4434570312499999,0.8528963414634146,1.576854674796748,0.4591154434866672,0.5408845565133328
137.97,39.73,53.52,138.88,184.5,137.98,44.72,124.18,169.0,-241.0,277.0,0.2879611509748496,1.2879611509748494,0.6758715662825252,1.6758715662825252,0.7764209341586945,0.2235790658413055,0.4869705989868922,1.2074781972948978,0.5967044373324107,0.4032955626675893
188.05,126.64,69.78,14.79,163.96,188.05,-8.37,244.91,101.0,-228.0,375.0,0.6734379154480191,1.673437915448019,1.044509438978995,2.044509438978995,0.597572213924815,0.4024277860751851,0.7618198037466547,1.491176356513982,0.4891148854266913,0.5108851145733088
163.53,78.48,49.95,58.27,187.19,163.53,35.1,192.06,152.0,-223.0,357.0,0.4799119427627958,1.4799119427627958,0.7853604843148047,1.7853604843148043,0.6757158795091113,0.3242841204908888,0.6016020236087689,1.3676222596964585,0.5601109741060419,0.4398890258939581
146.7,52.64,55.74,120.25,171.8,146.7,38.32,143.6,151.0,-203.0,301.0,0.3588275391956373,1.3588275391956373,0.7387866394001363,1.7387866394001363,0.7359285642620649,0.2640714357379352,0.5353685042481723,1.260027662517289,0.5751136898228006,0.4248863101771993
123.31,42.32,54.82,150.76,171.6,123.31,26.17,110.81,123.0,-228.0,292.0,0.3432000648771389,1.343200064877139,0.7877706593139242,1.7877706593139242,0.7444907323552497,0.2555092676447503,0.5453320608544322,1.237579296019761,0.5593558630074847,0.4406441369925153
178.57,102.91,65.69,70.59,172.82,178.57,9.97,215.79,181.0,-230.0,403.0,0.5763006104048832,1.5763006104048831,0.9441675533404268,1.9441675533404268,0.6343967599829472,0.3656032400170527,0.6902480962908376,1.4213133546221242,0.5143589595875219,0.485641040412478
159.73,48.22,48.38,103.65,194.67,159.73,63.13,159.57,180.0,-243.0,357.0,0.3018844299755838,1.3018844299755838,0.6047705503036374,1.6047705503036374,0.7681173358980524,0.2318826641019475,0.4641775983854692,1.2317043871029745,0.6231420434596029,0.3768579565403971
178.32,70.37,44.31,28.02,195.19,178.34,63.64,204.38,148.0,-110.0,328.0,0.3946276357110812,1.3946276357110812,0.6431135038133693,1.6431135038133693,0.7170372753226909,0.2829627246773091,0.5151147644073126,1.3160849840542606,0.6086006825938566,0.3913993174061433
163.25,86.14,52.34,72.73,179.56,163.25,24.77,197.05,149.0,-153.0,399.0,0.5276569678407351,1.527656967840735,0.848269525267994,1.848269525267994,0.6545972172099924,0.3454027827900076,0.6423303492740852,1.3995547103297927,0.5410466310940244,0.4589533689059756
162.19,103.26,61.02,37.94,166.38,162.19,-2.09,204.43,125.0,-190.0,357.0,0.636660706578704,1.636660706578704,1.012886121215858,2.0128861212158577,0.6110001883593897,0.3889998116406103,0.7359885309797948,1.4626136821826978,0.4967990933316997,0.5032009066683003
141.48,42.4,38.51,88.59,196.65,141.48,60.57,145.37,145.0,-225.0,309.0,0.2996890019790783,1.2996890019790783,0.571882951653944,1.571882951653944,0.7694148357624537,0.2305851642375462,0.449524973609645,1.2355686427023724,0.6361796843383245,0.3638203156616754
151.76,58.76,48.06,98.3,188.52,151.76,44.94,162.46,166.0,-216.0,362.0,0.3871903004744333,1.3871903004744333,0.7038745387453874,1.7038745387453875,0.7208816264487935,0.2791183735512065,0.5345811230107096,1.2940646581923732,0.586897671900379,0.413102328099621
152.9,39.88,43.56,110.28,197.14,152.9,69.46,149.22,170.0,-249.0,291.0,0.2608240680183126,1.2608240680183125,0.5457161543492478,1.545716154349248,0.7931320676418716,0.2068679323581284,0.4247174997454952,1.2029929756693474,0.646949310315647,0.353050689684353
144.2,32.71,28.51,47.88,209.0,144.2,82.98,148.4,182.0,-251.0,279.0,0.2268377253814147,1.226837725381415,0.4245492371705964,1.4245492371705963,0.815103725057939,0.1848962749420609,0.3544670256499334,1.1893926234728738,0.7019764385162107,0.2980235614837893
189.86,113.99,54.65,13.31,185.51,189.86,21.22,249.2,137.0,-215.0,353.0,0.6003897608764353,1.6003897608764353,0.8882334351627513,1.8882334351627517,0.6248477867368768,0.3751522132631232,0.6897059424972393,1.4661977015255,0.5295955369595537,0.4704044630404462
163.79,69.09,52.06,56.04,179.17,163.79,42.64,180.82,143.0,-201.0,313.0,0.4218206239697173,1.421820623969717,0.7396666463154039,1.739666646315404,0.7033236001374098,0.2966763998625902,0.5612694000463285,1.3200833912439194,0.574822769705903,0.425177230294097
149.85,86.87,44.77,19.18,184.03,149.85,18.21,191.95,114.0,-230.0,348.0,0.5797130463797131,1.579713046379713,0.8784784784784786,1.8784784784784787,0.6330263602568436,0.3669736397431565,0.6763950262049122,1.446357003391224,0.5323457316423318,0.4676542683576681
125.98,33.68,31.15,102.14,207.63,125.98,61.15,128.51,140.0,-249.0,315.0,0.2673440228607715,1.2673440228607715,0.5146054929353865,1.5146054929353865,0.7890517349367406,0.2109482650632594,0.4125883026793101,1.2143448100299117,0.6602379330223783,0.3397620669776217
163.47,81.73,46.93,55.38,188.22,163.47,34.81,198.27,157.0,-202.0,361.0,0.499969413348015,1.4999694133480148,0.7870557288799168,1.7870557288799167,0.6666802610114193,0.3333197389885808,0.6115019011406844,1.3884505703422052,0.5595796392017253,0.4404203607982747
173.86,71.05,48.09,61.15,190.0,173.86,54.72,196.82,154.0,-200.0,333.0,0.4086621419532957,1.408662141953296,0.6852640055216841,1.685264005521684,0.7098934302396799,0.29010656976032,0.5367875647668393,1.3201171435007883,0.5933788395904437,0.4066211604095563
149.31,59.09,48.41,94.13,182.1,149.31,41.81,159.99,165.0,-242.0,369.0,0.395753800817092,1.395753800817092,0.7199785680798338,1.7199785680798338,0.7164587332053742,0.2835412667946257,0.5436981590127453,1.29885696945175,0.5814025933569565,0.4185974066430435
183.69,120.93,64.92,46.56,166.33,183.78,-2.16,239.7,134.0,-194.0,408.0,0.6583374162991997,1.6583374162991995,1.0117589416952475,2.0117589416952475,0.6030135907031712,0.3969864092968289,0.7475564136599494,1.4864245203330515,0.4970774476376035,0.5029225523623966
125.97,33.52,40.9,126.38,199.81,125.97,51.55,118.59,135.0,-249.0,334.0,0.2660951020084147,1.2660951020084148,0.5907755814876559,1.590775581487656,0.7898300833908082,0.2101699166091918,0.4459759093905435,1.2008749325822496,0.6286241828434552,0.3713758171565447
136.67,59.11,47.24,34.28,173.54,136.67,30.32,148.54,112.0,-194.0,312.0,0.4325016463013098,1.4325016463013096,0.7781517523962831,1.778151752396283,0.6980794769639391,0.3019205230360609,0.5782719808602034,1.3214072100483931,0.5623816969796724,0.4376183030203275
174.75,104.14,59.83,15.66,168.89,174.75,10.78,219.06,129.0,-220.0,379.0,0.5959370529327611,1.595937052932761,0.9383118741058656,1.9383118741058651,0.6265911291190075,0.3734088708809925,0.6989939466280161,1.4439423650780117,0.5159128483703355,0.4840871516296646
193.58,163.62,80.64,21.56,150.07,193.59,-50.68,276.56,44.0,-229.0,371.0,0.84523194544891,1.84523194544891,1.2618039053621242,2.2618039053621244,0.5419372900335946,0.4580627099664053,0.8907446575742104,1.5966742031945154,0.4421249771606066,0.5578750228393933
166.28,105.76,59.12,39.89,171.47,166.3,1.4,212.92,124.0,-245.0,382.0,0.6360356025980275,1.6360356025980276,0.9915804666827038,1.991580466682704,0.6112336421114541,0.3887663578885458,0.7314995563442768,1.4692102928127773,0.5021137818577123,0.4978862181422877
183.84,126.31,59.46,34.26,175.51,183.84,-1.93,250.69,124.0,-239.0,410.0,0.6870648389904265,1.6870648389904264,1.0104982593559615,2.0104982593559613,0.5927454457520556,0.4072545542479446,0.7635429510891903,1.5191533086724207,0.4973891399042234,0.5026108600957767
170.99,105.12,51.67,17.53,180.83,171.0,14.2,224.44,124.0,-245.0,391.0,0.6147727937306275,1.6147727937306275,0.9169542078484124,1.9169542078484123,0.6192821701495781,0.3807178298504219,0.7041677894547741,1.4721099434114793,0.521660870095796,0.4783391299042041
180.42,135.59,55.33,21.25,178.44,180.43,-10.5,260.68,112.0,-242.0,426.0,0.751524221261501,1.751524221261501,1.0581975390754907,2.0581975390754907,0.5709312996424164,0.4290687003575836,0.8098409331919407,1.5751431601272534,0.4858620132493133,0.5141379867506868
189.05,119.44,69.4,41.09,163.63,189.05,0.21,239.09,144.0,-214.0,378.0,0.6317905316053953,1.6317905316053951,0.9988891827558848,1.9988891827558848,0.6128237544166748,0.3871762455833252,0.7306635712903848,1.4621396788547103,0.5002778586361111,0.499722141363889
172.14,138.22,68.25,20.06,156.3,172.55,-34.33,242.11,89.0,-222.0,379.0,0.8029510863250843,1.8029510863250844,1.199430695945161,2.199430695945161,0.5546462172960432,0.4453537827039566,0.8588959607304797,1.5749823203960234,0.4546631097963603,0.5453368902036396
174.66,143.3,62.48,21.63,163.96,174.67,-31.12,255.48,81.0,-214.0,400.0,0.8204511622581016,1.8204511622581017,1.1781747394938735,2.178174739493874,0.5493143791671907,0.4506856208328091,0.8677574428607574,1.604284388968542,0.4590999894858584,0.5409000105141415
186.66,146.06,76.44,20.85,154.7,186.66,-35.84,256.28,86.0,-207.0,371.0,0.7824922318654238,1.782492231865424,1.1920068573877638,2.192006857387764,0.5610122625631161,0.4389877374368838,0.8456860509312047,1.5551501330292663,0.4562029523902629,0.543797047609737
156.79,90.43,52.21,37.3,177.33,156.79,14.15,195.01,126.0,-245.0,388.0,0.5767587218572614,1.5767587218572614,0.9097518974424392,1.909751897442439,0.6342124423590324,0.3657875576409676,0.682488038277512,1.4326794258373206,0.523628226964566,0.476371773035434
162.73,75.94,50.22,72.37,187.37,162.73,36.57,188.45,154.0,-206.0,371.0,0.4666625699010631,1.4666625699010631,0.775271922816936,1.775271922816936,0.6818200863116437,0.3181799136883563,0.5924395397980747,1.3566095327541676,0.5632939873308179,0.4367060126691821
178.46,76.95,49.21,73.81,190.43,178.46,52.3,206.2,186.0,-241.0,400.0,0.4311890619746722,1.4311890619746723,0.7069371287683514,1.7069371287683517,0.6987197055714341,0.3012802944285658,0.5541353713708437,1.3379891948873368,0.5858446589193094,0.4141553410806907
195.36,127.07,56.3,15.18,181.16,195.36,11.99,266.13,118.0,-239.0,364.0,0.6504402129402128,1.650440212940213,0.938626126126126,1.9386261261261264,0.6058989548118972,0.3941010451881028,0.7286418183263133,1.5049272828419296,0.5158292187046181,0.4841707812953819
185.53,166.72,89.58,23.48,134.59,186.39,-70.77,262.67,53.0,-202.0,360.0,0.8986147792809788,1.8986147792809789,1.3814477443001132,2.381447744300113,0.5266997870830377,0.4733002129169624,0.9316273490603758,1.606012140598306,0.4199126360817509,0.5800873639182491
146.11,73.49,45.39,26.19,177.54,146.11,27.23,174.21,110.0,-246.0,322.0,0.5029772089521592,1.5029772089521594,0.8136335637533364,1.8136335637533365,0.6653460837887067,0.3346539162112932,0.6207832898172323,1.3837597911227155,0.5513792973319748,0.4486207026680252
173.87,151.15,79.23,21.99,146.88,175.49,-56.51,245.79,86.0,-199.0,350.0,0.8693276585955024,1.8693276585955023,1.325012940702824,2.325012940702824,0.5349516952802905,0.4650483047197096,0.9102331094429078,1.597194784670091,0.4301051329622758,0.5698948670377242
166.16,126.31,58.37,18.7,173.28,166.91,-18.52,234.1,113.0,-234.0,367.0,0.7601709195955706,1.7601709195955708,1.1114588348579684,2.1114588348579684,0.5681266454679111,0.4318733545320887,0.8225181490224024,1.5625528882554671,0.4736062022574392,0.5263937977425607
121.09,34.82,38.55,117.61,194.02,121.09,47.72,117.36,122.0,-225.0,334.0,0.2875547113717069,1.287554711371707,0.6059129573044842,1.605912957304484,0.7766660252709897,0.2233339747290103,0.4595965923327487,1.218115760461037,0.6226987555281293,0.3773012444718709
163.01,93.17,59.97,45.79,167.72,163.01,9.87,196.21,115.0,-185.0,351.0,0.5715600269922091,1.5715600269922092,0.9394515673885038,1.939451567388504,0.6363104067452572,0.3636895932547427,0.6867880527401561,1.417840165037223,0.5156096789498655,0.4843903210501344
140.2,30.12,42.14,138.43,205.29,140.2,67.94,128.18,145.0,-235.0,309.0,0.2148359486447932,1.2148359486447933,0.5154065620542083,1.5154065620542083,0.8231564114607797,0.1768435885392203,0.3962926401228475,1.165185916419875,0.6598889202673445,0.3401110797326556
185.37,155.36,78.17,21.21,152.23,185.69,-48.16,262.56,60.0,-232.0,374.0,0.8381075686464908,1.838107568646491,1.2598047148945355,2.2598047148945355,0.5440378011915593,0.4559621988084407,0.886127343097822,1.589512028534568,0.4425161136309381,0.5574838863690619
190.73,110.32,61.03,12.01,173.81,190.73,19.38,240.02,141.0,-188.0,397.0,0.5784092696481937,1.5784092696481935,0.8983903947989305,1.8983903947989305,0.6335492443115762,0.3664507556884239,0.6806085160470289,1.4381951064505876,0.5267620415377818,0.4732379584622184
177.24,143.24,69.12,20.72,163.4,177.52,-35.12,251.36,107.0,-225.0,373.0,0.8081697133829835,1.8081697133829835,1.1981494019408712,2.198149401940871,0.5530454318522217,0.4469545681477783,0.8619905828868323,1.581425556096769,0.4549281314168378,0.5450718685831623
178.74,166.41,72.07,25.35,157.09,180.73,-59.74,273.08,85.0,-250.0,390.0,0.931017119838872,1.931017119838872,1.334228488307038,2.334228488307038,0.5178617992177315,0.4821382007822686,0.9508392807304332,1.6634902914556835,0.4284070754038637,0.5715929245961363
175.2,153.21,70.92,23.08,159.5,176.65,-48.93,257.49,97.0,-203.0,368.0,0.8744863013698632,1.874486301369863,1.2792808219178082,2.2792808219178085,0.5334794920982918,0.4665205079017083,0.9106533398342272,1.6225012189176011,0.4387348809255503,0.5612651190744498
161.35,115.28,52.45,18.32,177.73,161.37,-6.38,224.18,123.0,-244.0,380.0,0.7144716454911683,1.7144716454911684,1.0395413696932136,2.0395413696932136,0.5832700719372447,0.4167299280627553,0.7845182413470534,1.5391955098222636,0.4903063084964142,0.5096936915035858
177.24,117.15,58.81,18.25,174.26,177.24,1.28,235.58,125.0,-169.0,389.0,0.6609681787406906,1.6609681787406905,0.9927781539155948,1.9927781539155944,0.6020584938347091,0.397941506165291,0.7454352891336581,1.4962931582291883,0.5018120045300114,0.4981879954699887
151.85,68.31,42.71,35.84,190.92,151.85,40.83,177.45,151.0,-243.0,355.0,0.4498518274613105,1.4498518274613106,0.7311162331247943,1.7311162331247942,0.6897256540697674,0.3102743459302325,0.5706208881578948,1.351099917763158,0.5776619621866321,0.4223380378133679
160.2,157.27,60.55,27.61,168.17,166.82,-57.62,256.92,61.0,-247.0,365.0,0.9817103620474408,1.981710362047441,1.3596754057428215,2.3596754057428218,0.5046146092544177,0.4953853907455822,0.986727066817667,1.712434881087203,0.423787101211576,0.5762128987884239
180.9,152.5,70.12,21.4,161.49,181.21,-41.72,263.28,96.0,-228.0,378.0,0.8430071862907683,1.843007186290768,1.2306246545052515,2.2306246545052515,0.5425914817036593,0.4574085182963407,0.8868616046530157,1.6075213130427852,0.4483049167327518,0.5516950832672483
176.3,147.89,67.89,22.27,161.78,176.9,-39.48,256.3,105.0,-212.0,373.0,0.8388542257515597,1.83885422575156,1.2239364719228585,2.2239364719228587,0.5438168974983806,0.4561831025016193,0.8836561693763052,1.6056349563864205,0.4496531320138747,0.5503468679861252
172.35,147.82,66.68,22.0,159.93,172.88,-42.15,253.49,90.0,-234.0,374.0,0.8576733391354802,1.85767333913548,1.2445604873803309,2.24456048738033,0.5383077739950651,0.4616922260049349,0.8973768982972848,1.6184160983976903,0.4455215199689802,0.5544784800310198
183.49,131.95,68.2,17.55,163.94,183.49,-16.66,247.24,115.0,-245.0,366.0,0.719112758188457,1.719112758188457,1.0907951386996564,2.0907951386996566,0.5816954095866093,0.4183045904133908,0.7952242838412332,1.524256029242322,0.4782869356688563,0.5217130643311437
178.67,172.96,81.2,27.36,145.37,181.22,-75.49,270.43,57.0,-242.0,362.0,0.9680416410141603,1.9680416410141603,1.4225107740527232,2.422510774052723,0.5081193299775332,0.4918806700224668,0.9780274752760996,1.6655635510062723,0.4127948617240025,0.5872051382759976
171.27,115.82,55.87,15.42,177.86,171.32,-0.42,231.22,151.0,-242.0,387.0,0.6762421906930577,1.6762421906930578,1.002452268348222,2.002452268348222,0.5965725033961475,0.4034274966038524,0.7558774324205335,1.5099057849784274,0.4993876836948915,0.5006123163051084
163.59,45.37,45.41,111.3,197.11,163.59,72.81,163.55,177.0,-236.0,330.0,0.27733969069014,1.27733969069014,0.5549238951036127,1.5549238951036126,0.7828771056661562,0.2171228943338437,0.4343540669856459,1.2170813397129188,0.6431182922514448,0.3568817077485552
156.38,118.17,52.8,18.27,174.4,156.62,-14.59,221.75,91.0,-204.0,366.0,0.7556592914694974,1.7556592914694975,1.0932983757513748,2.0932983757513752,0.5695865962484065,0.4304134037515935,0.8173343531886413,1.5649201644516684,0.47771498396212,0.5222850160378799
172.14,115.58,59.66,39.1,176.24,172.14,-3.1,228.06,164.0,-241.0,368.0,0.6714302312071571,1.671430231207157,1.0180085976530733,2.0180085976530733,0.5982900041707215,0.4017099958292785,0.7559965487489215,1.4986194995685935,0.4955380275202947,0.5044619724797053
159.56,60.05,51.78,85.3,183.79,159.56,47.73,167.83,149.0,-223.0,310.0,0.3763474555026322,1.3763474555026325,0.700864878415643,1.7008648784156428,0.7265607212786303,0.2734392787213697,0.5291473455096054,1.2841393015993186,0.5879361804045838,0.4120638195954162
140.74,48.59,35.36,61.87,198.4,140.74,56.79,153.97,159.0,-183.0,344.0,0.3452465539292312,1.345246553929231,0.5964899815262186,1.5964899815262183,0.7433581577140442,0.2566418422859557,0.4767177739920499,1.275922771152754,0.6263741154479505,0.3736258845520495
165.02,116.58,54.81,23.25,173.86,165.2,-6.37,226.79,125.0,-231.0,406.0,0.7064598230517513,1.7064598230517514,1.038601381650709,2.038601381650709,0.5860085227272727,0.4139914772727272,0.7796479097484419,1.5303188827730518,0.4905323860765138,0.5094676139234862
177.49,95.08,55.07,35.55,180.45,177.49,27.34,217.5,151.0,-192.0,359.0,0.5356921516705166,1.5356921516705164,0.8459631528536818,1.8459631528536815,0.6511721759548007,0.3488278240451994,0.6456398348813209,1.4088407292741658,0.5417226223904286,0.4582773776095715
132.65,24.76,31.69,124.38,215.02,132.65,76.2,125.72,150.0,-243.0,309.0,0.1866566151526573,1.1866566151526572,0.4255559743686393,1.4255559743686392,0.8427037672320692,0.1572962327679309,0.3434951928927832,1.150663259096994,0.7014806980433633,0.2985193019566367
179.84,101.14,53.98,29.8,180.57,179.87,24.72,227.0,150.0,-249.0,375.0,0.5623887900355872,1.5623887900355873,0.8625444839857651,1.8625444839857648,0.6400455548437611,0.3599544451562388,0.6634163031391669,1.4325549568043796,0.5368999283496536,0.4631000716503463
186.66,76.6,59.82,52.31,170.77,186.82,50.24,203.44,126.0,-251.0,358.0,0.4103717989928211,1.410371798992821,0.7308475302689381,1.730847530268938,0.7090328952366481,0.2909671047633518,0.5534728984096072,1.310775722168127,0.577751640460567,0.4222483595394329
157.48,82.08,59.69,46.73,161.95,157.59,15.71,179.87,109.0,-213.0,362.0,0.5212090424180849,1.5212090424180849,0.9002413004826009,1.900241300482601,0.6573718483887125,0.3426281516112873,0.6528065570751024,1.3779527559055118,0.5262489557226399,0.47375104427736
185.83,116.32,73.86,47.18,159.87,185.87,-4.35,228.29,105.0,-252.0,355.0,0.6259484475057848,1.6259484475057846,1.0234084916321369,2.0234084916321367,0.6150256495118319,0.3849743504881681,0.7323347067657592,1.4479186722630828,0.494215579372889,0.505784420627111
179.21,96.33,67.22,15.83,158.93,179.23,15.66,208.32,108.0,-256.0,341.0,0.5375258077116232,1.5375258077116232,0.9126164834551644,1.912616483455164,0.6503955868476446,0.3496044131523553,0.6636773120155826,1.3909020817270623,0.5228439724588634,0.4771560275411367
154.98,61.93,58.34,91.46,170.18,155.0,34.71,158.57,109.0,-238.0,314.0,0.3995999483804362,1.3995999483804362,0.7760356174990323,1.7760356174990322,0.7144898805956387,0.2855101194043613,0.5638008625539097,1.2903150196887303,0.5630517711171662,0.4369482288828338
186.43,141.67,78.38,20.17,150.73,187.05,-33.62,249.72,115.0,-253.0,378.0,0.7599098857480019,1.759909885748002,1.180335782867564,2.1803357828675645,0.5682109113075282,0.4317890886924717,0.8309731505607794,1.5349873494203392,0.4586449517811454,0.5413550482188545
169.66,81.27,58.47,19.4,166.14,169.69,29.92,192.46,115.0,-250.0,361.0,0.4790168572438995,1.4790168572438995,0.8236472945891784,1.8236472945891784,0.6761248156856493,0.3238751843143506,0.6125454784552667,1.3562442467014422,0.5483516483516484,0.4516483516483517
166.19,131.19,65.15,33.59,160.29,166.77,-30.15,232.23,88.0,-177.0,382.0,0.7893976773572418,1.7893976773572418,1.1814188579336904,2.18141885793369,0.5588472661241509,0.4411527338758491,0.8487075300423619,1.5670874038212157,0.4584172344357708,0.5415827655642292
197.56,172.81,94.41,23.28,138.37,198.53,-69.66,275.96,80.0,-255.0,370.0,0.8747216035634744,1.8747216035634744,1.3526017412431668,2.3526017412431663,0.5334125334125334,0.4665874665874666,0.9152310168852964,1.5918758776586632,0.4250613193338784,0.5749386806661217
175.24,100.83,65.78,51.01,161.84,175.27,8.63,210.29,132.0,-253.0,360.0,0.5753823328007304,1.5753823328007304,0.950753252682036,1.950753252682036,0.6347665447169196,0.3652334552830804,0.6912704339888807,1.4183470251431416,0.5126224952464531,0.4873775047535469
192.0,186.07,106.14,27.18,118.14,193.87,-100.21,271.93,29.0,-250.0,369.0,0.9691145833333332,1.9691145833333328,1.5219270833333332,2.5219270833333334,0.5078424630359457,0.4921575369640543,0.9801100154289932,1.6241027705104985,0.3965221701327936,0.6034778298672063
158.02,66.51,53.73,61.5,173.79,158.1,37.78,170.8,108.0,-246.0,329.0,0.4208960891026452,1.4208960891026454,0.760916339703835,1.7609163397038352,0.7037812319066494,0.2962187680933505,0.5678394332939788,1.3140968122786307,0.5678861496442176,0.4321138503557823
171.81,100.23,61.84,25.73,164.75,171.87,9.74,210.2,84.0,-237.0,337.0,0.5833769862056923,1.5833769862056923,0.9433094697631104,1.9433094697631104,0.6315615350683722,0.3684384649316277,0.6936443398245238,1.428974962550824,0.5145860788307176,0.4854139211692823
169.76,90.66,64.99,52.01,160.69,169.83,14.11,195.43,107.0,-195.0,370.0,0.534048067860509,1.5340480678605088,0.916882657869934,1.9168826578699336,0.6518700560632824,0.3481299439367176,0.663045793397231,1.3861980830670926,0.5216803417227498,0.4783196582772502
188.14,80.8,57.8,36.48,175.65,188.19,49.54,211.14,123.0,-155.0,331.0,0.4294674178803019,1.429467417880302,0.7366854470075476,1.7366854470075477,0.6995612404253736,0.3004387595746263,0.5635520858746036,1.3285354151419049,0.5758095121503335,0.4241904878496664
194.93,159.92,84.19,20.54,145.38,194.97,-49.18,270.66,40.0,-244.0,366.0,0.820397065613297,1.820397065613297,1.2522956958908324,2.2522956958908327,0.5493307031139918,0.4506692968860081,0.8745700773860704,1.5729435368300373,0.4439914358600583,0.5560085641399416
175.86,119.31,71.94,15.45,151.98,175.95,-15.39,223.23,99.0,-251.0,351.0,0.6784373933810985,1.6784373933810983,1.0875127942681675,2.087512794268168,0.5957922553104991,0.4042077446895009,0.7717917675544794,1.4814769975786926,0.4790389801421917,0.5209610198578083
195.39,186.16,102.65,27.2,125.86,196.9,-93.42,278.9,44.0,-251.0,371.0,0.9527611443779108,1.9527611443779107,1.4781206817134962,2.478120681713496,0.5120954003407155,0.4879045996592845,0.9690310025499934,1.624614145752248,0.4035315985130112,0.596468401486989
180.73,68.33,54.42,32.84,174.85,180.77,57.98,194.64,145.0,-236.0,325.0,0.3780777956067061,1.3780777956067063,0.6791899518618935,1.6791899518618936,0.7256484381273588,0.2743515618726411,0.5220072294280247,1.2905804805443335,0.595525240543034,0.4044747594569658
178.37,112.76,70.9,20.07,154.03,178.98,-5.29,220.23,117.0,-236.0,348.0,0.6321690867298313,1.632169086729831,1.0296574536076697,2.029657453607669,0.6126816198948923,0.3873183801051077,0.7367914309784571,1.4523608938099248,0.4926939756373781,0.507306024362622
186.9,94.75,66.68,31.61,165.51,186.96,25.47,214.97,134.0,-235.0,360.0,0.5069555912252541,1.506955591225254,0.8637239165329053,1.8637239165329047,0.6635895615125156,0.3364104384874845,0.6366038331098667,1.373649341430712,0.536560158470416,0.463439841529584
200.27,152.84,85.22,18.1,149.94,200.3,-37.79,267.89,92.0,-243.0,361.0,0.7631697208768162,1.7631697208768162,1.1886952613971138,2.188695261397114,0.5671603749539803,0.4328396250460196,0.833864583698203,1.535360257802375,0.4568932083133711,0.5431067916866288
191.46,151.55,86.04,26.62,143.37,191.63,-46.13,256.97,91.0,-241.0,368.0,0.791549148647237,1.7915491486472368,1.240938054946203,2.240938054946203,0.558176146468033,0.441823853531967,0.8561801801801803,1.546126126126126,0.446241696771938,0.5537583032280621
177.63,83.79,63.59,59.57,167.85,177.73,30.25,197.83,131.0,-248.0,335.0,0.4717108596520858,1.471710859652086,0.8297021899453921,1.829702189945392,0.679481294468671,0.3205187055313289,0.6109775308846696,1.3473592571096924,0.5465370296298575,0.4534629703701424
194.31,80.5,68.47,71.88,168.12,194.31,45.34,206.34,156.0,-251.0,356.0,0.4142864494879316,1.4142864494879317,0.7666615202511451,1.7666615202511449,0.7070703395072959,0.292929660492704,0.5669000684983637,1.306339904102291,0.5660393847587976,0.4339606152412025
182.68,98.78,66.0,10.11,163.63,182.72,17.9,215.46,116.0,-206.0,337.0,0.540726954236917,1.540726954236917,0.9020144514998903,1.902014451499891,0.6490442691679101,0.3509557308320897,0.6626186263471128,1.3972173073829823,0.52575836067461,0.4742416393253899
188.5,120.24,75.78,14.25,156.25,189.26,-7.52,232.96,121.0,-246.0,356.0,0.6378779840848806,1.6378779840848807,1.039893899204244,2.039893899204244,0.6105460905616376,0.3894539094383623,0.7417133343423642,1.4549719993945815,0.4902215749505877,0.5097784250494122
188.44,147.42,83.48,27.71,144.9,188.69,-42.46,252.38,88.0,-235.0,363.0,0.7823179791976226,1.7823179791976227,1.225323710464869,2.225323710464869,0.5610671112963734,0.4389328887036264,0.8491468078846718,1.542144748455428,0.4493728239614632,0.5506271760385366
191.32,104.07,67.64,17.44,166.38,191.4,19.61,227.75,115.0,-253.0,385.0,0.5439577670917833,1.5439577670917837,0.8975015680535228,1.8975015680535228,0.6476861098886219,0.3523138901113781,0.6630753784368242,1.4018767377201111,0.5270087871525769,0.472991212847423
181.91,192.29,86.54,32.93,142.87,193.34,-96.92,287.66,0.0,-254.0,357.0,1.0570611841020283,2.0570611841020283,1.5327909405750095,2.5327909405750098,0.4861304115446285,0.5138695884553715,1.0386664183274352,1.716297262059974,0.3948213743108911,0.6051786256891087
184.52,94.28,65.28,49.24,168.43,184.55,24.96,213.52,132.0,-241.0,362.0,0.5109473227834381,1.510947322783438,0.8647301105571211,1.8647301105571208,0.6618364418938307,0.3381635581061692,0.6387510008006405,1.37742193755004,0.5362706347361078,0.4637293652638921
193.31,174.5,87.0,24.65,143.1,194.16,-68.19,280.81,54.0,-250.0,375.0,0.9026951528632766,1.9026951528632765,1.3527494697635922,2.352749469763592,0.5255702672575514,0.4744297327424485,0.9328957225928436,1.6225250615390103,0.4250346298454299,0.57496537015457
194.73,144.12,85.55,24.51,147.63,194.82,-34.94,253.3,95.0,-241.0,376.0,0.7401016792481898,1.74010167924819,1.1794279258460434,2.1794279258460434,0.5746790615316512,0.4253209384683488,0.8194305694305696,1.5142000856286573,0.4588360037700282,0.5411639962299717
195.75,114.24,53.24,13.5,186.05,195.76,28.27,256.75,123.0,-210.0,373.0,0.5836015325670498,1.5836015325670498,0.855581098339719,1.8555810983397192,0.6314719829671924,0.3685280170328074,0.6726374553194907,1.4588136069721676,0.538914737218842,0.4610852627811579
159.09,57.54,54.17,103.18,188.06,159.11,47.38,162.46,143.0,-249.0,371.0,0.3616820667546671,1.3616820667546672,0.7021811553208875,1.7021811553208877,0.7343858191386234,0.2656141808613765,0.5238206883616243,1.2698114977023354,0.5874815361890694,0.4125184638109306
194.14,101.3,67.2,14.32,166.42,194.17,25.64,228.24,145.0,-240.0,369.0,0.5217884001236222,1.5217884001236222,0.8679303595343567,1.8679303595343568,0.6571215813701597,0.3428784186298402,0.6447539603581542,1.387617662814724,0.535351864107655,0.464648135892345
198.14,138.62,76.02,15.52,157.78,198.16,-16.5,260.74,106.0,-222.0,371.0,0.6996063389522561,1.699606338952256,1.0832744524073887,2.0832744524073887,0.5883715405630122,0.4116284594369878,0.7829004960606946,1.5056171578640212,0.4800135665487669,0.5199864334512331
184.06,166.5,87.61,24.56,136.22,184.85,-70.05,262.95,53.0,-248.0,357.0,0.9045963272845812,1.9045963272845807,1.380582418776486,2.380582418776486,0.5250456412596988,0.4749543587403012,0.9353627562851988,1.612875915632937,0.4200652714699774,0.5799347285300226
153.45,57.44,58.86,113.5,170.54,153.5,37.15,152.03,143.0,-218.0,319.0,0.3743238840013033,1.3743238840013037,0.7579015966112741,1.757901596611274,0.7276305182796718,0.2723694817203281,0.5477839008996279,1.2705477839008996,0.5688600556070436,0.4311399443929564
189.83,109.64,59.39,13.02,175.46,189.93,20.8,240.08,112.0,-147.0,349.0,0.5775694042037612,1.5775694042037611,0.8904282779328873,1.8904282779328876,0.6338865328747454,0.3661134671252546,0.6782360966214589,1.439932589679801,0.5289806609819986,0.4710193390180014
189.09,121.03,69.18,17.41,165.11,189.15,-1.12,240.94,109.0,-251.0,361.0,0.6400655772383521,1.640065577238352,1.0059231053995452,2.005923105399545,0.6097317167548046,0.3902682832451954,0.7364773299260464,1.4686181128276612,0.4985235960980754,0.5014764039019246
187.72,164.64,83.25,25.33,146.48,189.39,-60.17,269.11,76.0,-243.0,383.0,0.8770509269124227,1.877050926912423,1.3205305774557852,2.320530577455785,0.5327505959813826,0.4672494040186172,0.9148245193194816,1.6075949367088609,0.4309359289272514,0.5690640710727485
198.0,170.24,79.94,23.1,153.73,198.07,-52.18,288.3,90.0,-198.0,394.0,0.8597979797979799,1.85979797979798,1.2635353535353535,2.263535353535353,0.5376928090375842,0.4623071909624158,0.900122328560121,1.6125062963229475,0.4417867820964791,0.558213217903521
185.42,169.58,76.76,25.25,154.6,185.65,-60.92,278.24,74.0,-193.0,379.0,0.9145723222953296,1.9145723222953297,1.3285513968288214,2.328551396828821,0.5223098591549296,0.4776901408450704,0.939583492257228,1.6468075368067738,0.4294515471558273,0.5705484528441728
196.3,159.21,79.49,20.85,154.39,196.33,-42.4,276.02,94.0,-200.0,379.0,0.8110545084055018,1.8110545084055016,1.215995924605196,2.215995924605196,0.5521644960760598,0.4478355039239403,0.8655136154320315,1.5772870662460567,0.4512643678160919,0.548735632183908
196.27,164.02,69.8,22.03,165.36,196.3,-37.55,290.49,87.0,-221.0,399.0,0.8356855352320782,1.8356855352320784,1.1913180822336575,2.191318082233658,0.5447556135335424,0.4552443864664576,0.8787912955237344,1.6164543165332432,0.4563463461136041,0.5436536538863959
191.84,169.92,83.16,23.9,147.36,192.77,-61.24,278.6,96.0,-248.0,376.0,0.8857381150959132,1.8857381150959127,1.3192243536280233,2.319224353628023,0.530296329057939,0.469703670942061,0.920290909090909,1.617890909090909,0.4311786388564236,0.5688213611435764
190.11,87.12,60.72,51.49,175.83,190.18,42.27,216.51,143.0,-170.0,377.0,0.4582610067855452,1.4582610067855453,0.7776550418178949,1.777655041817895,0.6857482956390001,0.3142517043609998,0.589403181437627,1.3473268747757443,0.5625388371060808,0.4374611628939192
184.81,172.38,77.11,25.65,152.25,187.09,-64.68,280.08,52.0,-243.0,378.0,0.9327417347546128,1.9327417347546128,1.349981061630864,2.349981061630864,0.5173997032391724,0.4826002967608275,0.9525427611484424,1.658139890042761,0.4255353442320976,0.5744646557679024
192.39,158.49,76.3,24.55,156.26,192.45,-42.4,274.58,107.0,-171.0,399.0,0.8237954155621395,1.8237954155621396,1.2203856749311297,2.220385674931129,0.5483071135430916,0.4516928864569083,0.8738322974431502,1.5898619226618036,0.4503722084367245,0.5496277915632755
186.46,135.77,69.38,47.12,167.99,186.49,-18.69,252.85,129.0,-235.0,384.0,0.7281454467446101,1.7281454467446102,1.1002359755443527,2.1002359755443525,0.5786549979828073,0.4213450020171927,0.8018683552220137,1.530683239524703,0.4761369730088609,0.5238630269911392
120.55,32.26,34.54,99.59,191.9,120.55,53.75,118.27,139.0,-230.0,271.0,0.2676068021567814,1.2676068021567817,0.5541269182911654,1.5541269182911654,0.7888881617695177,0.2111118382304822,0.4307176478173963,1.2080082532722936,0.6434480918067788,0.3565519081932212
112.0,29.03,39.39,135.71,192.03,112.0,43.58,101.64,111.0,-238.0,257.0,0.2591964285714286,1.2591964285714283,0.6108928571428571,1.6108928571428571,0.7941572715025171,0.2058427284974828,0.4519453068234362,1.1917563907787836,0.6207737501385655,0.3792262498614344
135.17,45.67,45.02,97.91,181.25,135.17,44.48,135.82,138.0,-242.0,311.0,0.3378708293260339,1.3378708293260335,0.6709328993119775,1.6709328993119776,0.7474563149745632,0.2525436850254369,0.503302070037183,1.2534546867195735,0.5984680775701762,0.4015319224298238
145.15,74.31,47.07,47.68,177.78,145.15,23.77,172.39,124.0,-247.0,348.0,0.5119531519118153,1.5119531519118157,0.836238374095763,1.836238374095763,0.6613961541966645,0.3386038458033354,0.6314639475600874,1.3865882842576216,0.5445916031966382,0.4554083968033616
158.95,66.89,45.6,50.34,184.22,158.95,46.46,180.24,133.0,-253.0,359.0,0.4208241585404215,1.4208241585404215,0.7077068260459265,1.7077068260459265,0.7038168614948637,0.2961831385051364,0.5499388902468835,1.327010510877536,0.5855806071323313,0.4144193928676687
114.39,33.87,42.89,138.89,180.74,114.39,37.63,105.37,121.0,-245.0,273.0,0.2960923157618673,1.2960923157618671,0.6710376781187166,1.6710376781187164,0.7715499797652773,0.2284500202347227,0.4880467955239063,1.215348423194303,0.598430551922574,0.4015694480774261
125.4,38.17,38.4,91.81,188.46,125.4,48.83,125.17,126.0,-243.0,284.0,0.3043859649122807,1.3043859649122806,0.6106060606060605,1.6106060606060606,0.7666442501681238,0.2333557498318763,0.4674603174603174,1.2330280830280829,0.620884289746002,0.3791157102539981
129.24,43.86,41.16,98.5,182.31,129.24,44.22,131.94,145.0,-230.0,354.0,0.3393686165273908,1.339368616527391,0.6578458681522747,1.657845868152275,0.7466204506065858,0.2533795493934141,0.4989436619718309,1.2573943661971831,0.6031923830859703,0.3968076169140296
131.53,38.36,40.75,100.4,187.95,131.53,52.42,129.14,130.0,-247.0,257.0,0.2916444917509313,1.291644491750931,0.6014597430244051,1.6014597430244049,0.7742068397198187,0.2257931602801813,0.4591943348038077,1.2226607847689803,0.6244303076338777,0.3755696923661223
183.68,120.68,69.98,21.15,158.96,183.68,-6.98,234.38,106.0,-192.0,364.0,0.6570121951219512,1.6570121951219512,1.0380008710801394,2.0380008710801394,0.6034958601655934,0.3965041398344066,0.7516360482535678,1.4757549475676102,0.490676924720842,0.509323075279158
130.85,37.58,44.03,124.12,188.24,130.85,49.24,124.4,124.0,-240.0,278.0,0.2871990829193733,1.2871990829193731,0.6236912495223539,1.623691249522354,0.7768806032179539,0.2231193967820459,0.4666628545288198,1.2148902104300092,0.6158806363550785,0.3841193636449214
113.68,38.44,46.16,123.79,175.21,113.68,29.08,105.96,112.0,-230.0,282.0,0.3381421534130893,1.3381421534130893,0.7441942294159042,1.7441942294159043,0.7473047594004734,0.2526952405995267,0.5292792792792792,1.2404904904904903,0.5733306435343959,0.4266693564656041
167.81,104.76,62.27,19.33,159.12,167.84,0.78,210.3,97.0,-232.0,353.0,0.6242774566473989,1.6242774566473988,0.9953518860616172,1.995351886061617,0.6156583629893239,0.3843416370106762,0.7259648817802503,1.455319888734353,0.50116473539601,0.49883526460399
175.76,101.59,63.56,28.1,161.14,175.76,10.61,213.79,98.0,-196.0,369.0,0.5780040964952208,1.5780040964952209,0.9396335912608104,1.9396335912608105,0.6337119163511807,0.3662880836488191,0.6900802273107137,1.4244944008022733,0.5155612918365551,0.4844387081634448
129.08,42.76,44.5,99.34,185.38,129.08,41.82,127.34,127.0,-238.0,286.0,0.3312674310505112,1.3312674310505113,0.6760148744964362,1.6760148744964365,0.7511638733705773,0.2488361266294227,0.5027076852171908,1.2463417444406035,0.5966534159193863,0.4033465840806138
154.99,63.98,49.0,88.82,185.89,154.99,42.01,169.97,140.0,-243.0,361.0,0.4128008258597328,1.4128008258597329,0.7289502548551519,1.728950254855152,0.7078138557793305,0.2921861442206694,0.5538506789548506,1.3136428256287074,0.5783856401836026,0.4216143598163973
170.91,63.61,44.2,48.47,190.4,170.91,63.1,190.32,156.0,-181.0,331.0,0.372184190509625,1.3721841905096248,0.6307998361710843,1.630799836171084,0.7287651373017227,0.2712348626982773,0.501185440007438,1.2957091720515084,0.6131960390355913,0.3868039609644088
176.28,107.05,66.93,27.61,157.5,176.28,2.3,216.4,91.0,-218.0,358.0,0.6072725209893352,1.607272520989335,0.9869525754481508,1.9869525754481503,0.6221720255532418,0.3778279744467582,0.7153488754574236,1.440154598906295,0.5032832752812196,0.4967167247187804
160.88,80.21,47.45,34.38,177.86,160.88,33.22,193.64,120.0,-232.0,415.0,0.4985703630034808,1.4985703630034808,0.7935106911984088,1.793510691198409,0.6673026670537974,0.3326973329462027,0.6127778044448712,1.3850141602265635,0.5575656754696057,0.4424343245303944
155.57,90.29,54.27,65.74,172.32,155.57,11.01,191.59,107.0,-235.0,390.0,0.5803818216879861,1.5803818216879864,0.929228000257119,1.929228000257119,0.6327584804360205,0.3672415195639795,0.6889058330156309,1.4302802134959969,0.5183420517775631,0.4816579482224369
171.5,63.1,45.48,66.41,192.43,171.5,62.92,189.12,157.0,-178.0,401.0,0.3679300291545189,1.367930029154519,0.6331195335276968,1.633119533527697,0.7310315430520035,0.2689684569479966,0.5004147847727901,1.29081021292285,0.6123250499857184,0.3876749500142816
173.18,82.69,57.1,70.43,176.13,173.18,33.39,198.77,140.0,-161.0,368.0,0.4774800785310081,1.4774800785310085,0.8071948261924009,1.807194826192401,0.6768280767577286,0.3231719232422714,0.6070435990967518,1.3590845926697934,0.5533437709684634,0.4466562290315365
163.77,77.85,50.84,30.35,177.86,163.77,35.08,190.78,130.0,-247.0,343.0,0.4753617878732368,1.4753617878732368,0.7857971545460096,1.7857971545460098,0.6777998510057115,0.3222001489942885,0.5996458692511998,1.3627510367643634,0.5599740135403132,0.4400259864596867
131.39,51.47,45.57,75.68,175.63,131.39,34.35,137.29,102.0,-225.0,299.0,0.391734530786209,1.391734530786209,0.7385645787350635,1.7385645787350636,0.7185278355025703,0.2814721644974297,0.548372513562387,1.290856690777577,0.5751871470472355,0.4248128529527645
168.32,72.71,59.63,77.05,169.89,168.32,35.98,181.4,136.0,-249.0,317.0,0.4319748098859315,1.4319748098859315,0.786240494296578,1.786240494296578,0.6983363066838153,0.3016636933161847,0.580565913577539,1.318973459091906,0.5598350296015433,0.4401649703984568
172.52,113.39,55.87,27.9,174.74,172.6,3.26,230.04,110.0,-238.0,392.0,0.6572571296081613,1.6572571296081615,0.9811036401576628,1.981103640157663,0.603406666433493,0.3965933335665069,0.7411007487192959,1.4964753272910374,0.5047691497454503,0.4952308502545496
189.17,129.18,70.66,14.97,160.22,189.17,-10.67,247.69,97.0,-188.0,390.0,0.6828778347518106,1.6828778347518107,1.0564042924353756,2.056404292435376,0.594220197895398,0.4057798021046018,0.7691182696378401,1.4971712273409536,0.4862856995964114,0.5137143004035886
159.43,72.72,52.94,89.0,181.64,159.43,33.77,179.21,161.0,-186.0,392.0,0.4561249451169792,1.456124945116979,0.7881829015869033,1.7881829015869035,0.6867542537152703,0.3132457462847297,0.5917031595799783,1.342421245938692,0.5592269108000982,0.4407730891999017
177.21,98.7,58.24,42.41,174.33,177.21,20.27,217.67,131.0,-243.0,398.0,0.5569663111562553,1.5569663111562553,0.8856159358952654,1.885615935895265,0.6422746547787321,0.3577253452212678,0.6665534083669569,1.419197281800807,0.5303306898099656,0.4696693101900344
156.51,56.54,43.58,80.89,191.61,156.51,56.39,169.47,139.0,-236.0,362.0,0.3612548718931698,1.3612548718931696,0.6397035333205546,1.6397035333205547,0.7346162872565126,0.2653837127434875,0.5003748313259034,1.2825728422210008,0.6098663445427268,0.3901336554572731
176.2,94.18,47.55,38.86,189.32,176.2,34.47,222.83,145.0,-227.0,373.0,0.534506242905789,1.534506242905789,0.8043700340522135,1.8043700340522133,0.6516754197795694,0.3483245802204305,0.6334301675977655,1.4209162011173184,0.5542100462365929,0.4457899537634071
179.29,94.43,53.42,15.76,180.51,179.29,31.44,220.3,144.0,-243.0,390.0,0.5266886050532658,1.526688605053266,0.8246416420324615,1.8246416420324616,0.6550124214525792,0.3449875785474207,0.6353401228997466,1.4057840230329597,0.548052821422021,0.4519471785779788
172.99,145.3,62.85,22.59,165.29,172.99,-35.16,255.44,96.0,-225.0,394.0,0.8399329441008151,1.8399329441008152,1.2032487427018903,2.2032487427018905,0.5434980677998053,0.4565019322001948,0.8825898914518318,1.6160956580732702,0.4538752164558954,0.5461247835441044
169.76,74.59,49.04,20.55,182.92,169.76,46.13,195.31,135.0,-245.0,387.0,0.439385014137606,1.439385014137606,0.7282634307257304,1.7282634307257303,0.6947411499897688,0.3052588500102312,0.565036563071298,1.3409049360146252,0.5786154947339719,0.4213845052660281
124.2,48.99,44.03,84.52,178.32,124.2,31.18,129.16,106.0,-238.0,297.0,0.3944444444444444,1.3944444444444444,0.7489533011272143,1.748953301127214,0.7171314741035857,0.2828685258964143,0.5529334839208226,1.2912084646020328,0.5717705551974956,0.4282294448025044
188.12,149.2,71.55,20.19,159.64,188.12,-32.63,265.77,94.0,-185.0,407.0,0.7931107803529661,1.793110780352966,1.1734531150329577,2.1734531150329577,0.5576900272738053,0.4423099727261947,0.8501174567720567,1.5745754226518272,0.4600973414532737,0.5399026585467264
146.84,59.8,38.27,72.05,196.64,146.84,48.77,168.37,134.0,-147.0,374.0,0.4072459820212475,1.4072459820212475,0.6678697902478888,1.6678697902478887,0.710607820363918,0.2893921796360821,0.5297930959969747,1.3230511587704608,0.5995671879465927,0.4004328120534073
181.11,74.68,40.37,25.95,198.88,181.11,66.06,215.42,164.0,-237.0,386.0,0.4123460880128099,1.4123460880128098,0.635249296007951,1.635249296007951,0.7080417530005082,0.2919582469994918,0.5194599963879357,1.337186201914394,0.6115275526742301,0.3884724473257698
182.47,136.42,63.45,20.17,171.24,182.48,-17.4,255.44,133.0,-246.0,378.0,0.7476297473557296,1.7476297473557296,1.0953581410642843,2.0953581410642843,0.5722035811721911,0.4277964188278089,0.8127439817826935,1.554733246584255,0.4772453836899095,0.5227546163100906
163.58,68.44,47.28,31.52,181.27,163.58,47.86,184.74,125.0,-246.0,296.0,0.4183885560581978,1.4183885560581977,0.7074214451644455,1.7074214451644454,0.7050254288423412,0.2949745711576588,0.5488001517594612,1.3245755477568055,0.5856784819190834,0.4143215180809165
160.12,67.57,43.73,44.37,188.13,160.12,48.82,183.96,128.0,-249.0,333.0,0.4219960029977516,1.4219960029977516,0.6951036722458155,1.6951036722458157,0.7032368571303088,0.2967631428696912,0.545989698307579,1.331469217561933,0.589934418981652,0.4100655810183478
155.42,82.93,49.27,17.87,176.15,155.42,23.22,189.08,134.0,-246.0,328.0,0.5335864110153135,1.5335864110153137,0.8505983785870546,1.8505983785870543,0.6520662890706943,0.3479337109293057,0.6458547071180811,1.4051492500854952,0.5403657603782769,0.4596342396217232
177.21,81.23,44.18,31.73,194.26,177.21,51.8,214.26,143.0,-117.0,382.0,0.4583827097793578,1.4583827097793578,0.7076914395350149,1.707691439535015,0.6856910694938865,0.3143089305061136,0.5664664167306562,1.3669090744839425,0.5855858832859692,0.4144141167140308
168.74,120.79,60.91,28.98,163.46,168.74,-12.96,228.62,106.0,-246.0,398.0,0.7158350124451819,1.715835012445182,1.0768045513808224,2.076804551380823,0.5828066176216626,0.4171933823783373,0.7912040060962333,1.5259743087306774,0.4815089601643647,0.518491039835635
135.71,45.59,44.86,96.15,186.47,135.71,45.26,136.44,138.0,-244.0,313.0,0.335936924323926,1.335936924323926,0.6664947314125709,1.666494731412571,0.74853833425262,0.25146166574738,0.500913773052002,1.2524782632773996,0.6000619030774672,0.3999380969225327
102.03,27.24,39.37,149.71,190.63,102.03,35.42,89.9,115.0,-249.0,259.0,0.2669802999117906,1.2669802999117907,0.6528472018033912,1.6528472018033913,0.7892782548155024,0.2107217451844975,0.471074964639321,1.1926449787835929,0.6050166034155597,0.3949833965844402
140.26,47.01,42.36,108.71,190.85,140.26,50.89,144.91,150.0,-181.0,403.0,0.33516326821617,1.3351632682161698,0.6371738200484814,1.6371738200484816,0.7489720724088215,0.2510279275911785,0.4893768480998795,1.2574197787755996,0.6108086922440448,0.3891913077559553
178.05,92.59,53.58,36.87,181.21,178.05,31.88,217.06,138.0,-175.0,396.0,0.5200224655995507,1.5200224655995505,0.8209491715810167,1.820949171581016,0.6578850133018032,0.3421149866981969,0.6310495186288478,1.399732331735958,0.5491641478008761,0.4508358521991241
181.19,127.28,64.39,21.88,165.33,181.19,-10.48,244.08,125.0,-207.0,400.0,0.702467023566422,1.702467023566422,1.057839836635576,2.057839836635576,0.5873828897461665,0.4126171102538334,0.7804788663571953,1.518283247821484,0.4859464678431582,0.5140535321568417
143.74,51.08,43.87,94.22,189.94,143.74,48.79,150.95,133.0,-249.0,356.0,0.3553638513983581,1.355363851398358,0.660567691665507,1.660567691665507,0.7378092598295863,0.2621907401704137,0.5061030861894354,1.272266936730451,0.6022036951694667,0.3977963048305333
