,1rd_red, 1rd_green, 1rd_blue, 1rd_r, 1rd_rg, 1rd_size, 2nd_red, 2nd_green, 2nd_blue, 2rd_r, 2rd_rg, 2nd_size, 3rd_red, 3rd_green, 3rd_blue, 3rd_r, 3rd_rg, 3rd_size, 4th_red, 4th_green, 4th_blue, 4rd_r, 4rd_rg, 4th_size, 5th_red, 5th_green, 5th_blue, 5rd_r, 5rd_rg, 5th_size, 6th_red, 6th_green, 6th_blue, 6rd_r, 6rd_rg, 6th_size, height/area
0,179.65,88.19,43.24,48.22,224.6,10981,141.68,32.8,45.73,63.15,128.75,10157,149.8,26.78,41.15,81.87,135.43,10081,168.14,36.24,49.68,82.22,154.7,10328,173.14,60.99,37.2,74.95,196.93,10264,153.59,41.23,39.23,73.13,155.59,10156,0.92487023039796
1,175.5,118.55,66.91,-9.96,227.14,11926,119.29,38.01,51.21,30.07,106.09,11787,117.79,29.83,42.41,45.55,105.21,11222,129.69,37.26,50.61,41.82,116.34,11350,174.57,79.82,58.37,36.38,196.02,10948,148.2,55.01,47.1,46.09,156.11,11417,0.9573201408686902
2,176.79,100.93,54.04,21.82,223.68,12153,136.82,39.15,49.96,47.71,126.01,11564,111.15,24.13,42.75,44.27,92.53,12272,126.25,34.55,46.45,45.25,114.35,11456,179.41,72.03,41.34,66.04,210.1,12173,160.67,59.33,42.09,59.25,177.91,11697,0.9624784003949642
3,185.79,169.31,73.35,-56.87,281.75,15137,155.54,65.98,63.87,25.69,157.65,15027,176.64,73.79,56.21,46.64,194.22,14726,169.77,80.17,54.21,35.39,195.73,14344,180.11,121.86,62.45,-4.2,239.52,14778,168.33,79.42,49.54,39.37,198.21,14829,0.9796525071018036
4,153.74,90.33,61.77,1.64,182.3,13290,165.26,112.35,76.17,-23.26,201.44,12905,123.48,38.28,49.5,35.7,112.26,12509,177.73,119.31,64.3,-5.88,232.74,13034,175.83,128.96,69.31,-22.44,235.48,13274,128.7,43.53,55.35,29.82,116.88,12925,0.972535741158766
5,167.94,146.39,71.25,-49.7,243.08,10603,171.73,134.72,75.62,-38.61,230.83,10390,149.39,43.89,40.74,64.76,152.54,10369,167.48,146.69,74.28,-53.49,239.89,10414,175.59,169.59,82.05,-76.05,263.13,10669,169.47,101.07,60.19,8.21,210.35,10235,0.96529284164859
6,179.79,126.52,60.61,-7.34,245.7,12882,184.88,133.94,73.19,-22.25,245.63,12319,178.26,55.49,60.3,62.47,173.45,12430,191.76,107.84,64.95,18.97,234.65,12439,197.03,116.37,66.12,14.54,247.28,12677,186.68,90.05,52.91,43.72,223.82,12693,0.9853283651606892
7,171.89,152.2,69.58,-49.89,254.51,12443,167.03,83.51,60.42,23.1,190.12,11456,159.3,49.09,48.87,61.34,159.52,10871,158.35,82.56,54.68,21.11,186.23,11701,179.34,150.02,66.27,-36.95,263.09,10543,186.88,158.18,81.96,-53.26,263.1,11700,0.9402877119665676
8,184.68,151.52,71.8,-38.64,264.4,12112,179.35,156.5,83.58,-60.73,252.27,11366,185.81,75.33,57.06,53.42,204.08,11696,200.7,135.3,78.13,-12.73,257.87,11833,204.47,177.18,92.4,-65.11,289.25,11336,203.47,157.75,87.08,-41.36,274.14,11795,0.9738276089828268
9,174.21,113.78,68.05,-7.62,219.94,11169,126.6,39.85,47.37,39.38,119.08,10839,138.16,38.35,48.18,51.63,128.33,10951,159.4,68.5,57.31,33.59,170.59,10481,167.1,91.43,55.46,20.21,203.07,10605,144.53,52.07,49.5,42.96,147.1,10733,0.9609633807861044
10,184.23,180.42,83.09,-79.28,281.56,10240,163.6,85.92,58.64,19.04,190.88,10441,179.93,103.01,59.9,17.02,223.04,10320,186.36,160.42,91.32,-65.38,255.46,10308,186.32,165.32,83.4,-62.4,268.24,10157,182.35,132.73,74.03,-24.41,241.05,10216,0.99765625
11,184.44,124.28,65.75,-5.59,242.97,12940,174.81,127.05,67.46,-19.7,234.4,12645,157.58,42.12,48.32,67.14,151.38,12920,186.15,102.53,60.55,23.07,228.13,12843,189.61,132.65,64.21,-7.25,258.05,12642,185.05,96.02,55.94,33.09,225.13,12817,0.9904945904173108
12,180.74,169.62,71.78,-60.66,278.58,11712,180.08,153.15,92.93,-66.0,240.3,11148,193.83,129.41,81.4,-16.98,241.84,10891,180.64,170.9,89.63,-79.89,261.91,11004,194.93,161.28,86.74,-53.09,269.47,11321,185.54,150.64,79.96,-45.06,256.22,11391,0.972592213114754
13,177.24,123.69,68.28,-14.73,232.65,10098,147.19,84.4,57.99,4.8,173.6,10553,133.69,40.51,43.5,49.68,130.7,10379,166.21,80.22,50.53,35.46,195.9,9983,177.71,140.42,70.09,-32.8,248.04,10039,175.43,121.95,60.7,-7.22,236.68,9887,0.9791047732224204
14,185.22,92.15,63.35,29.72,214.02,12534,181.62,161.62,77.46,-57.46,265.78,11805,174.59,59.89,58.6,56.1,175.88,11874,183.29,99.04,58.0,26.25,224.33,12325,199.63,136.27,66.69,-3.33,269.21,12185,191.74,142.07,75.51,-25.84,258.3,12439,0.9924206159246848
15,172.43,136.94,62.81,-27.32,246.56,7671,98.14,33.72,38.57,25.85,93.29,7854,123.25,33.24,41.14,48.87,115.35,7387,119.88,40.01,36.51,43.36,123.38,7148,139.46,69.52,44.29,25.65,164.69,7295,134.12,50.9,45.03,38.19,139.99,7292,0.950593143006127
16,173.0,128.79,72.49,-28.28,229.3,12871,166.55,131.07,69.27,-33.79,228.35,11992,170.41,71.14,53.37,45.9,188.18,12136,172.83,88.24,58.21,26.38,202.86,12048,177.22,98.68,63.17,15.37,212.73,12038,180.96,154.94,78.96,-52.94,256.94,12463,0.9683008313262372
17,182.69,164.69,74.45,-56.45,272.93,15506,177.33,109.12,62.24,5.97,224.21,14906,152.25,44.07,54.67,53.51,141.65,15387,166.8,84.7,54.52,27.58,196.98,15682,185.12,115.11,56.13,13.88,244.1,15402,193.7,153.51,76.1,-35.91,271.11,15633,1.0081903779182253
18,175.81,130.16,66.02,-20.37,239.95,10375,159.07,77.44,60.93,20.7,175.58,10465,143.45,32.78,42.67,68.0,133.56,9989,164.94,87.38,56.34,21.22,195.98,10194,189.94,160.35,82.07,-52.48,268.22,9845,182.21,132.97,68.35,-19.11,246.83,10037,0.967421686746988
19,176.82,142.27,78.18,-43.63,240.91,11105,163.38,100.74,58.52,4.12,205.6,10970,160.89,63.21,42.11,55.57,181.99,10375,178.73,136.75,66.64,-24.66,248.84,10609,180.84,172.7,75.18,-67.04,278.36,10487,176.07,145.77,73.8,-43.5,248.04,10537,0.9488518685276902
20,184.16,154.87,81.29,-52.0,257.74,12493,167.58,77.91,70.63,19.04,174.86,12166,150.15,48.17,45.82,56.16,152.5,11749,172.33,97.0,67.19,8.14,202.14,11764,185.18,155.89,91.75,-62.46,249.32,11791,189.39,145.09,86.71,-42.41,247.77,11851,0.9486112222844794
21,175.35,179.53,76.66,-80.84,278.22,8821,174.36,176.51,82.58,-84.73,268.29,8548,184.78,146.85,77.2,-39.27,254.43,8356,187.74,174.17,100.71,-87.14,261.2,8812,185.83,185.28,98.03,-97.48,273.08,8686,166.82,174.58,71.82,-79.58,269.58,8779,0.9952386350753882
22,178.16,133.95,74.26,-30.05,237.85,10777,169.73,163.35,80.79,-74.41,252.29,10869,178.9,128.28,74.6,-23.98,232.58,10746,183.97,138.72,78.97,-33.72,243.72,10566,192.47,162.79,86.63,-56.95,268.63,10455,189.66,164.63,87.18,-62.15,267.11,10885,1.0100213417463115
23,157.98,103.2,58.59,-3.81,202.59,10883,160.08,114.35,70.15,-24.42,204.28,11296,150.85,65.65,49.44,35.76,167.06,10725,171.58,91.98,60.67,18.93,202.89,10140,185.58,156.87,84.57,-55.86,257.88,10440,174.53,105.81,66.44,2.28,213.9,10439,0.9592024258017092
24,142.78,64.35,49.73,28.7,157.4,8795,157.92,99.7,69.43,-11.21,188.19,8975,119.91,30.27,42.06,47.58,108.12,8594,163.18,60.33,51.35,51.5,172.16,8453,174.87,93.3,60.08,21.49,208.09,8283,141.66,53.11,48.9,39.65,145.87,8316,0.945537237066515
25,164.41,115.07,56.91,-7.57,222.57,13414,161.78,125.35,60.46,-24.03,226.67,12779,153.73,57.25,38.93,57.55,172.05,12887,172.07,98.73,52.68,20.66,218.12,12871,169.19,95.6,48.31,25.28,216.48,12812,148.14,66.29,39.04,42.81,175.39,12656,0.943491874161324
26,174.84,104.7,65.33,4.81,214.21,12371,150.4,71.43,62.57,16.4,159.26,12217,114.01,31.87,47.96,34.18,97.92,11526,167.29,57.82,54.0,55.47,171.11,11584,176.1,96.65,56.88,22.57,215.87,11985,125.44,35.35,47.42,42.67,113.37,12245,0.9898148896613048
27,149.23,70.87,54.69,23.67,165.41,14261,165.74,128.57,70.97,-33.8,223.34,13516,155.23,51.97,47.95,55.31,159.25,13963,160.9,67.39,51.29,42.22,177.0,13867,154.94,41.04,45.69,68.21,150.29,13939,162.49,81.16,54.04,27.29,189.61,13372,0.9376621555290652
28,164.17,128.93,66.55,-31.31,226.55,10628,158.69,85.92,57.09,15.68,187.52,10147,154.82,59.0,40.28,55.54,173.54,9632,180.58,103.49,61.58,15.51,222.49,9658,186.31,151.95,80.9,-46.54,257.36,9559,178.74,109.93,63.23,5.58,225.44,9846,0.9264207753105006
29,152.7,95.08,56.62,1.0,191.16,11883,155.57,119.27,68.31,-32.01,206.53,11184,131.63,48.82,44.69,38.12,135.76,11086,137.75,78.38,51.46,7.91,164.67,11462,170.18,157.36,71.64,-58.82,255.9,11104,167.58,133.55,63.86,-29.83,237.27,11928,1.0037869224943197
30,175.93,84.44,53.26,38.23,207.11,15876,151.73,51.04,58.43,42.26,144.34,15077,115.65,33.84,51.37,30.44,98.12,15768,174.34,63.8,48.5,62.04,189.64,16160,182.08,75.92,47.81,58.35,210.19,15745,136.4,39.66,52.99,43.75,123.07,15939,1.003968253968254
31,173.3,135.44,72.82,-34.96,235.92,12048,166.15,150.68,75.52,-60.05,241.31,11176,181.18,127.74,70.73,-17.29,238.19,11457,182.93,170.19,78.74,-66.0,274.38,11445,178.36,155.68,75.19,-52.51,258.85,11825,182.83,123.13,67.69,-7.99,238.27,11770,0.976925630810093
32,174.09,144.07,67.02,-37.0,251.14,10808,150.24,64.44,50.17,35.63,164.51,10737,163.11,75.5,46.37,41.24,192.24,9720,173.05,108.46,59.97,4.62,221.54,10574,169.8,108.42,62.19,-0.81,216.03,10084,160.08,76.98,48.9,34.2,188.16,10198,0.943560325684678
33,169.87,139.73,74.75,-44.61,234.85,13919,148.86,72.64,72.74,3.48,148.76,12986,157.97,61.8,52.51,43.66,167.26,12598,175.27,124.12,70.59,-19.44,228.8,12748,169.43,112.61,79.14,-22.32,202.9,13115,142.09,51.1,53.93,37.06,139.26,13242,0.9513614483799124
34,175.34,133.53,82.05,-40.24,226.82,11772,150.18,65.23,70.32,14.63,145.09,11963,111.91,34.25,46.09,31.57,100.07,11956,164.06,94.73,71.54,-2.21,187.25,11214,185.39,145.49,88.19,-48.29,242.69,12019,121.27,41.99,54.01,25.27,109.25,12022,1.0212368331634387
35,200.65,165.61,81.6,-46.56,284.66,11339,152.08,55.71,59.09,37.28,148.7,11386,175.62,108.42,63.93,3.27,220.11,11540,195.51,113.35,64.18,17.98,244.68,11247,188.36,91.93,62.22,34.21,218.07,10983,175.54,101.33,64.58,9.63,212.29,11294,0.9960313960666726
36,178.94,108.64,62.0,8.3,225.58,17295,172.94,78.92,63.22,30.8,188.64,16020,142.46,42.28,57.95,42.23,126.79,16264,194.64,104.84,64.59,25.21,234.89,16468,192.96,122.87,58.43,11.66,257.4,17047,157.4,47.77,47.74,61.89,157.43,16266,0.9405030355594104
37,182.98,109.32,58.01,15.65,234.29,7579,147.34,76.59,43.74,27.01,180.19,7679,118.08,30.74,32.29,55.05,116.53,8116,128.68,39.64,41.77,47.27,126.55,7629,173.34,132.52,64.97,-24.15,240.89,8443,173.49,68.78,43.31,61.4,198.96,7785,1.0271803668030084
38,171.29,143.92,52.57,-25.2,262.64,12385,176.11,116.2,72.67,-12.76,219.64,12711,158.13,49.87,48.68,59.58,159.32,12684,177.15,147.51,59.65,-30.01,265.01,12085,181.88,165.62,69.15,-52.89,278.35,12373,160.61,84.84,51.43,24.34,194.02,12710,1.0262414210738795
39,170.36,150.47,68.92,-49.03,251.91,8848,162.68,138.49,73.85,-49.66,227.32,9034,151.2,60.13,42.9,48.17,168.43,8820,186.06,165.25,90.48,-69.67,260.83,8439,178.95,172.4,87.73,-81.18,263.62,8831,153.77,98.18,58.07,-2.48,193.88,9136,1.0325497287522605
40,171.03,131.96,56.73,-17.66,246.26,9616,120.93,39.38,49.57,31.98,110.74,9132,137.27,49.07,42.51,45.69,143.83,8909,139.9,55.9,42.51,41.49,153.29,9133,146.27,44.43,42.36,59.48,148.34,8967,139.14,42.02,38.03,59.09,143.13,9023,0.9383319467554077
41,195.74,154.57,60.99,-19.82,289.32,14990,125.78,41.3,53.4,31.08,113.68,14600,143.66,50.8,54.16,38.7,140.3,14928,182.2,116.31,48.55,17.34,249.96,14435,186.31,76.48,54.09,55.74,208.7,14589,149.67,58.15,47.41,44.11,160.41,14874,0.9922615076717812
42,173.96,111.91,54.07,7.98,231.8,12283,162.31,88.28,64.82,9.21,185.77,12178,140.41,33.04,41.4,65.97,132.05,11673,178.22,104.44,61.76,12.02,220.9,12224,177.12,76.69,48.47,51.96,205.34,12157,150.21,39.4,42.84,67.97,146.77,11864,0.965887812423675
43,132.93,47.82,43.21,41.9,137.54,9726,167.64,102.64,56.57,8.43,213.71,9416,140.15,31.04,29.89,79.22,141.3,9273,163.28,60.82,39.53,62.93,184.57,9136,164.08,66.71,39.92,57.45,190.87,9014,141.73,32.68,28.35,80.7,146.06,9003,0.9256631708821716
44,181.76,132.31,61.93,-12.48,252.14,12311,180.14,152.15,67.64,-39.65,264.65,11583,181.74,104.81,50.36,26.57,236.19,11698,188.88,151.62,69.12,-31.86,271.38,11515,194.32,147.41,67.55,-20.64,274.18,11536,186.46,111.91,53.56,20.99,244.81,11800,0.9584924051661116
45,146.92,63.97,50.14,32.81,160.75,9772,166.5,147.46,67.71,-48.67,246.25,9245,137.46,43.5,40.34,53.62,140.62,8806,157.58,75.46,44.21,37.91,188.83,9104,168.59,116.67,60.37,-8.45,224.89,9169,160.69,67.94,51.1,41.65,177.53,8668,0.8870241506344658
46,185.1,172.19,72.92,-60.01,284.37,9629,137.62,64.64,47.6,25.38,154.66,9520,143.8,82.16,43.2,18.44,182.76,9211,175.36,97.26,57.85,20.25,214.77,9036,182.35,144.71,72.45,-34.81,254.61,9176,146.49,85.05,43.89,17.55,187.65,9239,0.959497351749922
47,156.22,82.05,40.79,33.38,197.48,9633,119.06,39.68,37.33,42.05,121.41,9171,107.58,23.08,29.51,54.99,101.15,8763,106.89,24.53,33.59,48.77,97.83,8668,160.15,84.18,36.61,39.36,207.72,9222,123.44,33.72,30.91,58.81,126.25,9173,0.9522474826118552
48,182.35,125.58,57.48,-0.71,250.45,11761,165.93,99.48,65.16,1.29,200.25,11603,135.72,35.99,46.46,53.27,125.25,11640,195.28,130.43,67.92,-3.07,257.79,11825,196.77,161.92,67.99,-33.14,290.7,11625,160.26,80.2,46.0,34.06,194.46,11598,0.9861406342998044
49,165.46,98.87,52.5,14.09,211.83,13431,171.87,114.14,62.02,-4.29,223.99,12916,148.7,36.74,37.48,74.48,147.96,12674,173.04,67.85,48.43,56.76,192.46,12812,188.86,112.45,60.69,15.72,240.62,12822,171.98,70.42,47.65,53.91,194.75,12789,0.9522001340183158
50,172.13,101.22,47.39,23.52,225.96,16419,148.08,58.28,53.11,36.69,153.25,15767,107.96,39.36,52.2,16.4,95.12,16517,160.98,57.88,50.13,52.97,168.73,15622,192.81,99.74,45.3,47.77,247.25,16211,147.26,58.57,47.89,40.8,157.94,16378,0.9975028929898287
51,180.82,173.63,72.41,-65.22,282.04,12910,167.72,102.52,66.74,-1.54,203.5,12624,176.66,105.28,57.65,13.73,224.29,12695,187.15,146.78,73.83,-33.46,260.1,12694,181.05,167.18,69.91,-56.04,278.32,12713,180.45,118.94,63.76,-2.25,235.63,12804,0.9917893106119288
52,166.61,88.22,46.33,32.06,208.5,13053,143.61,40.51,45.2,57.9,138.92,12164,134.32,42.29,42.15,49.88,134.46,12201,172.61,67.94,36.55,68.12,204.0,12430,169.97,65.36,38.65,65.96,196.68,12030,124.22,33.32,40.39,50.51,117.15,12816,0.9818432544242702
53,163.1,119.69,61.08,-17.67,221.71,13877,123.79,56.29,48.04,19.46,132.04,13544,142.73,59.87,52.31,30.55,150.29,13172,159.52,71.57,50.95,37.0,180.14,12967,160.04,102.99,49.47,7.58,213.56,13213,134.6,58.38,46.61,29.61,146.37,12655,0.911940621171723
54,163.86,140.74,66.86,-43.74,237.74,12985,168.47,153.35,66.2,-51.08,255.62,12440,157.6,99.07,52.39,6.14,204.28,11863,168.65,131.65,66.0,-29.0,234.3,12599,176.22,148.62,69.58,-41.98,255.26,12214,172.04,102.52,58.89,10.63,215.67,12810,0.9865229110512128
55,176.87,156.97,67.67,-47.77,266.17,11090,181.61,158.98,83.27,-60.64,257.32,10984,185.33,105.06,60.5,19.77,229.89,10613,190.1,167.27,81.47,-58.64,275.9,10375,182.81,177.42,74.47,-69.08,285.76,10652,190.89,161.33,79.3,-49.74,272.92,10766,0.9707844905320108
56,180.24,166.12,80.14,-66.02,266.22,9846,162.46,117.75,67.95,-23.24,212.26,9606,151.36,62.83,47.98,40.55,166.21,9372,182.88,140.27,73.93,-31.32,249.22,9181,184.14,179.66,77.7,-73.22,286.1,9241,162.91,103.73,57.91,1.27,208.73,9183,0.9326630103595368
57,177.32,138.94,62.56,-24.18,253.7,17288,188.37,152.75,76.23,-40.61,264.89,16480,187.79,103.14,59.38,25.27,231.55,17424,191.29,154.06,70.09,-32.86,275.26,17113,190.74,164.35,75.25,-48.86,279.84,16268,182.35,125.32,58.93,-1.9,248.74,16585,0.9593359555761222
58,171.87,161.63,63.61,-53.37,269.89,11475,171.01,142.7,70.65,-42.34,243.06,11105,160.56,68.02,40.89,51.65,187.69,10894,180.0,134.76,65.3,-20.06,249.46,11215,182.83,183.42,78.29,-78.88,287.96,10656,168.84,103.84,51.02,13.98,221.66,10985,0.9572984749455338
59,176.92,159.51,54.58,-37.17,281.85,9868,168.44,106.89,59.47,2.08,215.86,10070,162.38,70.58,47.29,44.51,185.67,9548,171.81,129.17,52.69,-10.05,248.29,9550,186.87,165.8,62.71,-41.64,289.96,9184,177.33,133.27,54.37,-10.31,256.23,9925,1.005776246453182
60,184.75,163.04,75.08,-53.37,272.71,9334,153.57,86.65,57.15,9.77,183.07,9592,154.35,64.48,58.26,31.61,160.57,9398,147.74,70.22,46.21,31.31,171.75,9067,181.65,115.84,57.34,8.47,240.15,9587,186.25,117.78,68.26,0.21,235.77,9677,1.0367473751874865
61,178.04,162.37,75.45,-59.78,264.96,12360,163.48,137.28,73.29,-47.09,227.47,11889,173.79,108.04,61.89,3.86,219.94,12019,179.02,143.41,73.17,-37.56,249.26,11961,174.0,147.29,70.22,-43.51,251.07,12304,169.82,136.29,67.17,-33.64,238.94,12353,0.9994336569579289
62,168.71,128.56,61.82,-21.67,235.45,11900,160.62,141.34,57.68,-38.4,244.28,11702,163.72,90.08,50.37,23.27,203.43,10940,164.09,132.22,51.97,-20.1,244.34,10980,175.13,155.78,56.95,-37.6,273.96,11801,172.63,141.58,61.68,-30.63,252.53,11817,0.9930252100840335
63,177.48,160.82,66.64,-49.98,271.66,9333,159.11,107.72,62.5,-11.11,204.33,9414,156.98,76.96,48.98,31.04,184.96,9023,173.46,134.57,59.91,-21.02,248.12,8803,187.69,164.44,69.46,-46.21,282.67,9273,182.91,143.13,74.79,-35.01,251.25,8818,0.94481945783778
64,181.87,180.34,74.25,-72.72,287.96,11353,159.62,103.04,61.7,-5.12,200.96,11158,156.52,71.28,47.6,37.64,180.2,10976,185.53,163.63,76.57,-54.67,272.59,11338,178.83,158.19,74.55,-53.91,262.47,11586,153.82,88.9,51.27,13.65,191.45,10773,0.9489121818021669
65,180.58,170.23,77.43,-67.08,273.38,9731,155.03,108.38,56.02,-9.37,207.39,9379,149.43,51.65,43.73,54.05,157.35,9339,186.02,161.91,77.67,-53.56,270.26,9234,186.97,164.58,77.51,-55.12,274.04,9287,159.39,74.72,49.27,35.4,184.84,9066,0.9316616997225362
66,174.64,136.31,55.59,-17.26,255.36,16967,172.43,104.15,58.3,9.98,218.28,15763,141.68,49.14,56.4,36.14,134.42,16059,172.53,69.31,54.63,48.59,187.21,16077,197.77,126.63,53.27,17.87,271.13,16525,176.74,76.4,48.82,51.52,204.32,16130,0.9506689456002828
67,188.98,159.28,59.99,-30.29,288.27,11448,172.72,104.6,50.56,17.56,226.76,11173,188.23,119.52,50.53,18.18,257.22,11040,181.7,118.0,43.63,20.07,256.07,11069,191.68,141.42,58.5,-8.24,274.6,10779,192.84,125.53,55.49,11.82,262.88,11179,0.9765024458420684
68,176.59,166.19,81.83,-71.43,260.95,11972,174.42,162.49,83.53,-71.6,253.38,11603,179.32,146.78,78.11,-45.57,247.99,11461,183.54,166.61,84.59,-67.66,265.56,11206,179.86,169.81,82.09,-72.04,267.58,11469,183.04,164.4,88.12,-69.48,259.32,11246,0.9393585031740728
69,161.48,127.24,66.38,-32.14,222.34,5960,144.43,85.1,57.64,1.69,171.89,5885,128.37,40.19,37.48,50.7,131.08,5783,163.58,131.52,64.37,-32.31,230.73,5776,166.29,161.84,67.07,-62.62,261.06,5528,142.87,72.01,44.49,26.37,170.39,5844,0.980536912751678
70,165.69,155.19,76.17,-65.67,244.71,7591,162.47,151.79,73.74,-63.06,240.52,7408,159.46,91.1,58.12,10.24,192.44,7269,166.66,164.27,78.89,-76.5,252.04,7030,177.54,181.27,92.91,-96.64,265.9,7092,169.18,146.85,76.87,-54.54,239.16,7454,0.98195231194836
71,160.25,122.99,63.09,-25.83,220.15,9645,159.55,145.4,62.61,-48.46,242.34,9107,150.27,83.38,42.12,24.77,191.53,8774,163.26,137.39,60.75,-34.88,239.9,9270,175.8,175.3,69.72,-69.22,281.38,8951,163.61,124.33,57.45,-18.17,230.49,9262,0.9602903058579576
72,145.76,59.79,48.11,37.86,157.44,8926,126.3,54.44,45.88,25.98,134.86,8542,110.39,26.3,35.79,48.3,100.9,8054,140.74,37.44,41.55,61.75,136.63,8566,164.75,83.28,42.17,39.3,205.86,8487,119.13,34.72,38.11,46.3,115.74,8455,0.9472328030472776
73,148.75,78.51,52.2,18.04,175.06,12012,152.25,99.22,61.9,-8.87,189.57,11950,134.63,48.6,47.29,38.74,135.94,11940,174.43,111.06,57.7,5.67,227.79,11725,180.7,153.48,70.8,-43.58,263.38,11790,160.18,91.66,58.84,9.68,193.0,11212,0.9333999333999334
74,122.42,46.44,49.48,26.5,119.38,10441,145.27,69.81,52.21,23.25,162.87,9958,124.14,29.36,43.48,51.3,110.02,9931,142.35,39.72,45.04,57.59,137.03,10400,146.55,43.38,36.09,67.08,153.84,10433,137.02,30.0,41.32,65.7,125.7,10401,0.996168949334355
75,175.99,166.51,71.1,-61.62,271.4,9825,168.83,140.26,69.73,-41.16,239.36,9338,178.81,141.91,67.09,-30.19,253.63,9536,178.44,170.74,71.89,-64.19,277.29,9200,177.61,177.4,70.69,-70.48,284.32,9478,181.95,152.44,76.52,-47.01,257.87,9566,0.9736386768447836
76,174.99,149.47,63.17,-37.65,261.29,14465,174.38,154.38,68.02,-48.02,260.74,14104,178.73,102.44,48.78,27.51,232.39,13724,186.54,121.4,55.38,9.76,252.56,13515,187.17,158.07,72.5,-43.4,272.74,13836,187.8,108.67,60.1,19.03,236.37,14275,0.9868648461804356
77,178.92,174.3,74.27,-69.65,278.95,10101,177.15,151.26,76.69,-50.8,251.72,10300,191.35,134.53,71.51,-14.69,254.37,10152,183.22,181.01,79.46,-77.25,284.77,9912,179.29,142.72,64.8,-28.23,257.21,9683,174.4,140.86,67.96,-34.42,247.3,9632,0.9535689535689535
78,174.27,165.86,71.75,-63.34,268.38,11547,169.3,158.94,73.64,-63.28,254.6,11074,181.39,117.06,57.23,7.1,241.22,10725,173.94,162.55,66.76,-55.37,269.73,10515,179.41,180.01,75.86,-76.46,283.56,10634,176.39,164.07,70.94,-58.62,269.52,10561,0.91460985537369
79,179.39,183.44,76.66,-80.71,286.17,8266,168.7,124.75,62.45,-18.5,231.0,7986,180.77,139.17,67.89,-26.29,252.05,8245,174.49,174.65,71.21,-71.37,277.93,7809,172.36,169.59,66.97,-64.2,274.98,7782,171.67,149.92,69.35,-47.6,252.24,7691,0.9304379385434308
80,151.22,100.29,51.98,-1.05,199.53,7587,159.21,144.67,64.55,-50.01,239.33,7330,139.93,64.43,43.74,31.76,160.62,7442,156.71,133.74,54.61,-31.64,235.84,7078,170.24,169.66,61.48,-60.9,278.42,7155,157.66,112.72,51.3,-6.36,219.08,6914,0.911295637274285
81,170.59,124.9,61.0,-15.31,234.49,8804,167.69,122.19,65.07,-19.57,224.81,8683,141.88,45.49,38.64,57.75,148.73,8183,170.86,110.22,54.9,5.74,226.18,8220,188.07,171.37,77.45,-60.75,281.99,8123,173.23,114.51,57.39,1.33,230.35,8446,0.9593366651522036
82,176.88,171.4,72.37,-66.89,275.91,9609,159.95,114.28,63.31,-17.64,210.92,9512,146.36,63.37,40.15,42.84,169.58,9329,174.73,171.12,67.91,-64.3,277.94,9477,172.55,147.73,64.69,-39.87,255.59,9329,149.13,67.38,42.1,39.65,174.41,9428,0.9811634925590592
83,165.7,160.52,66.6,-61.42,259.62,6619,164.41,158.51,76.69,-70.79,246.23,6490,150.49,123.5,52.68,-25.69,221.31,6209,180.24,166.46,79.17,-65.39,267.53,6285,170.11,173.31,74.2,-77.4,269.22,6258,155.92,152.74,58.88,-55.7,249.78,6288,0.94999244598882
84,177.7,165.25,69.04,-56.59,273.91,10337,164.19,114.79,58.61,-9.21,220.37,10074,166.79,109.92,53.43,3.44,223.28,9705,172.78,114.95,52.23,5.6,235.5,10007,182.31,168.49,70.24,-56.42,280.56,9757,177.11,149.19,68.48,-40.56,257.82,10267,0.9932282093450712
85,171.14,163.37,65.97,-58.2,268.54,11208,160.77,150.11,62.98,-52.32,247.9,10681,165.08,113.44,50.81,0.83,227.71,10582,173.07,151.71,63.73,-42.37,261.05,10502,176.34,182.82,68.57,-75.05,290.59,10331,174.18,146.09,66.97,-38.88,253.3,10842,0.9673447537473232
86,162.33,162.26,65.8,-65.73,258.79,9011,154.89,139.61,59.56,-44.28,234.94,8795,165.42,111.49,55.81,-1.88,221.1,8695,164.7,152.39,62.6,-50.29,254.49,8301,166.12,169.16,65.29,-68.33,269.99,8276,165.55,141.86,63.97,-40.28,243.44,8623,0.9569415159249806
87,174.9,153.87,67.49,-46.46,261.28,9117,169.6,145.64,67.9,-43.94,247.34,9266,167.68,97.14,52.4,18.14,212.42,9075,175.83,167.06,67.6,-58.83,275.29,8522,180.06,161.88,69.58,-51.4,272.36,9390,179.9,129.41,66.7,-16.21,242.61,8955,0.9822309970384996
88,171.3,179.54,81.27,-89.51,269.57,6965,162.33,163.37,71.44,-72.48,254.26,6864,169.31,144.78,69.37,-44.84,244.72,6894,169.42,176.44,73.09,-80.11,272.77,6771,170.61,171.76,75.99,-77.14,266.38,6483,174.84,168.97,79.24,-73.37,264.57,6647,0.954343144292893
89,165.15,146.36,66.14,-47.35,245.37,10742,168.97,117.57,65.26,-13.86,221.28,9971,173.46,102.85,56.15,14.46,220.16,10039,184.95,135.15,70.05,-20.25,250.05,10230,177.83,159.68,70.81,-52.66,266.7,10274,166.66,112.74,54.4,-0.48,225.0,10119,0.9420033513312231
90,164.78,83.38,55.36,26.04,192.8,13482,174.49,107.71,55.95,10.83,226.25,12758,153.93,50.78,43.49,59.66,161.22,13072,167.97,58.58,41.1,68.29,185.45,12414,192.36,112.47,55.54,24.35,249.29,12940,161.86,45.13,45.01,71.72,161.98,12958,0.9611333630025218
91,154.73,146.66,62.23,-54.16,239.16,6481,141.83,89.18,54.13,-1.48,176.88,6471,136.82,89.41,41.88,5.53,184.35,6134,148.53,120.07,49.02,-20.56,219.58,6276,164.47,158.34,59.12,-52.99,263.69,6061,152.33,115.09,51.53,-14.29,215.89,6456,0.9961425705909582
92,180.76,159.96,77.04,-56.24,263.68,9558,165.96,128.39,68.85,-31.28,225.5,9360,144.22,39.57,32.5,72.15,151.29,9018,174.53,139.58,71.45,-36.5,242.66,9568,191.37,181.63,89.64,-79.9,283.36,9148,169.4,113.82,58.63,-3.05,224.59,9340,0.9771918811466834
93,177.23,142.87,63.69,-29.33,256.41,10875,164.53,101.37,62.08,1.08,203.82,10578,149.58,45.3,41.71,62.57,153.17,10437,188.97,131.3,69.28,-11.61,250.99,10510,188.15,157.75,75.38,-44.98,270.52,10686,156.22,59.04,50.77,46.41,164.49,10485,0.9641379310344828
94,167.76,127.57,69.91,-29.72,225.42,8699,145.28,81.69,48.58,15.01,178.39,8513,130.67,47.87,38.51,44.29,140.03,8159,172.24,111.69,63.77,-3.22,220.16,7991,180.41,136.95,73.51,-30.05,243.85,8152,137.45,47.91,34.76,54.78,150.6,8035,0.923669387285895
95,166.62,146.18,65.48,-45.04,247.32,9437,150.24,80.74,52.16,17.34,178.82,9154,157.32,83.2,46.3,27.82,194.22,8743,164.71,142.3,56.39,-33.98,250.62,9237,162.46,154.25,63.22,-55.01,253.49,8772,162.17,114.56,53.82,-6.21,222.91,9535,1.0103846561407226
96,184.62,145.68,69.46,-30.52,260.84,14192,172.87,120.42,63.94,-11.49,229.35,13266,147.69,49.78,41.75,56.16,155.72,13956,188.5,113.14,63.15,12.21,238.49,13688,196.55,156.61,77.84,-37.9,275.32,13653,173.18,92.93,53.7,26.55,212.41,14121,0.9949971815107104
97,170.59,117.14,51.49,1.96,236.24,7742,141.17,57.77,38.92,44.48,160.02,7811,123.8,19.29,32.29,72.22,110.8,7166,172.32,120.17,53.44,-1.29,239.05,7232,185.34,138.8,51.59,-5.05,272.55,6982,129.88,25.19,31.51,73.18,123.56,7445,0.961637819684836
98,177.85,170.03,62.11,-54.29,285.77,9169,165.98,152.65,67.11,-53.78,251.52,9007,178.83,85.68,50.41,42.74,214.1,9533,176.72,168.93,72.16,-64.37,273.49,8947,178.76,177.39,80.94,-79.57,275.21,9217,175.21,98.75,52.64,23.82,221.32,9193,1.0026175155414985
99,184.51,102.58,61.79,20.14,225.3,14863,172.17,74.09,70.02,28.06,176.24,13998,143.67,52.1,67.54,24.03,128.23,14600,144.78,54.45,59.62,30.71,139.61,14765,197.95,104.26,62.44,31.25,239.77,14570,183.75,75.54,58.78,49.43,200.51,14753,0.9925990715198816
100,167.17,129.97,71.69,-34.49,225.45,8361,139.25,64.92,60.88,13.45,143.29,8321,132.69,62.8,52.1,17.79,143.39,8020,172.26,102.39,64.67,5.2,209.98,7988,181.95,131.07,77.17,-26.29,235.85,8281,155.47,81.21,58.84,15.42,177.84,8038,0.9613682573854802
101,179.36,122.18,73.64,-16.46,227.9,8515,178.16,108.57,69.16,0.43,217.57,8424,141.04,50.44,51.5,39.1,139.98,8345,174.3,83.47,56.14,34.69,201.63,8159,202.64,165.27,95.61,-58.24,272.3,8260,182.44,114.46,72.35,-4.37,224.55,8445,0.991779213153259
102,165.73,101.8,68.9,-4.97,198.63,8938,170.75,120.75,84.76,-34.76,206.74,8549,145.07,55.94,55.76,33.37,145.25,8497,154.36,76.94,58.29,19.13,173.01,8660,188.48,132.21,81.85,-25.58,238.84,8323,176.36,94.99,66.08,15.29,205.27,9011,1.0081673752517342
103,171.08,103.45,71.82,-4.19,202.71,9426,155.75,69.06,63.84,22.85,160.97,9260,158.06,60.06,58.87,39.13,159.25,9050,182.46,118.92,74.46,-10.92,226.92,9047,173.07,107.22,70.36,-4.51,209.93,8945,151.72,61.02,57.14,33.56,155.6,8938,0.9482283046891576
104,170.61,109.81,73.21,-12.41,207.21,13004,178.32,157.15,82.34,-61.17,253.13,12595,163.88,66.27,61.97,35.64,168.18,12814,176.56,77.03,70.21,29.32,183.38,12755,184.1,106.87,74.66,2.57,216.31,12534,184.12,140.05,77.24,-33.17,246.93,12913,0.9930021531836358
105,170.01,122.09,65.08,-17.16,227.02,9800,183.34,119.99,67.96,-4.61,235.37,9733,164.18,67.45,62.98,33.75,168.65,9212,184.38,128.21,67.03,-10.86,245.56,9201,184.51,108.8,64.23,11.48,229.08,9015,166.21,79.78,57.21,29.22,188.78,9040,0.9224489795918368
106,173.04,143.77,72.61,-43.34,244.2,8246,170.47,115.97,68.13,-13.63,218.31,8125,150.83,61.15,49.67,40.01,162.31,7880,187.7,147.05,72.24,-31.59,262.51,8062,196.52,192.45,88.5,-84.43,300.47,7964,163.29,129.09,63.86,-29.66,228.52,7890,0.95682755275285
107,189.94,170.5,91.49,-72.05,268.95,10047,178.4,138.65,79.84,-40.09,237.21,9836,178.54,97.62,60.47,20.45,215.69,9623,188.39,158.84,81.1,-51.55,266.13,9771,195.3,175.46,90.72,-70.88,280.04,10010,194.62,170.24,92.75,-68.37,272.11,9676,0.9630735542948144
108,183.47,144.87,79.48,-40.88,248.86,12401,157.61,61.55,62.21,33.85,156.95,12122,169.39,72.65,64.9,31.84,177.14,11826,185.95,107.69,73.94,4.32,219.7,11284,189.79,150.93,83.54,-44.68,257.18,11446,173.67,100.22,65.09,8.36,208.8,11831,0.9540359648415452
109,166.52,148.5,74.6,-56.58,240.42,10305,159.17,109.59,75.15,-25.57,193.61,9966,133.68,65.48,58.87,9.33,140.29,9808,149.73,103.87,60.63,-14.77,192.97,9637,178.82,170.94,91.51,-83.63,258.25,9837,190.23,184.31,104.99,-99.07,269.55,9835,0.9543910722950024
110,172.07,94.16,62.46,15.45,203.77,7983,119.92,57.68,51.74,10.5,125.86,7925,123.44,36.36,50.02,37.06,109.78,7445,141.11,57.12,56.41,27.58,141.82,7725,164.07,103.19,60.07,0.81,207.19,7556,155.61,65.73,52.89,36.99,168.45,7607,0.9528999123136666
111,157.44,85.28,60.76,11.4,181.96,5720,161.9,138.95,65.6,-42.65,235.25,5664,148.96,55.77,54.59,38.6,150.14,5802,159.26,72.13,56.36,30.77,175.03,5355,170.72,120.55,66.88,-16.71,224.39,5815,169.44,99.14,60.9,9.4,207.68,5463,0.95506993006993
112,171.28,91.31,74.02,5.95,188.57,9786,167.15,89.48,70.69,6.98,185.94,9517,143.38,52.56,63.76,27.06,132.18,9079,180.03,124.34,81.64,-25.95,222.73,9252,190.07,154.51,89.15,-53.59,255.43,9306,167.33,89.55,63.98,13.8,192.9,8946,0.9141630901287554
113,184.33,106.1,60.86,17.37,229.57,11356,121.45,40.52,53.79,27.14,108.18,10842,128.51,49.08,56.67,22.76,120.92,10513,145.99,49.55,52.12,44.32,143.42,10214,185.91,79.91,57.02,48.98,208.8,10665,185.91,79.91,57.02,48.98,208.8,10665,0.9391511095456146
114,177.78,138.61,75.58,-36.41,240.81,11418,175.16,109.46,79.39,-13.69,205.23,11311,154.63,52.75,66.31,35.57,141.07,11319,173.76,74.39,69.97,29.4,178.18,11356,197.77,151.84,88.5,-42.57,261.11,11096,191.45,157.25,82.46,-48.26,266.24,11342,0.9933438430548256
115,164.5,111.57,70.17,-17.24,205.9,12678,176.45,161.25,82.32,-67.12,255.38,12053,165.95,70.01,55.46,40.48,180.5,12824,172.17,134.25,77.57,-39.65,228.85,12064,185.69,154.46,85.18,-53.95,254.97,12519,173.9,118.09,71.0,-15.19,220.99,12414,0.9791765262659724
116,178.33,166.11,80.88,-68.66,263.56,12569,164.82,102.35,70.99,-8.52,196.18,12386,170.24,101.56,68.35,0.33,203.45,12188,172.84,101.88,72.11,-1.15,202.61,12081,177.98,138.38,82.06,-42.46,234.3,12157,193.18,184.08,101.28,-92.18,275.98,12086,0.9615721218871828
117,170.78,87.52,59.47,23.79,198.83,14207,152.77,70.38,56.04,26.35,167.11,13325,116.54,45.03,55.76,15.75,105.81,14160,125.55,47.28,55.38,22.89,117.45,13860,176.47,65.48,62.75,48.24,179.2,14108,178.52,67.74,53.79,56.99,192.47,14163,0.9969029351728022
118,174.32,165.16,76.39,-67.23,263.09,13105,151.16,68.83,64.14,18.19,155.85,12866,162.45,88.97,62.46,11.02,188.96,12863,173.06,90.86,64.1,18.1,199.82,13088,177.29,107.57,69.45,0.27,215.41,13327,175.65,111.29,69.74,-5.38,217.2,13323,1.0166348721861884
119,179.58,114.32,70.5,-5.24,223.4,12371,167.23,115.1,72.62,-20.49,209.71,12332,161.56,75.99,67.47,18.1,170.08,11882,155.62,68.1,52.79,34.73,170.93,11624,170.5,57.52,61.2,51.78,166.82,12298,184.19,93.5,65.6,25.09,212.09,12213,0.9872281949721122
120,184.67,124.65,73.42,-13.4,235.9,9203,177.61,132.87,80.46,-35.72,230.02,8886,147.4,55.71,60.98,30.71,142.13,8661,163.48,75.91,67.42,20.15,171.97,8776,186.69,136.15,82.27,-31.73,240.57,8767,196.67,150.3,83.49,-37.12,263.48,8731,0.9487123763990004
121,185.86,140.59,78.94,-33.67,247.51,8825,168.64,85.49,71.16,11.99,182.97,8617,157.86,52.97,56.2,48.69,154.63,8378,168.62,71.02,57.29,40.31,182.35,8595,189.55,155.12,91.91,-57.48,252.76,8364,188.17,149.09,84.42,-45.34,252.84,8560,0.969971671388102
122,179.42,130.54,71.97,-23.09,237.99,11350,169.31,101.17,70.46,-2.32,200.02,11115,161.32,69.6,59.75,31.97,171.17,11224,172.74,91.8,67.61,13.33,196.93,11442,194.42,153.59,86.14,-45.31,261.87,10970,174.81,82.71,62.5,29.6,195.02,11425,1.0066079295154184
123,189.55,163.43,82.9,-56.78,270.08,9522,179.08,97.22,63.81,18.05,212.49,9377,163.82,71.87,61.85,30.1,173.84,9303,187.95,124.7,77.02,-13.77,235.63,9288,199.74,149.72,87.53,-37.51,261.93,9376,191.4,79.75,67.45,44.2,203.7,9198,0.9659735349716446
124,172.25,94.32,67.33,10.6,199.24,10436,172.94,127.35,73.59,-28.0,226.7,10194,146.8,63.15,55.4,28.25,154.55,9825,173.38,84.53,72.09,16.76,185.82,10070,191.24,147.89,86.08,-42.73,253.05,9758,180.39,97.69,65.07,17.63,213.01,10120,0.9697201993100804
125,178.53,85.27,65.3,27.96,198.5,14271,181.67,169.55,83.53,-71.41,267.69,13389,180.6,86.64,63.92,30.04,203.32,14029,179.88,111.14,67.4,1.34,223.62,13430,180.83,116.2,71.83,-7.2,225.2,13199,185.86,118.74,74.63,-7.51,229.97,13560,0.950178684044566
126,184.1,167.96,79.5,-63.36,272.56,9732,153.98,78.98,67.78,7.22,165.18,9544,156.8,76.17,54.69,25.94,178.28,9395,159.13,86.31,62.35,10.47,183.09,9048,181.35,143.73,85.14,-47.52,239.94,9064,184.63,144.56,81.58,-41.51,247.61,9542,0.9804767776407728
127,177.49,100.48,66.42,10.59,211.55,10399,153.59,65.68,62.53,25.38,156.74,9931,141.68,45.78,48.69,47.21,138.77,9674,162.2,56.44,52.41,53.35,166.23,10360,187.29,100.36,62.67,24.26,224.98,10115,188.91,102.91,66.63,19.37,225.19,9977,0.9594191749206654
128,164.39,164.52,76.27,-76.4,252.64,11004,173.35,143.64,87.53,-57.82,229.46,10514,165.98,115.02,68.41,-17.45,212.59,9814,170.73,131.67,76.0,-36.94,226.4,9910,156.05,154.91,75.14,-74.0,235.82,11157,177.68,187.93,84.24,-94.49,281.37,10046,0.9129407488186114
129,188.94,158.82,81.46,-51.34,266.3,10142,165.95,76.08,64.47,25.4,177.56,9477,164.22,59.94,58.45,45.83,165.71,9449,184.19,97.0,69.52,17.67,211.67,9658,193.26,147.71,92.3,-46.75,248.67,9869,181.84,93.31,64.29,24.24,210.86,9752,0.9615460461447446
130,180.96,168.38,81.2,-68.62,268.14,9683,174.47,166.52,80.59,-72.64,260.4,9539,159.56,81.31,55.44,22.81,185.43,9253,172.59,99.59,67.98,5.02,204.2,9488,188.75,197.14,87.41,-95.8,298.48,9354,189.81,171.58,85.18,-66.95,276.21,9399,0.9706702468243312
131,190.69,148.33,86.02,-43.66,253.0,8621,168.83,82.11,56.46,30.26,194.48,8794,166.6,61.68,56.41,48.51,171.87,8298,168.73,64.21,55.56,48.96,177.38,8285,190.04,127.61,79.01,-16.58,238.64,8072,191.86,142.13,84.15,-34.42,249.84,8313,0.9642732861616982
132,197.8,137.87,64.51,-4.58,271.16,14238,161.26,81.73,48.62,30.91,194.37,13506,156.13,52.23,51.34,52.56,157.02,13692,155.25,56.27,44.58,54.4,166.94,13587,191.24,111.38,56.36,23.5,246.26,13583,193.62,113.2,52.56,27.86,254.26,13743,0.9652338811630848
133,180.49,95.52,62.4,22.57,213.61,12059,166.16,77.11,62.39,26.66,180.88,12152,127.29,38.4,48.83,40.06,116.86,11855,168.83,72.64,57.94,38.25,183.53,11600,194.3,109.76,62.66,21.88,241.4,11913,157.87,57.41,53.74,46.72,161.54,11835,0.981424662078116
134,200.99,151.31,79.24,-29.56,273.06,10823,185.71,142.74,82.31,-39.34,246.14,10508,193.25,92.92,68.54,31.79,217.63,10792,196.64,110.02,74.1,12.52,232.56,10784,198.42,98.24,74.53,25.65,222.13,10984,191.3,99.87,66.08,25.35,225.09,10822,0.9999076041762912
135,185.72,123.84,69.86,-7.98,239.7,11471,178.79,100.29,67.57,10.93,211.51,10966,164.22,57.77,58.53,47.92,163.46,11007,182.82,85.02,58.37,39.43,209.47,11062,192.9,125.64,67.66,-0.4,250.88,11227,195.39,136.82,74.79,-16.22,257.42,10777,0.93949960770639
136,184.61,148.88,83.83,-48.1,249.66,9783,178.8,176.26,87.41,-84.87,267.65,9756,166.03,102.06,65.38,-1.41,202.71,9850,170.02,136.45,76.38,-42.81,230.09,9500,183.1,178.5,90.16,-85.56,271.44,9680,179.82,162.79,85.4,-68.37,257.21,9734,0.9949913114586528
137,160.95,79.91,62.01,19.03,178.85,11160,168.32,102.27,67.48,-1.43,203.11,11039,173.76,66.72,57.62,49.42,182.86,10640,184.91,99.52,58.18,27.21,226.25,11154,167.92,68.09,60.11,39.72,175.9,10166,151.61,56.9,58.09,36.62,150.42,11018,0.9872759856630824
138,178.11,123.07,60.41,-5.37,240.77,10041,165.32,76.42,56.12,32.78,185.62,9880,132.83,46.57,53.31,32.95,126.09,9395,161.16,76.22,53.15,31.79,184.23,9851,185.6,99.05,58.69,27.86,225.96,9315,185.75,107.43,58.03,20.29,235.15,9766,0.9726122896125884
139,185.38,141.12,77.19,-32.93,249.31,9240,185.25,148.21,85.24,-48.2,248.22,8908,177.09,89.59,56.87,30.63,209.81,8939,190.25,153.63,82.55,-45.93,261.33,8662,191.41,184.9,85.59,-79.08,290.72,8911,186.7,119.74,68.13,-1.17,238.31,8639,0.93495670995671
140,177.4,162.37,70.72,-55.69,269.05,12044,157.16,61.85,56.33,38.98,162.68,11927,162.05,72.31,55.21,34.53,179.15,11463,167.8,87.23,60.15,20.42,194.88,11380,188.06,154.74,80.31,-46.99,262.49,11416,185.96,163.16,82.23,-59.43,266.89,11688,0.9704417137163732
141,201.34,181.8,81.83,-62.29,301.31,10250,176.68,76.65,52.16,47.87,201.17,10044,187.48,134.2,72.81,-19.53,248.87,9923,183.38,122.13,56.9,4.35,248.61,9710,193.52,151.85,70.21,-28.54,275.16,9682,193.14,166.17,77.78,-50.81,281.53,10113,0.9866341463414634
142,179.81,169.88,71.65,-61.72,278.04,9773,180.6,170.97,82.64,-73.01,268.93,9181,182.56,101.65,62.14,18.77,222.07,8892,182.7,165.41,73.27,-55.98,274.84,9286,186.64,188.53,92.56,-94.45,282.61,8918,179.14,163.96,73.9,-58.72,269.2,9607,0.9830144275043488
143,189.58,146.62,67.49,-24.53,268.71,11101,191.44,170.06,81.14,-59.76,280.36,10671,198.99,125.6,61.88,11.51,262.71,10992,194.2,137.72,68.0,-11.52,263.92,10585,187.45,123.01,63.26,1.18,247.2,11038,193.81,157.29,78.27,-41.75,272.83,10555,0.9508152418701018
144,181.05,143.91,63.96,-26.82,261.0,13121,176.54,149.9,70.85,-44.21,255.59,12646,172.48,71.59,58.21,42.68,185.86,13023,177.58,136.25,57.78,-16.45,256.05,12887,192.92,180.52,76.35,-63.95,297.09,12800,194.24,162.41,68.9,-37.07,287.75,12912,0.9840713360262175
145,92.37,75.18,38.15,-20.96,129.4,23530,69.45,63.96,33.01,-27.52,100.4,28474,190.74,110.01,67.21,13.52,233.54,10717,183.15,141.29,76.64,-34.78,247.8,11176,195.37,152.88,80.81,-38.32,267.44,10842,188.6,167.03,81.52,-59.95,274.11,10790,0.4585635359116022
146,47.24,41.77,20.81,-15.34,68.2,46244,173.19,119.63,66.11,-12.55,226.71,10928,177.07,94.03,59.02,24.02,212.08,10392,176.47,146.85,77.23,-47.61,246.09,10996,185.02,154.45,76.71,-46.14,262.76,11006,187.02,85.92,59.66,41.44,213.28,10330,0.2233803304212438
147,184.55,184.43,78.74,-78.62,290.24,9080,163.1,87.28,63.27,12.55,187.11,9050,174.38,117.31,61.47,-4.4,230.22,8358,158.0,133.26,68.67,-43.93,222.59,9657,99.99,82.93,43.51,-26.45,139.41,16624,39.38,37.17,16.83,-14.62,59.72,42017,4.627422907488987
148,170.24,129.78,67.02,-26.56,233.0,12291,187.51,158.08,77.76,-48.33,267.83,11252,182.95,106.15,60.88,15.92,228.22,11035,190.22,143.73,72.92,-26.43,261.03,10596,191.89,179.45,81.87,-69.43,289.47,10619,187.42,154.5,74.14,-41.22,267.78,10745,0.8742169066796843
149,142.5,120.51,55.33,-33.34,207.68,13950,165.49,87.06,61.04,17.39,191.51,10573,155.17,67.07,45.82,42.28,176.42,10353,179.47,108.63,61.7,9.14,226.4,10587,102.71,96.54,50.19,-44.02,149.06,20492,183.08,133.49,67.95,-18.36,248.62,10457,0.7496057347670251
150,134.14,68.6,52.37,13.17,150.37,10714,146.74,95.99,51.15,-0.4,191.58,10827,118.23,35.24,36.29,46.7,117.18,10243,150.34,76.74,46.19,27.41,180.89,9817,163.6,94.7,52.42,16.48,205.88,9845,118.74,32.33,34.31,52.1,116.76,9953,0.9289714392383795
151,146.88,84.79,52.66,9.43,179.01,11106,147.49,55.95,51.84,39.7,151.6,10820,113.73,33.86,43.87,36.0,103.72,10282,160.33,72.09,52.8,35.44,179.62,10271,176.2,117.71,64.62,-6.13,229.29,10222,110.08,29.07,38.93,42.08,100.22,10214,0.9196830542049342
152,129.1,54.23,47.13,27.74,136.2,13164,174.71,107.7,65.31,1.7,217.1,12644,116.72,36.0,45.72,35.0,107.0,11996,155.03,55.46,47.13,52.44,163.36,12308,168.32,74.68,41.96,51.68,201.04,12408,133.43,45.29,44.51,43.63,134.21,11688,0.8878760255241568
153,166.24,146.15,71.89,-51.8,240.5,11366,150.75,111.41,67.3,-27.96,194.86,11119,125.33,40.5,35.17,49.66,130.66,10882,176.6,149.0,74.79,-47.19,250.81,10565,178.6,177.59,78.99,-77.98,277.2,10731,143.11,73.41,46.45,23.25,170.07,10827,0.9525778638043289
154,167.15,110.42,58.07,-1.34,219.5,12269,153.23,105.94,64.32,-17.03,194.85,11832,145.7,52.72,47.57,45.41,150.85,11841,173.91,109.81,65.4,-1.3,218.32,12309,151.47,59.52,50.33,41.62,160.66,12039,157.14,66.25,45.17,45.72,178.22,11568,0.9428641291058766
155,178.44,109.29,63.78,5.37,223.95,11331,142.15,49.69,55.37,37.09,136.47,10893,125.16,36.95,42.14,46.07,119.97,10302,193.58,98.68,57.92,36.98,234.34,10111,190.43,95.9,53.89,40.64,232.44,10227,112.47,33.73,42.32,36.42,103.88,10274,0.9067160886064778
156,152.3,79.66,54.21,18.43,177.75,11230,159.38,115.59,69.68,-25.89,205.29,10796,123.07,35.95,36.83,50.29,122.19,10817,152.72,70.7,44.82,37.2,178.6,10599,176.86,133.27,68.83,-25.24,241.3,10721,123.4,37.97,38.0,47.43,123.37,11081,0.9867319679430098
157,149.35,79.77,53.93,15.65,175.19,11419,139.05,71.9,57.84,9.31,153.11,11098,107.47,36.49,40.11,30.87,103.85,10977,133.84,55.21,48.62,30.01,140.43,10609,176.76,125.01,68.15,-16.4,233.62,10951,127.37,43.61,40.77,42.99,130.21,11079,0.9702250634906734
158,156.47,86.84,55.6,14.03,187.71,10945,161.32,112.59,69.37,-20.64,204.54,10230,133.98,41.01,39.49,53.48,135.5,10054,171.59,102.15,57.02,12.42,216.72,10259,168.46,92.75,56.19,19.52,205.02,10353,129.4,38.18,40.3,50.92,127.28,10680,0.9757880310644128
159,180.27,151.44,67.77,-38.94,263.94,12121,169.02,104.16,69.94,-5.08,203.24,11847,176.03,112.39,63.53,0.11,224.89,12471,186.05,156.33,74.17,-44.45,268.21,11899,188.03,160.7,86.73,-59.4,262.0,12020,181.17,119.12,68.98,-6.93,231.31,11863,0.9787146275059814
160,179.77,112.8,49.74,17.23,242.83,10718,124.16,44.55,40.17,39.44,128.54,10416,132.56,43.3,40.12,49.14,135.74,10131,120.77,33.18,40.0,47.59,113.95,10252,113.79,31.51,41.75,40.53,103.55,9901,128.7,37.38,43.45,47.87,122.63,10449,0.97490203396156
161,171.4,106.23,50.86,14.31,226.77,13913,105.86,42.8,52.03,11.03,96.63,13279,108.02,34.79,44.02,29.21,98.79,12987,132.9,45.98,49.87,37.05,129.01,13045,141.01,54.58,44.27,42.16,151.32,13176,111.61,38.27,45.52,27.82,104.36,13204,0.9490404657514556
162,173.0,148.65,77.78,-53.43,243.87,10711,159.89,127.19,67.94,-35.24,219.14,10482,146.18,83.97,53.2,9.01,176.95,10253,163.45,119.13,63.42,-19.1,219.16,9982,180.2,167.36,73.5,-60.66,274.06,10213,165.29,103.22,61.31,0.76,207.2,10338,0.9651759873027728
163,165.09,109.05,64.66,-8.62,209.48,11330,174.61,138.58,76.9,-40.87,236.29,11356,135.93,51.78,45.31,38.84,142.4,10987,162.07,87.24,58.23,16.6,191.08,11048,190.62,140.62,73.76,-23.76,257.48,10710,172.66,99.92,62.4,10.34,210.18,10752,0.9489849955869374
164,183.78,136.24,53.32,-5.78,266.7,11562,112.18,38.23,45.27,28.68,105.14,11147,128.49,41.3,46.79,40.4,123.0,10877,150.58,59.51,47.08,43.99,163.01,11062,143.7,56.93,45.38,41.39,155.25,10857,126.82,42.39,43.89,40.54,125.32,10573,0.9144611658882548
165,183.2,165.44,81.73,-63.97,266.91,13513,151.75,64.57,50.13,37.05,166.19,12492,160.53,62.19,48.32,50.02,174.4,12900,184.26,127.38,63.48,-6.6,248.16,12781,189.91,132.22,68.48,-10.79,253.65,12425,153.33,63.63,48.63,41.07,168.33,12471,0.9228890697846518
166,194.15,137.43,51.68,5.04,279.9,13424,133.2,45.84,46.29,41.07,132.75,12769,147.26,50.08,44.6,52.58,152.74,13438,138.24,49.0,48.37,40.87,138.87,12996,189.41,83.04,45.45,60.92,227.0,13615,168.56,62.92,43.75,61.89,187.73,13004,0.9687127532777116
167,180.37,170.49,80.54,-70.66,270.32,12504,155.32,114.94,69.26,-28.88,201.0,12557,160.32,83.56,53.89,22.87,189.99,11780,170.22,114.74,64.47,-8.99,220.49,12015,179.76,166.72,75.07,-62.03,271.41,11888,172.79,105.09,65.64,2.06,212.24,12226,0.9777671145233524
168,169.53,122.2,64.34,-17.01,227.39,12318,148.21,88.6,62.08,-2.47,174.73,11780,139.03,46.6,49.0,43.43,136.63,11902,154.59,71.33,54.95,28.31,170.97,11496,181.63,155.61,75.57,-49.55,261.67,11753,159.12,79.46,47.06,32.6,191.52,11918,0.9675271959733724
169,183.04,144.86,68.47,-30.29,259.43,13653,155.26,94.11,66.52,-5.37,182.85,13290,142.66,53.49,49.85,39.32,146.3,12553,174.24,99.2,58.06,16.98,215.38,12989,190.53,175.36,80.78,-65.61,285.11,13056,152.03,88.47,53.17,10.39,187.33,12841,0.940525891745404
170,189.41,134.37,47.91,7.13,275.87,13469,154.62,63.18,43.74,47.7,174.06,12481,154.15,51.77,48.92,53.46,157.0,12935,164.53,73.93,35.41,55.19,203.05,12912,174.59,68.82,43.09,62.68,200.32,13112,168.54,62.2,44.76,61.58,185.98,13087,0.9716385774742
171,177.61,155.65,65.2,-43.24,268.06,12811,162.39,72.25,55.19,34.95,179.45,12026,150.55,54.0,54.74,41.81,149.81,12408,171.18,85.39,53.61,32.18,202.96,12433,187.02,148.39,65.88,-27.25,269.53,12388,170.8,81.73,56.31,32.76,196.22,11621,0.9071110764187028
172,155.21,92.7,55.97,6.54,191.94,10116,166.32,92.75,59.14,14.43,199.93,9645,140.69,39.64,39.46,61.59,140.87,9676,173.65,92.2,47.52,33.93,218.33,9650,184.4,141.32,73.5,-30.42,252.22,9343,161.55,76.89,50.17,34.49,188.27,9397,0.928924476077501
173,144.98,90.6,59.02,-4.64,176.56,11500,158.19,119.72,81.98,-43.51,195.93,11543,134.57,43.08,47.52,43.97,130.13,10938,181.28,124.34,73.66,-16.72,231.96,11309,165.49,119.86,60.37,-14.74,224.98,11266,128.89,50.73,44.82,33.34,134.8,11009,0.957304347826087
174,163.28,86.03,62.36,14.89,186.95,12131,174.08,130.52,77.06,-33.5,227.54,11583,142.17,43.48,49.98,48.71,135.67,11648,169.91,94.37,57.82,17.72,206.46,11449,184.53,122.01,65.49,-2.97,241.05,11867,165.96,71.77,58.79,35.4,178.94,11675,0.9624103536394362
175,170.91,154.32,64.58,-47.99,260.65,11449,165.85,90.03,55.43,20.39,200.45,10738,147.46,56.06,47.08,44.32,156.44,11318,174.13,84.13,51.15,38.85,207.11,10805,182.35,103.17,60.17,19.01,225.35,10665,169.46,111.4,54.86,3.2,226.0,11081,0.9678574547995458
176,174.99,149.41,70.23,-44.65,254.17,10745,176.0,154.55,73.53,-52.08,257.02,10237,174.85,94.84,56.88,23.13,212.81,10393,190.06,138.64,70.32,-18.9,258.38,10401,186.3,148.19,77.15,-39.04,257.34,10018,186.54,127.44,69.54,-10.44,244.44,10065,0.9367147510469986
177,178.33,143.13,63.13,-27.93,258.33,11829,167.24,112.49,62.93,-8.18,216.8,11741,135.88,40.69,46.18,49.01,130.39,10790,187.13,124.56,60.0,2.57,251.69,11394,190.07,151.91,71.73,-33.57,270.25,10441,156.55,71.64,52.01,32.9,176.18,11149,0.9425141601149716
178,181.25,151.52,65.21,-35.48,267.56,10778,165.21,115.84,66.31,-16.94,214.74,10358,153.87,54.75,48.5,50.62,160.12,10626,185.08,142.31,67.78,-25.01,259.61,10651,195.81,168.94,77.83,-50.96,286.92,10668,174.88,97.54,57.46,19.88,214.96,10225,0.9486917795509372
179,178.1,120.48,49.2,8.42,249.38,11248,118.43,47.56,46.58,24.29,119.41,10582,131.6,34.61,42.5,54.49,123.71,10466,144.21,49.56,42.38,52.27,151.39,10370,166.55,90.37,38.27,37.91,218.65,10812,153.94,55.9,43.01,55.03,166.83,10777,0.9581258890469416
180,193.04,162.37,62.85,-32.18,292.56,12045,125.14,46.4,50.27,28.47,121.27,11444,157.29,72.98,50.02,34.29,180.25,11043,142.61,55.61,42.27,44.73,155.95,11142,160.25,63.16,52.62,44.47,170.79,11530,173.95,93.08,46.92,33.95,220.11,11926,0.9901203819012038
181,164.91,98.44,59.6,6.87,203.75,12437,170.61,128.4,75.88,-33.67,223.13,11975,159.05,60.37,50.37,48.31,169.05,11693,151.92,53.14,54.86,43.92,150.2,11539,179.7,105.34,59.95,14.41,225.09,12260,176.39,92.97,52.54,30.88,216.82,12114,0.9740291066977568
182,171.31,162.44,63.48,-54.61,270.27,12690,170.7,154.55,67.79,-51.64,257.46,11755,168.04,86.65,52.48,28.91,202.21,12848,184.22,115.52,60.88,7.82,238.86,11961,186.46,169.46,73.06,-56.06,282.86,12134,171.09,143.7,62.1,-34.71,252.69,13128,1.03451536643026
183,178.6,127.02,66.64,-15.06,238.98,11294,168.12,116.32,67.15,-15.35,217.29,11169,160.09,64.83,44.94,50.32,179.98,10627,172.79,115.91,63.37,-6.49,225.33,10696,186.02,170.33,74.47,-58.78,281.88,10498,167.15,73.51,48.34,45.3,192.32,10499,0.929608641756685
184,154.14,90.89,48.48,14.77,196.55,10452,118.05,45.3,48.61,24.14,114.74,10157,110.82,26.62,38.23,45.97,99.21,9284,142.32,48.87,47.43,46.02,143.76,9803,169.37,100.41,53.9,15.06,215.88,9802,121.64,48.26,43.24,30.14,126.66,9545,0.913222349789514
185,184.72,122.08,67.57,-4.93,239.23,11291,175.46,159.81,73.94,-58.29,261.33,11075,179.23,97.51,57.27,24.45,219.47,10878,193.15,170.94,73.92,-51.71,290.17,10644,194.26,178.57,76.56,-60.87,296.27,10673,184.74,146.45,70.1,-31.81,261.09,10555,0.9348153396510496
186,187.82,137.7,53.03,-2.91,272.49,10856,104.59,31.39,37.61,35.59,98.37,10659,131.59,38.49,41.43,51.67,128.65,10264,150.73,57.21,44.32,49.2,163.62,9950,168.75,74.95,43.14,50.66,200.56,10296,144.24,59.03,37.72,47.49,165.55,9808,0.90346352247605
187,182.13,118.66,48.18,15.29,252.61,17771,131.51,44.04,52.81,34.66,122.74,16511,137.31,46.52,45.06,45.73,138.77,15890,149.37,55.97,42.03,51.37,163.31,16576,194.27,107.34,39.25,47.68,262.36,16764,179.04,73.99,40.05,65.0,212.98,16568,0.9323054414495526
188,187.13,176.56,72.53,-61.96,291.16,12161,137.97,46.42,43.2,48.35,141.19,11830,157.46,72.31,43.87,41.28,185.9,11420,169.12,100.46,56.74,11.92,212.84,11217,179.89,121.94,61.06,-3.11,240.77,11292,180.77,135.13,62.75,-17.11,253.15,11732,0.9647232957815968
189,166.19,131.3,67.4,-32.51,230.09,8682,164.51,132.67,69.42,-37.58,227.76,8491,142.41,50.47,42.92,49.02,149.96,8256,170.69,120.94,61.47,-11.72,230.16,8310,184.2,157.29,76.11,-49.2,265.38,8283,159.96,67.19,46.44,46.33,180.71,8444,0.9725869615296014
190,161.31,99.28,59.13,2.9,201.46,9828,156.13,95.71,58.29,2.13,193.55,9642,121.73,36.2,40.96,44.57,116.97,9067,162.37,109.17,55.32,-2.12,216.22,9525,189.98,145.73,69.47,-25.22,266.24,9441,156.66,66.35,42.95,47.36,180.06,9057,0.9215506715506716
191,172.99,154.12,59.56,-40.69,267.55,10761,140.81,52.7,47.55,40.56,145.96,10499,154.58,61.02,44.94,48.62,170.66,9790,176.04,124.76,58.65,-7.37,242.15,9900,179.11,135.66,67.85,-24.4,246.92,10224,152.98,81.7,48.59,22.69,186.09,10112,0.939689619923799
192,191.81,146.02,53.34,-7.55,284.49,14533,174.74,90.06,56.3,28.38,208.5,14124,186.78,87.08,48.04,51.66,225.82,13758,200.36,123.21,48.06,29.09,275.51,14493,194.94,97.33,49.62,47.99,242.65,14722,174.42,80.05,43.58,50.79,210.89,13641,0.9386224454689328
193,174.96,141.05,65.52,-31.61,250.49,13874,169.87,137.83,78.0,-45.96,229.7,13165,139.31,59.65,48.59,31.07,150.37,13161,177.19,128.53,63.22,-14.56,242.5,13118,194.62,172.68,75.46,-53.52,291.84,13166,167.07,119.63,60.24,-12.8,226.46,13499,0.9729710249387344
194,174.8,119.48,51.48,3.84,242.8,15450,146.54,81.23,51.02,14.29,176.75,14359,125.0,35.71,43.99,45.3,116.72,14819,170.45,74.46,49.11,46.88,195.8,14349,177.61,110.03,52.65,14.93,234.99,14648,134.34,45.39,44.49,44.46,135.24,14677,0.9499676375404532
195,133.98,50.88,49.46,33.64,135.4,10853,132.71,57.22,53.9,21.59,136.03,10610,94.7,28.72,40.63,25.35,82.79,10281,145.55,43.17,42.03,60.35,146.69,10045,149.48,45.58,42.19,61.71,152.87,10653,100.16,27.39,38.88,33.89,88.67,10048,0.925826960287478
196,145.44,75.7,52.72,17.02,168.42,11145,171.57,95.27,52.97,23.33,213.87,10593,128.34,35.53,46.86,45.95,117.01,10445,172.46,83.57,44.29,44.6,211.74,10841,178.63,83.13,46.71,48.79,215.05,10827,137.91,46.57,41.78,49.56,142.7,10479,0.940242261103634
197,176.65,125.35,62.01,-10.71,239.99,10299,174.05,124.31,63.71,-13.97,234.65,10030,138.72,48.21,45.61,44.9,141.32,9591,188.89,118.84,64.57,5.48,243.16,9882,201.81,179.21,76.04,-53.44,304.98,9763,174.81,91.0,52.57,31.24,213.24,9902,0.9614525682105058
198,152.19,77.54,58.32,16.33,171.41,11391,170.2,151.56,73.43,-54.79,248.33,10792,169.75,84.25,56.54,28.96,197.46,10128,162.65,86.08,56.93,19.64,191.8,10463,170.49,101.62,61.7,7.17,210.41,10276,177.53,124.68,62.94,-10.09,239.27,10415,0.9143183214818716
199,184.64,153.94,66.49,-35.79,272.09,10294,129.93,49.32,46.86,33.75,132.39,10342,117.48,35.68,38.64,43.16,114.52,9635,153.76,75.95,47.59,30.22,182.12,9666,179.54,101.7,47.35,30.49,233.89,9749,140.72,50.39,43.12,47.21,147.99,9977,0.9692053623469984
