red, green, blue, H, S, V, r, rg, most_red, least_red, most_yellow
184.66,90.55,44.45,20.3,197.09,184.66,49.66,230.76,157.0,-208.0,368.0
143.38,32.91,46.23,143.37,202.06,143.38,64.24,130.06,154.0,-239.0,335.0
152.75,26.75,41.77,139.29,214.57,152.75,84.23,137.73,167.0,-248.0,300.0
172.13,36.68,50.8,127.34,204.74,172.13,84.65,158.01,171.0,-161.0,276.0
176.63,62.04,37.88,64.27,206.58,176.63,76.71,200.79,163.0,-139.0,374.0
156.53,41.7,39.84,96.92,203.99,156.53,74.99,158.39,159.0,-206.0,327.0
179.48,121.2,68.54,25.45,163.54,179.49,-10.26,232.14,144.0,-229.0,384.0
121.9,38.27,52.11,145.09,174.37,121.9,31.52,108.06,136.0,-232.0,326.0
122.79,30.66,44.09,151.3,192.65,122.79,48.04,109.36,127.0,-230.0,251.0
134.38,38.15,52.33,150.04,185.45,134.38,43.9,120.2,116.0,-237.0,275.0
178.12,81.32,59.62,55.94,175.4,178.12,37.18,199.82,154.0,-182.0,337.0
155.0,56.95,48.92,90.43,183.51,155.0,49.13,163.03,151.0,-179.0,375.0
179.2,102.23,54.85,42.73,179.33,179.2,22.12,226.58,128.0,-127.0,378.0
138.91,39.6,50.81,140.62,188.04,138.91,48.5,127.7,139.0,-243.0,331.0
114.85,24.44,44.07,152.54,200.31,114.85,46.34,95.22,124.0,-121.0,252.0
130.42,35.3,48.01,138.65,195.39,130.42,47.11,117.71,151.0,-203.0,313.0
183.52,73.65,42.29,19.11,198.22,183.52,67.58,214.88,155.0,-166.0,384.0
165.13,60.78,43.13,64.8,191.85,165.13,61.22,182.78,140.0,-137.0,338.0
189.01,172.43,74.9,24.55,156.5,189.83,-58.32,286.54,106.0,-236.0,384.0
157.56,66.77,64.77,90.27,159.84,157.56,26.02,159.56,171.0,-244.0,331.0
179.3,74.6,57.02,74.48,180.32,179.3,47.68,196.88,167.0,-237.0,360.0
174.0,81.99,55.53,39.37,175.16,174.01,36.48,200.46,172.0,-195.0,402.0
182.72,123.63,63.47,32.39,167.41,182.74,-4.38,242.88,140.0,-227.0,389.0
171.07,80.59,50.33,54.95,183.38,171.08,40.15,201.33,163.0,-233.0,361.0
158.74,93.24,63.79,58.17,160.74,158.74,1.71,188.19,133.0,-227.0,400.0
171.02,116.3,79.0,41.74,141.0,171.27,-24.28,208.32,130.0,-229.0,393.0
126.82,38.98,50.83,153.45,178.51,126.82,37.01,114.97,145.0,-231.0,263.0
181.23,121.61,65.7,19.96,164.48,181.25,-6.08,237.14,162.0,-162.0,381.0
176.97,129.8,69.92,27.53,154.47,176.99,-22.75,236.85,117.0,-197.0,385.0
130.84,43.93,56.3,141.08,175.83,130.84,30.61,118.47,144.0,-207.0,338.0
171.06,149.19,72.59,31.45,155.59,176.33,-50.72,247.66,141.0,-234.0,379.0
174.73,137.09,77.04,27.87,147.41,175.36,-39.4,234.78,90.0,-225.0,360.0
155.28,45.11,42.05,50.52,188.02,155.28,68.12,158.34,161.0,-152.0,327.0
172.47,151.14,76.68,23.84,150.81,176.04,-55.35,246.93,118.0,-185.0,369.0
185.71,179.64,86.99,27.05,138.7,187.66,-80.92,278.36,38.0,-180.0,379.0
174.33,103.88,62.0,44.0,168.18,174.33,8.45,216.21,134.0,-194.0,377.0
183.02,128.83,61.82,24.0,170.46,183.03,-7.63,250.03,168.0,-202.0,416.0
186.91,135.5,74.12,23.47,157.01,187.6,-22.71,248.29,117.0,-226.0,383.0
181.51,56.07,61.32,115.64,189.42,181.52,64.12,176.26,180.0,-238.0,362.0
195.24,109.71,66.17,24.71,169.9,195.24,19.36,238.78,182.0,-224.0,358.0
200.51,118.37,67.44,14.94,170.52,200.51,14.7,251.44,131.0,-180.0,345.0
192.49,92.73,54.51,14.32,184.27,192.49,45.25,230.71,150.0,-130.0,349.0
175.77,155.68,71.24,27.68,156.83,175.98,-51.15,260.21,106.0,-235.0,386.0
170.35,85.12,61.74,42.44,165.02,170.44,23.49,193.73,175.0,-162.0,363.0
162.32,49.81,49.76,89.25,186.07,162.32,62.75,162.37,161.0,-228.0,279.0
164.42,85.48,56.74,85.06,177.71,165.11,22.2,193.16,163.0,-227.0,395.0
182.26,152.6,67.48,23.09,164.92,182.82,-37.82,267.38,134.0,-203.0,384.0
188.97,160.03,83.08,21.37,149.46,189.01,-54.14,265.92,116.0,-222.0,378.0
192.83,158.27,75.03,23.38,159.68,192.86,-40.47,276.07,128.0,-200.0,397.0
182.83,159.75,85.47,25.84,138.9,184.54,-62.39,257.11,108.0,-234.0,369.0
190.91,77.09,58.49,29.89,178.15,190.91,55.33,209.51,171.0,-233.0,344.0
204.53,137.76,79.75,16.32,156.93,204.53,-12.98,262.54,158.0,-237.0,363.0
208.12,180.4,94.36,22.19,140.64,208.12,-66.64,294.16,95.0,-241.0,387.0
206.05,159.6,88.4,18.03,146.79,206.05,-41.95,277.25,61.0,-223.0,380.0
180.46,117.85,70.59,34.88,158.12,180.47,-7.98,227.72,120.0,-228.0,390.0
134.19,41.63,49.98,151.03,182.73,134.19,42.58,125.84,150.0,-245.0,302.0
144.79,39.49,50.21,136.7,187.55,144.79,55.09,134.07,153.0,-169.0,338.0
164.14,70.38,59.06,85.13,175.81,164.14,34.7,175.46,151.0,-233.0,354.0
170.16,93.0,56.47,53.59,175.84,170.16,20.69,206.69,152.0,-167.0,382.0
150.82,54.0,51.55,110.31,186.8,150.82,45.27,153.27,146.0,-160.0,365.0
187.37,183.74,84.76,28.16,144.91,191.0,-81.13,286.35,56.0,-242.0,368.0
166.64,87.42,59.78,29.29,172.53,166.8,19.44,194.28,157.0,-250.0,351.0
183.37,104.83,61.06,32.89,175.62,183.4,17.48,227.14,146.0,-205.0,386.0
188.19,162.07,92.41,23.52,138.6,191.21,-66.29,257.85,136.0,-246.0,343.0
189.92,168.72,85.31,23.52,145.97,190.17,-64.11,273.33,86.0,-246.0,367.0
186.07,135.46,75.7,21.64,157.51,186.08,-25.09,245.83,126.0,-217.0,356.0
186.26,125.5,66.57,17.23,165.48,186.39,-5.81,245.19,137.0,-221.0,393.0
179.44,130.52,69.35,23.56,159.42,180.33,-20.43,240.61,143.0,-242.0,385.0
162.92,42.98,49.77,129.98,193.23,162.92,70.17,156.13,161.0,-239.0,307.0
190.49,104.8,62.05,22.43,175.74,190.49,23.64,233.24,163.0,-154.0,353.0
195.18,136.55,66.23,16.03,169.65,195.19,-7.6,265.5,114.0,-219.0,392.0
186.91,97.03,56.53,21.64,177.71,186.91,33.35,227.41,119.0,-150.0,345.0
183.65,172.51,73.14,26.59,155.86,184.1,-62.0,283.02,64.0,-202.0,394.0
183.74,156.39,95.03,22.55,126.29,184.91,-67.68,245.1,75.0,-234.0,354.0
196.74,131.29,82.78,22.87,149.01,196.84,-17.33,245.25,143.0,-203.0,372.0
184.88,175.08,91.92,26.55,133.75,189.58,-82.12,268.04,104.0,-229.0,368.0
200.33,165.75,89.4,20.15,142.43,200.34,-54.82,276.68,42.0,-189.0,386.0
193.32,156.95,83.43,21.85,148.05,193.61,-47.06,266.84,93.0,-239.0,378.0
181.67,126.8,70.1,28.06,162.58,182.05,-15.23,238.37,155.0,-243.0,370.0
155.67,88.95,61.06,52.4,161.3,156.03,5.66,183.56,148.0,-238.0,376.0
141.46,42.32,45.83,118.03,188.58,141.46,53.31,137.95,149.0,-226.0,280.0
169.47,81.55,51.42,35.27,181.45,169.49,36.5,199.6,151.0,-206.0,376.0
181.1,143.15,71.59,20.93,160.92,183.21,-33.64,252.66,128.0,-234.0,364.0
179.54,124.82,62.23,28.04,170.13,179.54,-7.51,242.13,121.0,-232.0,390.0
187.96,93.48,64.35,61.09,176.97,187.96,30.13,217.09,161.0,-184.0,374.0
185.0,164.82,79.16,26.01,148.41,187.0,-58.98,270.66,94.0,-209.0,379.0
177.32,60.7,59.58,83.99,178.35,177.32,57.04,178.44,153.0,-122.0,375.0
190.84,103.02,60.46,29.59,174.67,190.86,27.36,233.4,174.0,-189.0,379.0
203.1,138.55,68.01,15.73,170.21,203.1,-3.46,273.64,133.0,-186.0,368.0
196.96,145.88,77.72,21.2,154.3,196.96,-26.64,265.12,97.0,-202.0,364.0
174.51,138.64,63.58,22.24,167.7,175.16,-27.71,249.57,118.0,-229.0,395.0
102.41,34.65,39.94,128.88,179.19,102.41,27.82,97.12,101.0,-194.0,298.0
126.07,33.41,41.9,135.82,192.23,126.07,50.76,117.58,134.0,-241.0,297.0
122.08,40.37,36.98,89.69,189.88,122.08,44.73,125.47,149.0,-240.0,297.0
141.19,70.26,44.74,39.26,180.44,141.19,26.19,166.71,120.0,-212.0,373.0
136.67,51.51,45.79,105.04,185.51,136.67,39.37,142.39,130.0,-242.0,344.0
174.0,129.56,73.01,22.7,154.67,174.13,-28.57,230.55,143.0,-240.0,369.0
168.95,133.12,70.42,23.56,152.63,170.83,-34.59,231.65,123.0,-241.0,375.0
174.5,72.7,54.62,40.05,178.54,174.5,47.18,192.58,149.0,-175.0,304.0
175.68,89.69,59.28,28.55,173.79,175.68,26.71,206.09,141.0,-165.0,365.0
179.92,100.24,64.25,15.86,165.42,179.92,15.43,215.91,136.0,-219.0,367.0
183.9,157.56,80.5,21.87,146.8,184.88,-54.16,260.96,100.0,-193.0,374.0
184.67,166.6,75.44,30.8,154.84,186.47,-57.37,275.83,123.0,-246.0,386.0
180.34,110.98,63.41,33.2,167.25,180.52,5.95,227.91,138.0,-245.0,377.0
155.14,44.57,55.71,132.26,187.07,155.14,54.86,144.0,166.0,-245.0,279.0
168.75,85.59,55.17,45.15,176.63,168.89,27.99,199.17,171.0,-241.0,379.0
187.82,116.72,56.97,14.2,179.29,187.82,14.13,247.57,152.0,-233.0,433.0
196.82,156.02,77.53,19.46,156.44,196.86,-36.73,275.31,117.0,-206.0,395.0
180.02,133.34,67.6,25.06,166.08,180.2,-20.92,245.76,142.0,-242.0,382.0
167.22,81.27,64.05,52.03,165.18,167.22,21.9,184.44,150.0,-246.0,332.0
146.27,32.86,43.31,141.19,198.2,146.27,70.1,135.82,174.0,-240.0,253.0
168.15,88.93,57.49,49.93,175.75,168.15,21.73,199.59,154.0,-226.0,356.0
192.84,162.89,83.53,22.19,148.03,193.36,-53.58,272.2,94.0,-225.0,362.0
183.87,134.15,69.06,21.57,162.98,183.87,-19.34,248.96,117.0,-201.0,375.0
180.41,145.25,79.91,24.89,146.32,181.29,-44.75,245.75,129.0,-216.0,369.0
166.59,102.76,59.81,24.45,167.03,166.91,4.02,209.54,133.0,-246.0,379.0
164.28,64.44,42.94,15.33,189.88,164.28,56.9,185.78,157.0,-196.0,348.0
181.14,138.62,67.67,19.71,162.73,181.79,-25.15,252.09,136.0,-210.0,388.0
184.02,175.92,76.68,26.82,149.22,185.86,-68.58,283.26,62.0,-206.0,402.0
179.35,148.63,75.34,28.96,149.55,179.69,-44.62,252.64,96.0,-206.0,378.0
187.32,157.57,82.94,21.3,146.02,187.89,-53.19,261.95,102.0,-212.0,380.0
170.85,79.36,72.11,56.42,153.53,170.85,19.38,178.1,159.0,-248.0,305.0
153.29,48.84,46.66,90.16,189.82,153.29,57.79,155.47,173.0,-193.0,323.0
175.27,98.55,68.42,50.37,161.11,175.49,8.3,205.4,169.0,-247.0,346.0
189.31,159.45,93.99,28.55,130.74,189.47,-64.13,254.77,112.0,-225.0,357.0
193.46,148.31,88.82,26.11,137.84,193.46,-43.67,252.95,93.0,-241.0,370.0
179.48,184.08,78.62,30.69,151.11,186.19,-83.22,284.94,30.0,-252.0,373.0
177.93,180.42,84.39,29.39,139.82,184.61,-86.88,273.96,44.0,-244.0,364.0
187.89,149.27,78.6,20.03,149.75,189.18,-39.98,258.56,72.0,-229.0,376.0
192.17,178.36,103.25,25.53,125.29,194.9,-89.44,267.28,71.0,-242.0,363.0
189.68,189.31,100.4,29.61,127.89,196.9,-100.03,278.59,64.0,-224.0,359.0
177.12,185.78,76.41,31.52,152.36,186.76,-85.07,286.49,19.0,-204.0,373.0
180.93,136.13,75.56,26.74,152.96,181.26,-30.76,241.5,134.0,-243.0,375.0
177.12,170.85,84.48,26.24,136.35,181.06,-78.21,263.49,37.0,-209.0,366.0
183.44,131.53,76.55,24.61,152.16,183.7,-24.64,238.42,151.0,-172.0,361.0
190.36,143.53,81.85,19.19,146.79,190.36,-35.02,252.04,148.0,-198.0,357.0
195.86,165.69,88.36,21.36,141.2,195.86,-58.19,273.19,78.0,-167.0,380.0
193.28,167.86,89.07,22.97,138.72,193.31,-63.65,272.07,81.0,-190.0,366.0
162.21,105.98,60.27,19.8,168.28,162.22,-4.04,207.92,130.0,-246.0,355.0
170.79,121.95,74.79,29.06,150.04,171.06,-25.95,217.95,124.0,-236.0,362.0
155.85,67.61,51.04,37.15,178.71,155.85,37.2,172.42,147.0,-210.0,360.0
174.61,93.56,61.83,11.66,165.71,174.61,19.22,206.34,138.0,-191.0,333.0
189.07,159.92,86.35,20.57,142.91,189.08,-57.2,262.64,95.0,-189.0,387.0
179.35,108.65,68.44,38.9,163.65,179.35,2.26,219.56,122.0,-200.0,355.0
147.66,66.35,51.37,65.8,178.64,147.66,29.94,162.64,146.0,-249.0,367.0
172.08,108.35,75.42,39.65,148.12,172.38,-11.69,205.01,122.0,-249.0,350.0
125.04,30.98,43.65,158.93,192.04,125.04,50.41,112.37,118.0,-214.0,248.0
169.24,62.35,53.14,41.19,176.17,169.24,53.75,178.45,144.0,-171.0,296.0
178.43,95.19,61.39,15.73,167.46,178.43,21.85,212.23,129.0,-200.0,342.0
145.75,54.33,50.16,82.65,175.62,145.75,41.26,149.92,117.0,-234.0,312.0
165.21,115.6,57.2,21.42,176.2,165.63,-7.59,223.61,159.0,-228.0,385.0
165.31,128.13,61.89,18.75,170.06,166.54,-24.71,231.55,91.0,-234.0,372.0
155.77,58.0,39.4,41.17,195.47,155.77,58.37,174.37,145.0,-245.0,328.0
176.21,101.12,54.01,15.92,182.74,176.77,21.08,223.32,149.0,-192.0,387.0
171.53,96.83,49.02,20.99,189.78,171.53,25.68,219.34,127.0,-205.0,359.0
150.42,67.2,39.58,10.83,192.79,150.42,43.64,178.04,139.0,-242.0,331.0
176.76,105.8,66.12,35.73,164.37,176.76,4.84,216.44,133.0,-220.0,390.0
156.13,73.87,64.86,76.6,161.47,156.16,17.4,165.14,134.0,-201.0,344.0
116.82,32.13,49.01,156.16,186.94,116.82,35.68,99.94,97.0,-246.0,262.0
170.39,58.67,54.98,89.82,181.41,170.39,56.74,174.08,144.0,-249.0,320.0
178.89,98.11,57.83,29.35,174.82,178.89,22.95,219.17,139.0,-168.0,374.0
127.13,35.54,48.01,133.41,185.6,127.13,43.58,114.66,145.0,-232.0,285.0
151.71,71.91,55.56,71.58,173.32,151.71,24.24,168.06,158.0,-248.0,346.0
167.49,130.02,71.87,34.18,150.84,168.83,-34.4,225.64,111.0,-222.0,372.0
157.67,52.59,48.67,73.67,182.79,157.67,56.41,161.59,174.0,-237.0,304.0
165.07,69.01,52.63,60.08,181.55,165.07,43.43,181.45,150.0,-228.0,391.0
158.79,41.81,46.79,123.17,192.91,158.79,70.19,153.81,170.0,-191.0,299.0
164.51,82.11,54.71,36.16,171.55,164.51,27.69,191.91,133.0,-180.0,340.0
168.67,132.51,68.35,19.06,158.96,170.05,-32.19,232.83,124.0,-244.0,372.0
165.53,89.52,59.55,17.47,169.47,165.68,16.46,195.5,148.0,-250.0,354.0
158.57,60.16,41.09,23.72,191.14,158.57,57.32,177.64,144.0,-217.0,342.0
184.73,105.74,63.02,14.34,171.25,184.73,15.97,227.45,135.0,-149.0,359.0
190.29,155.3,82.86,19.65,148.34,190.29,-47.87,262.73,94.0,-225.0,357.0
182.06,111.88,64.51,16.89,169.63,182.06,5.67,229.43,124.0,-172.0,350.0
155.96,97.16,57.85,17.51,166.99,155.97,0.95,195.27,129.0,-244.0,365.0
159.25,122.18,70.07,22.33,149.06,160.11,-33.0,211.36,127.0,-246.0,363.0
132.9,49.25,45.13,57.49,177.24,132.9,38.52,137.02,128.0,-233.0,301.0
142.95,81.3,53.43,15.03,165.24,142.95,8.22,170.82,113.0,-239.0,346.0
173.19,160.29,73.05,24.69,149.74,173.83,-60.15,260.43,63.0,-206.0,384.0
170.97,136.23,65.19,28.69,161.38,171.04,-30.45,242.01,111.0,-189.0,384.0
178.01,85.37,53.92,44.0,182.54,178.01,38.72,209.46,157.0,-244.0,366.0
153.59,51.62,59.23,122.05,175.96,153.6,42.74,145.98,166.0,-228.0,356.0
117.62,34.04,52.18,158.34,181.47,117.62,31.4,99.48,139.0,-203.0,253.0
176.16,64.35,48.97,43.56,186.89,176.16,62.84,191.54,181.0,-247.0,341.0
184.8,76.94,48.47,40.46,190.28,184.8,59.39,213.27,158.0,-166.0,358.0
137.97,39.73,53.52,138.88,184.5,137.98,44.72,124.18,169.0,-241.0,277.0
179.94,140.65,75.65,19.55,153.88,181.88,-36.36,244.94,134.0,-239.0,379.0
171.49,155.76,78.12,23.87,144.73,174.81,-62.39,249.13,71.0,-225.0,370.0
185.12,130.53,72.42,16.04,157.33,185.22,-17.83,243.23,116.0,-242.0,369.0
185.86,173.04,80.18,25.88,149.21,188.78,-67.36,278.72,80.0,-245.0,366.0
180.56,157.7,76.36,22.71,152.01,181.29,-53.5,261.9,101.0,-234.0,370.0
188.05,126.64,69.78,14.79,163.96,188.05,-8.37,244.91,101.0,-228.0,375.0
176.92,146.58,68.22,21.29,162.46,177.65,-37.88,255.28,103.0,-218.0,389.0
156.01,66.77,52.06,51.79,178.07,156.03,37.18,170.72,153.0,-247.0,321.0
167.54,77.31,47.52,32.93,185.72,167.54,42.71,197.33,165.0,-242.0,359.0
174.98,109.64,60.74,13.15,169.35,174.98,4.6,223.88,132.0,-208.0,364.0
178.1,113.65,65.23,29.72,166.86,178.1,-0.78,226.52,139.0,-196.0,351.0
163.53,78.48,49.95,58.27,187.19,163.53,35.1,192.06,152.0,-223.0,357.0
171.9,141.41,75.73,24.81,147.51,173.09,-45.24,237.58,108.0,-234.0,374.0
151.02,73.69,73.96,106.79,142.91,151.03,3.37,150.75,145.0,-207.0,316.0
160.22,62.56,53.26,80.78,178.54,160.22,44.4,169.52,147.0,-198.0,320.0
179.79,127.29,72.49,21.49,156.0,180.51,-19.99,234.59,139.0,-214.0,383.0
172.19,114.46,80.57,49.42,143.39,172.37,-22.84,206.08,137.0,-235.0,374.0
146.7,52.64,55.74,120.25,171.8,146.7,38.32,143.6,151.0,-203.0,301.0
177.83,135.43,83.33,48.86,141.93,178.96,-40.93,229.93,129.0,-242.0,368.0
151.99,65.86,71.17,124.6,154.76,151.99,14.96,146.68,162.0,-208.0,317.0
115.3,34.83,47.33,147.7,181.96,115.3,33.14,102.8,141.0,-246.0,310.0
170.43,98.28,74.34,76.81,158.58,170.97,-2.19,194.37,146.0,-191.0,344.0
192.26,150.85,91.55,33.89,136.31,192.26,-50.14,251.56,88.0,-237.0,371.0
123.31,42.32,54.82,150.76,171.6,123.31,26.17,110.81,123.0,-228.0,292.0
204.79,169.15,83.49,21.38,152.63,204.79,-47.85,290.45,98.0,-187.0,402.0
159.95,58.19,62.12,116.57,176.35,159.95,39.64,156.02,154.0,-249.0,331.0
177.87,109.74,64.8,51.67,168.79,177.88,3.33,222.81,198.0,-219.0,393.0
200.68,116.27,65.93,26.49,172.9,200.68,18.48,251.02,157.0,-181.0,359.0
192.57,93.69,63.55,49.84,176.9,192.57,35.33,222.71,181.0,-172.0,371.0
178.57,102.91,65.69,70.59,172.82,178.57,9.97,215.79,181.0,-230.0,403.0
180.72,109.73,62.73,31.71,169.42,180.72,8.26,227.72,149.0,-248.0,405.0
174.99,79.79,64.04,67.21,169.88,175.02,31.16,190.74,152.0,-188.0,368.0
144.47,42.51,58.76,153.89,182.61,144.47,43.2,128.22,147.0,-233.0,315.0
197.49,106.33,65.6,25.35,171.29,197.49,25.56,238.22,166.0,-176.0,362.0
194.43,123.83,58.94,19.54,178.12,194.43,11.66,259.32,134.0,-179.0,374.0
159.73,48.22,48.38,103.65,194.67,159.73,63.13,159.57,180.0,-243.0,357.0
187.69,112.13,59.57,12.99,178.86,187.7,15.99,240.25,152.0,-220.0,374.0
151.31,78.44,44.76,52.74,185.73,151.46,28.11,184.99,143.0,-219.0,340.0
120.52,30.87,32.66,112.7,202.75,120.52,56.99,118.73,149.0,-211.0,326.0
131.83,40.09,42.63,118.92,196.0,131.83,49.11,129.29,126.0,-227.0,336.0
180.75,138.39,67.86,18.62,167.24,182.75,-25.5,251.28,121.0,-245.0,362.0
178.32,70.37,44.31,28.02,195.19,178.34,63.64,204.38,148.0,-110.0,328.0
175.53,147.53,53.87,25.87,178.79,176.95,-25.87,269.19,140.0,-244.0,418.0
182.14,120.11,75.28,27.26,154.48,182.23,-13.25,226.97,161.0,-224.0,372.0
162.98,51.14,50.15,105.08,192.14,162.98,61.69,163.97,160.0,-246.0,357.0
179.5,149.5,60.56,24.1,172.37,180.53,-30.56,268.44,132.0,-232.0,405.0
184.48,168.08,70.32,24.02,157.7,185.06,-53.92,282.24,54.0,-215.0,407.0
163.25,86.14,52.34,72.73,179.56,163.25,24.77,197.05,149.0,-153.0,399.0
173.33,153.19,70.28,23.6,157.45,174.42,-50.14,256.24,109.0,-203.0,378.0
171.41,146.1,77.91,26.43,148.79,173.21,-52.6,239.6,106.0,-216.0,356.0
154.76,61.32,43.79,30.7,187.94,154.76,49.65,172.29,140.0,-235.0,311.0
188.74,167.72,91.91,24.97,137.65,193.2,-70.89,264.55,121.0,-198.0,353.0
189.02,182.36,92.9,27.08,134.25,190.25,-86.24,278.48,48.0,-175.0,368.0
162.19,103.26,61.02,37.94,166.38,162.19,-2.09,204.43,125.0,-190.0,357.0
172.26,132.94,57.21,18.3,174.52,172.26,-17.89,247.99,92.0,-224.0,395.0
123.0,39.49,50.31,143.84,181.97,123.0,33.2,112.18,138.0,-240.0,355.0
140.43,49.78,43.28,87.8,189.83,140.43,47.37,146.93,133.0,-240.0,302.0
142.35,56.58,43.14,91.61,192.32,142.35,42.63,155.79,117.0,-229.0,364.0
149.67,45.11,43.22,88.24,194.84,149.67,61.34,151.56,162.0,-202.0,291.0
141.48,42.4,38.51,88.59,196.65,141.48,60.57,145.37,145.0,-225.0,309.0
197.82,156.26,61.77,21.09,177.83,197.82,-20.21,292.31,113.0,-210.0,394.0
127.73,41.56,54.19,143.56,177.5,127.73,31.98,115.1,130.0,-252.0,361.0
146.24,51.34,55.08,118.19,181.77,146.24,39.82,142.5,152.0,-196.0,326.0
184.93,118.01,49.24,26.87,189.51,184.93,17.68,253.7,149.0,-112.0,413.0
189.11,77.48,54.92,55.3,185.08,189.11,56.71,211.67,163.0,-181.0,389.0
151.76,58.76,48.06,98.3,188.52,151.76,44.94,162.46,166.0,-216.0,362.0
176.17,113.37,54.85,15.53,181.0,176.17,7.95,234.69,152.0,-239.0,390.0
165.18,89.76,66.01,39.46,162.48,165.23,9.41,188.93,167.0,-245.0,372.0
141.97,33.05,41.76,141.5,198.49,141.97,67.16,133.26,154.0,-246.0,275.0
181.03,106.03,62.8,17.78,171.3,181.03,12.2,224.26,155.0,-197.0,363.0
181.06,78.27,49.45,23.47,185.53,181.06,53.34,209.88,153.0,-160.0,336.0
152.9,39.88,43.56,110.28,197.14,152.9,69.46,149.22,170.0,-249.0,291.0
135.5,48.49,43.99,104.64,190.71,135.5,43.02,140.0,148.0,-250.0,339.0
171.05,104.77,57.83,14.39,175.73,171.25,8.45,217.99,142.0,-246.0,361.0
143.07,31.24,30.29,63.85,206.44,143.07,81.54,144.02,156.0,-169.0,272.0
166.02,61.72,40.12,24.63,199.31,166.02,64.18,187.62,158.0,-208.0,333.0
167.73,68.1,40.76,34.79,196.37,167.73,58.87,195.07,153.0,-222.0,341.0
144.2,32.71,28.51,47.88,209.0,144.2,82.98,148.4,182.0,-251.0,279.0
183.9,133.91,62.76,22.91,173.59,183.9,-12.77,255.05,145.0,-238.0,390.0
182.94,154.65,68.83,21.76,163.93,183.71,-40.54,268.76,86.0,-247.0,387.0
185.11,106.67,51.36,16.83,186.87,185.11,27.08,240.42,133.0,-244.0,365.0
191.51,153.8,70.24,21.5,166.31,192.0,-32.53,275.07,128.0,-208.0,375.0
196.66,149.19,68.53,18.55,168.7,196.66,-21.06,277.32,98.0,-230.0,385.0
189.86,113.99,54.65,13.31,185.51,189.86,21.22,249.2,137.0,-215.0,353.0
150.16,65.26,51.24,47.78,178.36,150.16,33.66,164.18,149.0,-250.0,304.0
169.07,149.94,68.87,23.0,158.81,171.27,-49.74,250.14,88.0,-238.0,372.0
139.85,43.94,40.93,63.24,186.59,139.85,54.98,142.86,156.0,-236.0,295.0
160.68,76.81,45.0,10.08,187.31,160.68,38.87,192.49,137.0,-249.0,334.0
172.22,119.11,61.75,15.74,169.49,172.22,-8.64,229.58,100.0,-187.0,372.0
163.79,69.09,52.06,56.04,179.17,163.79,42.64,180.82,143.0,-201.0,313.0
189.73,176.8,74.98,25.76,159.68,189.8,-62.05,291.55,58.0,-181.0,388.0
138.74,65.0,47.86,46.05,175.17,138.75,25.88,155.88,126.0,-246.0,307.0
147.24,83.92,44.14,39.3,187.76,147.25,19.18,187.02,143.0,-189.0,379.0
178.45,98.71,58.86,30.88,177.63,178.45,20.88,218.3,153.0,-144.0,374.0
185.81,147.5,73.95,19.08,161.11,185.81,-35.64,259.36,109.0,-175.0,374.0
149.85,86.87,44.77,19.18,184.03,149.85,18.21,191.95,114.0,-230.0,348.0
158.04,82.83,41.18,38.43,192.08,158.04,34.03,199.69,144.0,-249.0,379.0
121.08,39.82,37.69,80.45,191.11,121.08,43.57,123.21,152.0,-245.0,319.0
109.76,22.73,29.69,118.15,208.02,109.76,57.34,102.8,141.0,-247.0,262.0
109.38,24.35,34.06,136.32,203.99,109.38,50.97,99.67,111.0,-250.0,258.0
163.29,85.59,37.14,14.9,200.7,163.29,40.56,211.74,143.0,-242.0,378.0
125.98,33.68,31.15,102.14,207.63,125.98,61.15,128.51,140.0,-249.0,315.0
184.2,126.79,58.17,30.93,180.44,184.2,-0.76,252.82,141.0,-230.0,397.0
169.61,101.51,66.68,60.96,168.92,169.68,1.42,204.44,160.0,-238.0,383.0
138.11,36.1,47.17,136.78,194.43,138.11,54.84,127.04,144.0,-158.0,264.0
197.5,131.75,68.84,24.43,171.01,197.5,-3.09,260.41,163.0,-147.0,372.0
200.55,165.1,69.48,21.27,168.34,200.55,-34.03,296.17,75.0,-166.0,404.0
163.47,81.73,46.93,55.38,188.22,163.47,34.81,198.27,157.0,-202.0,361.0
167.32,100.03,53.18,20.49,179.62,167.32,14.11,214.17,143.0,-247.0,376.0
174.57,115.93,63.04,14.85,167.72,174.77,-4.4,227.46,144.0,-185.0,373.0
150.95,36.96,37.91,92.29,199.55,150.95,76.08,150.0,158.0,-249.0,277.0
175.06,68.54,48.98,42.87,187.93,175.06,57.54,194.62,154.0,-234.0,367.0
191.48,114.02,61.66,12.39,173.25,191.48,15.8,243.84,141.0,-214.0,354.0
173.86,71.05,48.09,61.15,190.0,173.86,54.72,196.82,154.0,-200.0,333.0
174.21,102.35,47.94,37.94,185.25,174.21,23.92,228.62,131.0,-248.0,407.0
151.0,59.26,54.12,86.11,174.67,151.0,37.62,156.14,148.0,-236.0,368.0
109.4,39.55,52.87,149.24,171.96,109.4,16.98,96.08,126.0,-229.0,312.0
162.95,58.37,50.68,78.89,184.61,162.95,53.9,170.64,140.0,-248.0,358.0
194.54,100.58,45.71,12.09,195.36,194.54,48.25,249.41,160.0,-243.0,381.0
149.31,59.09,48.41,94.13,182.1,149.31,41.81,159.99,165.0,-242.0,369.0
182.96,175.78,73.46,27.41,156.01,184.66,-66.28,285.28,46.0,-223.0,390.0
169.77,103.69,67.64,28.68,159.16,169.84,-1.56,205.82,138.0,-235.0,349.0
178.35,106.14,58.17,18.79,174.48,178.4,14.04,226.32,141.0,-207.0,403.0
189.38,148.52,74.85,19.68,158.08,189.43,-33.99,263.05,124.0,-206.0,368.0
181.78,167.91,70.35,25.12,158.18,182.02,-56.48,279.34,58.0,-186.0,378.0
183.69,120.93,64.92,46.56,166.33,183.78,-2.16,239.7,134.0,-194.0,408.0
168.33,89.06,46.83,30.68,188.15,168.33,32.44,210.56,139.0,-232.0,381.0
145.85,40.78,45.82,111.9,194.65,145.85,59.25,140.81,181.0,-249.0,300.0
136.28,42.59,42.67,111.9,194.88,136.28,51.02,136.2,133.0,-208.0,340.0
175.81,69.1,37.2,7.78,202.16,175.81,69.51,207.71,165.0,-244.0,368.0
171.8,65.92,39.01,57.22,201.37,171.8,66.87,198.71,166.0,-221.0,361.0
125.97,33.52,40.9,126.38,199.81,125.97,51.55,118.59,135.0,-249.0,334.0
165.36,121.35,61.99,18.25,163.62,165.36,-17.98,224.72,102.0,-248.0,405.0
125.13,56.7,48.48,38.47,167.13,125.14,19.95,133.35,137.0,-247.0,312.0
144.67,60.48,52.98,47.45,170.65,144.67,31.21,152.17,121.0,-202.0,326.0
162.02,72.52,51.67,21.83,176.04,162.03,37.83,182.87,137.0,-251.0,326.0
161.44,103.8,49.89,33.62,179.53,161.49,7.75,215.35,127.0,-197.0,409.0
136.67,59.11,47.24,34.28,173.54,136.67,30.32,148.54,112.0,-194.0,312.0
165.77,142.44,67.76,21.85,155.45,167.15,-44.43,240.45,93.0,-225.0,384.0
170.77,155.66,67.21,24.17,159.7,174.44,-52.1,259.22,81.0,-243.0,374.0
159.77,100.44,53.07,14.32,170.19,159.77,6.26,207.14,129.0,-240.0,342.0
172.27,134.52,67.57,19.06,157.16,172.77,-29.82,239.22,96.0,-235.0,393.0
178.67,150.75,70.71,22.05,159.47,178.96,-42.79,258.71,83.0,-247.0,366.0
174.75,104.14,59.83,15.66,168.89,174.75,10.78,219.06,129.0,-220.0,379.0
178.34,158.34,68.37,24.41,162.27,180.53,-48.37,268.31,121.0,-242.0,377.0
184.78,161.88,84.93,22.38,141.34,185.91,-62.03,261.73,68.0,-246.0,352.0
188.45,106.81,61.6,12.18,170.79,188.45,20.04,233.66,111.0,-180.0,367.0
192.92,169.81,82.91,23.19,148.55,193.06,-59.8,279.82,79.0,-219.0,378.0
185.8,180.47,75.93,27.74,153.16,188.64,-70.6,290.34,31.0,-203.0,380.0
193.58,163.62,80.64,21.56,150.07,193.59,-50.68,276.56,44.0,-229.0,371.0
184.38,170.17,82.15,25.29,146.75,185.84,-67.94,272.4,80.0,-236.0,362.0
164.89,119.45,69.01,19.31,157.44,165.4,-23.57,215.33,136.0,-241.0,361.0
154.24,63.71,48.73,42.47,178.2,154.24,41.8,169.22,132.0,-236.0,313.0
185.75,142.49,75.25,18.67,157.01,186.17,-31.99,252.99,111.0,-229.0,368.0
186.66,182.3,79.0,27.94,150.77,187.9,-74.64,289.96,46.0,-182.0,371.0
166.28,105.76,59.12,39.89,171.47,166.3,1.4,212.92,124.0,-245.0,382.0
179.84,140.94,63.54,19.68,167.83,179.91,-24.64,257.24,138.0,-193.0,388.0
190.26,154.38,77.13,20.23,154.63,191.03,-41.25,267.51,122.0,-200.0,380.0
190.35,104.45,60.22,29.9,176.95,190.35,25.68,234.58,149.0,-211.0,381.0
192.64,155.17,70.67,20.64,163.42,192.94,-33.2,277.14,114.0,-221.0,393.0
192.89,166.2,76.23,22.85,154.88,193.0,-49.54,282.86,59.0,-214.0,383.0
183.84,126.31,59.46,34.26,175.51,183.84,-1.93,250.69,124.0,-239.0,410.0
174.45,164.27,64.65,26.14,167.18,177.67,-54.47,274.07,80.0,-245.0,374.0
172.97,144.41,71.54,21.5,156.56,174.66,-42.98,245.84,115.0,-236.0,363.0
162.88,68.8,41.27,8.36,191.08,162.88,52.81,190.41,138.0,-243.0,325.0
182.01,136.25,66.14,19.1,167.12,182.67,-20.38,252.12,140.0,-232.0,385.0
185.13,185.93,79.54,29.56,150.42,188.79,-80.34,291.52,36.0,-194.0,368.0
170.99,105.12,51.67,17.53,180.83,171.0,14.2,224.44,124.0,-245.0,391.0
181.19,163.5,56.02,24.66,178.53,181.41,-38.33,288.67,103.0,-231.0,406.0
171.26,108.62,60.53,22.86,170.13,171.33,2.11,219.35,146.0,-246.0,356.0
164.66,71.35,47.85,65.58,189.8,164.66,45.46,188.16,135.0,-153.0,394.0
175.05,131.64,53.72,26.23,182.14,175.05,-10.31,252.97,143.0,-186.0,411.0
189.7,168.37,63.76,24.2,170.46,190.14,-42.43,294.31,66.0,-200.0,399.0
180.42,135.59,55.33,21.25,178.44,180.43,-10.5,260.68,112.0,-242.0,426.0
189.06,167.05,77.02,24.87,156.86,190.59,-55.01,279.09,108.0,-220.0,379.0
154.87,87.34,57.65,30.18,166.29,154.96,9.88,184.56,139.0,-242.0,343.0
158.51,65.81,59.73,110.13,172.21,158.51,32.97,164.59,148.0,-219.0,380.0
151.37,71.61,47.2,64.43,185.58,151.38,32.56,175.78,132.0,-212.0,405.0
186.5,118.87,58.82,14.13,176.9,186.5,8.81,246.55,123.0,-177.0,384.0
189.05,119.44,69.4,41.09,163.63,189.05,0.21,239.09,144.0,-214.0,378.0
182.75,166.8,77.59,25.24,150.78,184.74,-61.64,271.96,91.0,-234.0,383.0
166.4,139.87,74.73,20.11,144.28,167.91,-48.2,231.54,72.0,-241.0,358.0
176.74,109.75,62.89,12.86,162.74,176.92,4.1,223.6,109.0,-245.0,345.0
182.42,146.17,74.71,19.79,151.98,182.63,-38.46,253.88,81.0,-199.0,369.0
177.49,150.33,71.78,21.66,153.05,178.12,-44.62,256.04,61.0,-239.0,387.0
172.14,138.22,68.25,20.06,156.3,172.55,-34.33,242.11,89.0,-222.0,379.0
172.54,131.48,63.23,18.83,165.21,172.74,-22.17,240.79,104.0,-245.0,366.0
162.81,143.37,58.52,23.37,167.25,165.41,-39.08,247.66,81.0,-238.0,377.0
166.68,91.73,51.23,12.06,175.76,166.68,23.72,207.18,125.0,-247.0,326.0
167.13,134.74,52.99,20.94,177.54,167.22,-20.6,248.88,95.0,-242.0,392.0
177.4,157.88,57.78,24.57,173.01,177.7,-38.26,277.5,92.0,-239.0,394.0
174.66,143.3,62.48,21.63,163.96,174.67,-31.12,255.48,81.0,-214.0,400.0
180.53,163.72,67.94,24.62,162.63,180.63,-51.13,276.31,88.0,-211.0,391.0
162.48,109.97,63.85,14.0,163.19,162.71,-11.34,208.6,102.0,-245.0,349.0
159.94,78.24,49.78,11.69,177.75,159.94,31.92,188.4,123.0,-245.0,306.0
176.46,136.93,61.02,19.23,171.32,176.52,-21.49,252.37,98.0,-188.0,402.0
190.41,166.91,70.64,23.26,163.04,190.43,-47.14,286.68,57.0,-242.0,390.0
186.66,146.06,76.44,20.85,154.7,186.66,-35.84,256.28,86.0,-207.0,371.0
184.37,183.01,75.48,28.73,155.32,187.89,-74.12,291.9,62.0,-217.0,369.0
162.77,105.04,63.02,22.77,160.44,162.89,-5.29,204.79,136.0,-232.0,370.0
159.46,72.36,48.36,50.52,184.08,159.52,38.74,183.46,143.0,-185.0,401.0
186.8,164.83,77.31,24.04,154.67,189.01,-55.34,274.32,112.0,-177.0,369.0
182.29,161.38,76.19,23.15,152.17,182.56,-55.28,267.48,76.0,-204.0,376.0
156.79,90.43,52.21,37.3,177.33,156.79,14.15,195.01,126.0,-245.0,388.0
186.2,175.88,80.08,25.92,150.18,186.56,-69.76,282.0,103.0,-220.0,376.0
158.39,110.68,57.22,32.13,168.7,158.95,-9.51,211.85,138.0,-247.0,354.0
152.48,52.19,44.4,98.61,192.57,152.49,55.89,160.27,150.0,-249.0,374.0
188.81,164.41,79.03,23.16,151.4,189.51,-54.63,274.19,91.0,-226.0,373.0
189.72,167.11,78.85,23.28,153.04,189.98,-56.24,277.98,79.0,-214.0,378.0
162.73,75.94,50.22,72.37,187.37,162.73,36.57,188.45,154.0,-206.0,371.0
175.56,137.03,55.89,33.78,175.84,175.98,-17.36,256.7,152.0,-227.0,402.0
174.43,105.33,59.04,32.18,174.25,174.58,10.06,220.72,164.0,-241.0,385.0
143.76,49.51,57.22,141.54,182.43,143.76,37.03,136.05,147.0,-207.0,415.0
175.09,70.08,55.34,68.76,181.74,175.09,49.67,189.83,145.0,-250.0,334.0
199.78,127.89,53.79,15.09,187.38,199.78,18.1,273.88,130.0,-212.0,371.0
178.46,76.95,49.21,73.81,190.43,178.46,52.3,206.2,186.0,-241.0,400.0
192.24,162.16,61.12,22.58,177.1,192.25,-31.04,293.28,114.0,-245.0,402.0
175.74,106.46,51.54,16.89,182.79,176.06,17.74,230.66,154.0,-248.0,384.0
191.43,121.5,51.39,15.16,188.44,191.43,18.54,261.54,137.0,-198.0,374.0
183.65,119.22,44.04,15.62,195.95,183.65,20.39,258.83,126.0,-244.0,401.0
194.11,143.21,59.37,18.47,179.73,194.11,-8.47,277.95,135.0,-228.0,393.0
195.36,127.07,56.3,15.18,181.16,195.36,11.99,266.13,118.0,-239.0,364.0
178.59,168.24,82.95,25.91,143.08,182.08,-72.6,263.88,89.0,-223.0,364.0
176.19,164.32,84.6,25.85,137.75,179.8,-72.73,255.91,48.0,-245.0,347.0
183.26,150.11,80.07,20.44,145.85,183.32,-46.92,253.3,119.0,-201.0,379.0
186.33,169.2,86.16,24.77,139.57,187.14,-69.03,269.37,64.0,-209.0,363.0
182.3,172.27,83.47,26.19,140.02,183.62,-73.44,271.1,47.0,-194.0,366.0
185.53,166.72,89.58,23.48,134.59,186.39,-70.77,262.67,53.0,-202.0,360.0
164.48,129.6,67.57,19.05,158.3,165.1,-32.69,226.51,98.0,-241.0,359.0
148.84,87.49,59.36,18.59,162.23,148.87,1.99,176.97,121.0,-229.0,324.0
132.26,40.9,38.38,69.03,189.74,132.26,52.98,134.78,119.0,-179.0,279.0
168.05,135.15,66.23,22.87,162.53,170.17,-33.33,236.97,112.0,-208.0,363.0
170.51,166.31,68.96,27.16,158.11,174.55,-64.76,267.86,42.0,-244.0,367.0
146.11,73.49,45.39,26.19,177.54,146.11,27.23,174.21,110.0,-246.0,322.0
169.74,159.27,78.09,25.87,149.45,175.41,-67.62,250.92,108.0,-222.0,351.0
165.66,154.97,75.29,25.79,148.44,170.57,-64.6,245.34,87.0,-245.0,367.0
162.9,93.02,59.38,10.77,164.77,162.9,10.5,196.54,108.0,-187.0,321.0
170.13,167.95,80.79,28.4,145.54,177.55,-78.61,257.29,75.0,-209.0,353.0
180.86,184.97,94.95,30.59,130.81,185.99,-99.06,270.88,19.0,-245.0,347.0
173.87,151.15,79.23,21.99,146.88,175.49,-56.51,245.79,86.0,-199.0,350.0
163.63,125.63,64.47,18.59,164.5,163.71,-26.47,224.79,138.0,-250.0,350.0
161.89,147.71,63.59,24.9,167.25,168.51,-49.41,246.01,107.0,-250.0,354.0
153.38,84.98,42.85,11.75,190.62,153.44,25.55,195.51,134.0,-246.0,375.0
165.87,139.64,61.83,22.39,169.1,167.28,-35.6,243.68,118.0,-248.0,361.0
178.84,178.52,71.12,29.2,161.12,184.34,-70.8,286.24,34.0,-240.0,367.0
166.16,126.31,58.37,18.7,173.28,166.91,-18.52,234.1,113.0,-234.0,367.0
147.85,60.52,48.78,72.2,185.83,147.85,38.55,159.59,145.0,-245.0,333.0
128.73,55.2,46.65,62.91,176.72,128.74,26.88,137.28,114.0,-242.0,312.0
112.53,26.1,36.25,137.02,200.16,112.53,50.18,102.38,133.0,-185.0,245.0
143.41,37.78,42.24,102.78,197.77,143.41,63.39,138.95,156.0,-179.0,309.0
167.43,84.55,42.79,15.35,193.66,167.43,40.09,209.19,145.0,-250.0,349.0
121.09,34.82,38.55,117.61,194.02,121.09,47.72,117.36,122.0,-225.0,334.0
150.84,79.49,52.94,73.15,175.87,150.84,18.41,177.39,136.0,-186.0,397.0
158.32,103.08,64.34,33.89,159.35,158.61,-9.1,197.06,142.0,-235.0,358.0
138.01,49.44,48.5,97.28,182.89,138.01,40.07,138.95,146.0,-250.0,350.0
177.38,112.88,58.82,14.42,175.2,177.48,5.68,231.44,145.0,-251.0,387.0
183.15,155.64,71.98,21.72,157.11,183.19,-44.47,266.81,53.0,-223.0,403.0
163.01,93.17,59.97,45.79,167.72,163.01,9.87,196.21,115.0,-185.0,351.0
128.12,48.27,51.75,121.47,184.91,128.12,28.1,124.64,131.0,-249.0,309.0
148.63,71.11,53.33,76.54,177.82,148.63,24.19,166.41,151.0,-174.0,362.0
126.59,29.38,44.19,153.59,199.14,126.59,53.02,111.78,117.0,-147.0,276.0
147.23,40.56,46.44,117.55,195.13,147.23,60.23,141.35,137.0,-126.0,316.0
149.27,43.82,36.55,76.58,202.4,149.27,68.9,156.54,160.0,-186.0,336.0
140.2,30.12,42.14,138.43,205.29,140.2,67.94,128.18,145.0,-235.0,309.0
178.24,168.82,72.13,26.99,159.84,183.41,-62.71,274.93,97.0,-249.0,372.0
172.84,143.72,71.45,21.08,154.36,173.69,-42.33,245.11,83.0,-237.0,376.0
182.41,144.8,68.57,19.94,164.17,182.46,-30.96,258.64,82.0,-245.0,373.0
180.78,173.14,73.05,27.59,159.78,186.29,-65.41,280.87,85.0,-208.0,365.0
182.0,182.09,72.64,28.92,157.65,185.98,-72.73,291.45,26.0,-187.0,379.0
185.37,155.36,78.17,21.21,152.23,185.69,-48.16,262.56,60.0,-232.0,374.0
176.31,150.65,63.74,22.08,167.53,176.32,-38.08,263.22,99.0,-242.0,393.0
178.49,158.2,69.75,23.24,159.57,180.91,-49.46,266.94,97.0,-218.0,391.0
181.97,104.23,49.64,12.43,188.86,181.97,28.1,236.56,150.0,-246.0,374.0
188.55,122.67,56.04,15.48,181.59,188.63,9.84,255.18,135.0,-223.0,383.0
189.63,160.17,73.64,21.82,159.46,189.63,-44.18,276.16,72.0,-220.0,376.0
190.73,110.32,61.03,12.01,173.81,190.73,19.38,240.02,141.0,-188.0,397.0
181.1,176.64,75.35,27.89,155.79,185.38,-70.89,282.39,68.0,-248.0,370.0
182.41,156.04,79.25,22.03,150.41,183.68,-52.88,259.2,109.0,-233.0,361.0
194.85,136.88,72.89,17.1,161.3,195.24,-14.92,258.84,136.0,-198.0,353.0
184.86,182.78,80.47,28.72,149.94,188.73,-78.39,287.17,77.0,-247.0,364.0
181.52,144.55,65.73,20.46,167.85,181.74,-28.76,260.34,120.0,-227.0,373.0
177.24,143.24,69.12,20.72,163.4,177.52,-35.12,251.36,107.0,-225.0,373.0
176.27,167.91,72.74,27.23,156.11,180.33,-64.38,271.44,112.0,-213.0,367.0
172.91,162.53,75.38,26.02,149.15,175.06,-65.0,260.06,56.0,-220.0,358.0
183.89,118.72,58.07,15.3,174.01,183.93,7.1,244.54,145.0,-201.0,368.0
175.41,164.06,67.51,26.4,161.66,178.62,-56.16,271.96,65.0,-218.0,376.0
181.39,182.15,76.93,29.53,150.67,184.87,-77.69,286.61,16.0,-247.0,366.0
178.74,166.41,72.07,25.35,157.09,180.73,-59.74,273.08,85.0,-250.0,390.0
183.42,187.9,78.56,30.46,152.51,189.57,-83.04,292.76,22.0,-205.0,386.0
170.55,126.09,63.16,17.96,164.92,170.92,-18.7,233.48,123.0,-249.0,372.0
184.54,142.04,69.45,19.82,161.92,185.26,-26.95,257.13,128.0,-248.0,363.0
178.4,178.84,73.04,29.39,158.54,184.66,-73.48,284.2,72.0,-245.0,376.0
175.53,172.98,68.32,28.09,160.95,178.7,-65.77,280.19,36.0,-213.0,371.0
175.2,153.21,70.92,23.08,159.5,176.65,-48.93,257.49,97.0,-203.0,368.0
154.95,102.69,53.26,16.69,176.6,154.99,-1.0,204.38,130.0,-245.0,360.0
163.55,148.92,66.38,23.64,160.81,164.96,-51.75,246.09,70.0,-245.0,360.0
143.3,65.79,44.74,9.94,182.22,143.3,32.77,164.35,127.0,-196.0,315.0
159.67,136.36,55.66,22.61,175.62,162.46,-32.35,240.37,77.0,-246.0,371.0
173.04,172.73,62.59,29.03,170.28,177.18,-62.28,283.18,54.0,-241.0,375.0
161.35,115.28,52.45,18.32,177.73,161.37,-6.38,224.18,123.0,-244.0,380.0
173.61,127.1,62.13,23.74,170.82,173.61,-15.62,238.58,127.0,-247.0,371.0
170.82,124.44,66.35,18.68,162.91,171.13,-19.97,228.91,136.0,-234.0,373.0
144.13,45.75,39.02,83.02,196.32,144.13,59.36,150.86,145.0,-241.0,297.0
174.51,112.53,56.13,17.31,178.83,174.62,5.85,230.91,159.0,-252.0,384.0
191.12,174.32,78.93,24.79,153.47,191.14,-62.13,286.51,61.0,-214.0,376.0
177.24,117.15,58.81,18.25,174.26,177.24,1.28,235.58,125.0,-169.0,389.0
179.89,174.51,73.75,27.71,159.06,184.17,-68.37,280.65,105.0,-246.0,374.0
163.92,117.05,64.94,18.02,164.19,164.31,-18.07,216.03,137.0,-245.0,360.0
149.09,64.16,40.65,23.48,189.96,149.26,44.28,172.6,147.0,-250.0,285.0
177.55,174.09,69.22,27.97,163.28,181.9,-65.76,282.42,78.0,-245.0,374.0
175.94,150.72,66.1,22.5,164.84,177.57,-40.88,260.56,106.0,-245.0,375.0
151.85,68.31,42.71,35.84,190.92,151.85,40.83,177.45,151.0,-243.0,355.0
170.18,165.23,68.47,27.84,160.96,174.23,-63.52,266.94,69.0,-238.0,375.0
168.33,162.54,78.65,27.42,148.32,174.36,-72.86,252.22,72.0,-248.0,359.0
154.46,126.93,54.07,20.79,170.58,156.18,-26.54,227.32,65.0,-239.0,396.0
183.72,169.83,80.96,25.77,148.53,186.37,-67.07,272.59,88.0,-210.0,372.0
173.81,177.47,76.11,30.04,152.57,180.4,-79.77,275.17,40.0,-213.0,367.0
160.2,157.27,60.55,27.61,168.17,166.82,-57.62,256.92,61.0,-247.0,365.0
180.32,167.8,70.21,26.12,161.61,181.88,-57.69,277.91,84.0,-238.0,370.0
167.94,117.39,59.99,16.03,170.49,168.39,-9.44,225.34,120.0,-245.0,361.0
169.65,111.81,54.35,15.14,179.14,169.77,3.49,227.11,128.0,-235.0,376.0
178.34,118.59,53.92,16.42,179.74,178.94,5.83,243.01,141.0,-246.0,373.0
185.03,171.13,71.49,25.87,161.7,187.02,-57.59,284.67,78.0,-197.0,385.0
180.9,152.5,70.12,21.4,161.49,181.21,-41.72,263.28,96.0,-228.0,378.0
176.39,168.61,68.15,27.02,162.23,179.33,-60.37,276.85,61.0,-216.0,383.0
165.23,154.52,64.84,25.7,163.48,170.21,-54.13,254.91,104.0,-247.0,363.0
169.36,116.4,52.1,16.38,180.11,169.43,0.86,233.66,135.0,-247.0,388.0
175.93,154.3,64.95,24.0,164.92,178.58,-43.32,265.28,75.0,-246.0,382.0
178.55,185.31,69.63,30.98,162.0,186.78,-76.39,294.23,16.0,-174.0,376.0
176.3,147.89,67.89,22.27,161.78,176.9,-39.48,256.3,105.0,-212.0,373.0
166.39,166.63,67.52,28.84,160.49,173.45,-67.76,265.5,38.0,-246.0,366.0
158.6,143.16,61.03,24.23,165.46,160.28,-45.59,240.73,83.0,-246.0,374.0
168.58,113.65,56.91,16.03,172.22,168.58,-1.98,225.32,113.0,-201.0,340.0
167.59,155.18,63.78,25.93,164.45,168.84,-51.37,258.99,67.0,-213.0,369.0
168.2,171.52,66.25,30.11,163.33,174.25,-69.57,273.47,23.0,-245.0,365.0
172.35,147.82,66.68,22.0,159.93,172.88,-42.15,253.49,90.0,-234.0,374.0
177.55,156.33,68.67,23.79,162.11,179.18,-47.45,265.21,102.0,-235.0,382.0
173.76,149.35,69.66,22.13,159.07,176.56,-45.25,253.45,111.0,-219.0,371.0
173.57,100.47,54.16,13.84,176.32,173.72,18.94,219.88,146.0,-192.0,376.0
179.07,170.36,69.05,27.22,164.46,184.59,-60.34,280.38,104.0,-242.0,374.0
186.47,167.81,72.3,24.71,159.77,187.19,-53.64,281.98,106.0,-246.0,380.0
183.49,131.95,68.2,17.55,163.94,183.49,-16.66,247.24,115.0,-245.0,366.0
175.75,184.66,83.59,31.81,143.6,185.88,-92.5,276.82,29.0,-210.0,358.0
165.71,167.13,73.13,29.38,153.29,173.09,-74.55,259.71,57.0,-247.0,347.0
173.56,148.41,71.26,23.03,154.58,175.51,-46.11,250.71,66.0,-243.0,366.0
172.11,179.55,74.48,31.28,155.23,181.89,-81.92,277.18,53.0,-216.0,359.0
174.55,176.02,77.97,29.71,148.45,178.22,-79.44,272.6,21.0,-244.0,363.0
178.67,172.96,81.2,27.36,145.37,181.22,-75.49,270.43,57.0,-242.0,362.0
175.16,155.5,70.16,23.34,159.34,175.56,-50.5,260.5,86.0,-234.0,369.0
171.12,119.08,66.17,15.33,163.38,171.39,-14.13,224.03,123.0,-246.0,363.0
177.3,105.08,57.38,12.9,173.85,177.39,14.84,225.0,135.0,-250.0,343.0
192.15,140.38,72.94,17.23,161.74,192.31,-21.17,259.59,115.0,-235.0,372.0
181.32,163.0,72.42,24.33,160.0,182.68,-54.1,271.9,93.0,-249.0,366.0
171.27,115.82,55.87,15.42,177.86,171.32,-0.42,231.22,151.0,-242.0,387.0
169.59,85.69,56.97,32.36,176.06,169.59,26.93,198.31,149.0,-241.0,370.0
177.03,109.26,56.82,17.85,176.5,177.17,10.95,229.47,125.0,-242.0,365.0
156.33,51.33,44.08,67.44,190.18,156.33,60.92,163.58,148.0,-174.0,359.0
169.93,59.05,41.41,6.16,193.16,169.93,69.47,187.57,154.0,-191.0,331.0
194.73,113.79,56.33,12.33,182.38,194.73,24.61,252.19,131.0,-244.0,347.0
163.59,45.37,45.41,111.3,197.11,163.59,72.81,163.55,177.0,-236.0,330.0
158.89,150.9,63.95,26.25,163.76,161.46,-55.96,245.84,40.0,-248.0,372.0
145.21,91.2,55.36,12.53,170.93,145.23,-1.35,181.05,103.0,-249.0,319.0
140.59,91.9,42.89,14.8,184.39,140.59,5.8,189.6,117.0,-194.0,356.0
152.63,123.51,50.34,20.59,178.37,154.42,-21.22,225.8,87.0,-244.0,402.0
167.48,161.54,60.29,26.91,170.75,171.37,-54.35,268.73,62.0,-223.0,375.0
156.38,118.17,52.8,18.27,174.4,156.62,-14.59,221.75,91.0,-204.0,366.0
185.84,164.6,79.37,23.61,154.72,187.96,-58.13,271.07,134.0,-245.0,369.0
168.63,130.47,70.08,18.47,157.32,169.0,-31.92,229.02,132.0,-245.0,360.0
146.8,39.75,32.78,64.54,205.09,146.8,74.27,153.77,162.0,-244.0,251.0
177.06,141.63,72.6,20.01,158.27,177.37,-37.17,246.09,107.0,-244.0,352.0
194.28,184.56,91.31,26.94,139.94,195.25,-81.59,287.53,49.0,-249.0,360.0
172.14,115.58,59.66,39.1,176.24,172.14,-3.1,228.06,164.0,-241.0,368.0
179.88,145.02,64.71,19.99,170.1,179.9,-29.85,260.19,106.0,-248.0,383.0
167.41,103.04,63.23,37.99,167.49,167.58,1.14,207.22,167.0,-242.0,374.0
152.16,45.65,42.24,98.21,196.13,152.16,64.27,155.57,155.0,-199.0,308.0
191.94,133.26,70.54,16.01,166.84,191.94,-11.86,254.66,149.0,-199.0,383.0
190.67,159.95,76.6,24.27,155.92,190.69,-45.88,274.02,109.0,-245.0,376.0
159.56,60.05,51.78,85.3,183.79,159.56,47.73,167.83,149.0,-223.0,310.0
171.21,130.21,71.47,17.37,157.73,171.26,-30.47,229.95,110.0,-241.0,365.0
147.21,82.64,49.2,27.99,180.32,147.24,15.37,180.65,156.0,-219.0,356.0
133.15,48.46,39.1,15.29,188.19,133.15,45.59,142.51,118.0,-207.0,286.0
175.12,113.52,64.92,13.53,167.27,175.12,-3.32,223.72,120.0,-196.0,349.0
183.86,139.57,75.07,17.79,156.99,183.86,-30.78,248.36,105.0,-220.0,349.0
140.74,48.59,35.36,61.87,198.4,140.74,56.79,153.97,159.0,-183.0,344.0
169.84,149.17,66.91,23.16,160.77,171.33,-46.24,252.1,85.0,-213.0,374.0
153.88,82.48,53.36,15.13,173.25,153.91,18.04,183.0,147.0,-246.0,316.0
159.57,84.27,46.89,16.86,184.84,159.6,28.41,196.95,136.0,-196.0,365.0
167.44,144.78,57.44,22.97,175.19,169.65,-34.78,254.78,100.0,-245.0,395.0
165.41,157.21,64.52,26.0,160.89,167.96,-56.32,258.1,65.0,-250.0,374.0
165.02,116.58,54.81,23.25,173.86,165.2,-6.37,226.79,125.0,-231.0,406.0
190.22,150.18,71.78,19.49,162.56,190.4,-31.74,268.62,95.0,-223.0,373.0
175.9,122.51,65.2,15.23,168.62,176.77,-11.81,233.21,148.0,-249.0,354.0
149.95,50.15,42.23,81.81,194.96,149.95,57.57,157.87,153.0,-171.0,397.0
190.82,114.42,64.0,12.55,173.93,190.82,12.4,241.24,137.0,-245.0,356.0
199.41,158.92,79.18,19.71,155.69,199.42,-38.69,279.15,81.0,-242.0,367.0
177.49,95.08,55.07,35.55,180.45,177.49,27.34,217.5,151.0,-192.0,359.0
171.92,117.96,51.84,21.41,183.62,171.92,2.12,238.04,149.0,-251.0,384.0
144.63,58.75,39.58,58.86,195.0,144.63,46.3,163.8,158.0,-250.0,321.0
126.99,18.75,32.67,144.0,218.5,126.99,75.57,113.07,156.0,-224.0,254.0
175.18,122.06,54.25,20.98,181.67,175.18,-1.13,242.99,152.0,-249.0,379.0
188.62,141.24,52.46,19.68,188.08,188.62,-5.08,277.4,127.0,-247.0,398.0
132.65,24.76,31.69,124.38,215.02,132.65,76.2,125.72,150.0,-243.0,309.0
180.3,172.6,63.04,27.15,170.34,182.64,-55.34,289.86,85.0,-249.0,386.0
169.58,156.18,68.73,25.21,161.67,174.26,-55.33,257.03,106.0,-248.0,368.0
181.85,86.91,51.17,15.61,184.56,181.85,43.77,217.59,166.0,-248.0,365.0
179.09,171.39,73.35,27.6,159.98,184.5,-65.65,277.13,116.0,-245.0,366.0
182.28,181.17,82.85,28.74,148.34,185.1,-81.74,280.6,66.0,-234.0,384.0
179.84,101.14,53.98,29.8,180.57,179.87,24.72,227.0,150.0,-249.0,375.0
185.47,103.09,62.3,27.42,171.7,185.52,20.08,226.26,112.0,-245.0,388.0
174.16,74.82,70.98,88.73,159.64,174.2,28.36,178.0,114.0,-248.0,335.0
145.67,52.47,68.53,143.09,169.0,145.77,24.67,129.61,119.0,-252.0,275.0
146.31,54.72,60.26,121.59,170.17,146.44,31.33,140.77,117.0,-251.0,328.0
200.28,105.45,63.36,21.84,174.88,200.31,31.47,242.37,126.0,-204.0,403.0
186.66,76.6,59.82,52.31,170.77,186.82,50.24,203.44,126.0,-251.0,358.0
169.7,131.79,72.96,18.86,149.1,169.83,-35.05,228.53,104.0,-214.0,363.0
141.53,65.72,61.96,79.97,154.58,141.57,13.85,145.29,124.0,-253.0,339.0
134.72,63.58,52.94,45.52,162.75,134.77,18.2,145.36,87.0,-250.0,313.0
174.55,103.63,65.67,17.17,162.3,174.58,5.25,212.51,117.0,-255.0,354.0
185.13,133.3,78.71,25.31,150.19,185.18,-26.88,239.72,84.0,-251.0,356.0
157.48,82.08,59.69,46.73,161.95,157.59,15.71,179.87,109.0,-213.0,362.0
182.24,123.97,74.95,37.42,154.37,182.28,-16.68,231.26,109.0,-254.0,350.0
180.84,109.9,70.2,31.14,158.9,180.97,0.74,220.54,131.0,-214.0,355.0
143.23,50.72,52.27,123.53,177.35,143.25,40.24,141.68,122.0,-255.0,346.0
176.49,84.33,56.89,23.19,176.14,176.5,35.27,203.93,130.0,-251.0,341.0
206.41,168.27,97.66,20.37,136.72,206.58,-59.52,277.02,91.0,-250.0,360.0
185.83,116.32,73.86,47.18,159.87,185.87,-4.35,228.29,105.0,-252.0,355.0
169.01,103.67,70.38,33.41,153.63,169.07,-5.04,202.3,115.0,-251.0,377.0
174.16,123.01,86.56,26.22,133.89,174.34,-35.41,210.61,103.0,-247.0,343.0
147.52,56.54,56.72,95.76,166.05,147.55,34.26,147.34,117.0,-217.0,271.0
156.27,77.72,59.03,43.1,165.79,156.3,19.52,174.96,107.0,-253.0,346.0
191.29,134.06,83.27,14.89,145.96,191.3,-26.04,242.08,94.0,-253.0,340.0
179.21,96.33,67.22,15.83,158.93,179.23,15.66,208.32,108.0,-256.0,341.0
172.97,104.41,72.7,33.05,150.14,172.99,-4.14,204.68,79.0,-254.0,354.0
158.21,69.87,64.91,71.52,163.1,158.29,23.43,163.17,127.0,-257.0,322.0
162.11,61.23,60.39,100.52,171.0,162.13,40.49,162.95,124.0,-252.0,297.0
184.58,120.25,75.51,18.6,151.62,184.63,-11.18,229.32,107.0,-254.0,350.0
176.12,108.97,71.66,14.02,149.3,176.16,-4.51,213.43,77.0,-178.0,358.0
154.98,61.93,58.34,91.46,170.18,155.0,34.71,158.57,109.0,-238.0,314.0
171.78,110.48,73.89,39.97,150.16,172.11,-12.59,208.37,118.0,-254.0,353.0
180.0,158.63,83.28,22.71,140.13,183.78,-61.91,255.35,78.0,-251.0,367.0
165.67,66.74,62.73,68.21,163.7,165.71,36.2,169.68,118.0,-254.0,263.0
179.21,77.87,71.35,80.6,159.6,179.35,29.99,185.73,122.0,-254.0,296.0
186.3,107.95,75.71,31.72,154.81,186.74,2.64,218.54,126.0,-253.0,371.0
186.43,141.67,78.38,20.17,150.73,187.05,-33.62,249.72,115.0,-253.0,378.0
173.54,124.52,66.48,32.65,156.58,173.55,-17.46,231.58,90.0,-197.0,385.0
185.43,121.24,68.89,14.42,158.46,185.52,-4.7,237.78,117.0,-251.0,354.0
166.04,67.93,63.75,74.74,162.54,166.07,34.36,170.22,122.0,-251.0,291.0
186.46,129.55,67.87,19.3,160.52,186.48,-10.96,248.14,110.0,-250.0,382.0
187.19,110.17,65.21,15.57,165.4,187.24,11.81,232.15,103.0,-140.0,376.0
169.66,81.27,58.47,19.4,166.14,169.69,29.92,192.46,115.0,-250.0,361.0
176.24,146.21,74.13,21.92,153.5,177.07,-44.1,248.32,86.0,-233.0,369.0
173.13,117.54,69.37,25.32,160.38,173.58,-13.78,221.3,117.0,-250.0,351.0
152.42,61.54,50.23,48.53,178.03,152.48,40.65,163.73,131.0,-255.0,293.0
189.53,148.35,73.16,20.57,161.97,190.07,-31.98,264.72,122.0,-255.0,377.0
200.9,196.67,90.77,28.91,144.07,202.39,-86.54,306.8,20.0,-256.0,386.0
166.19,131.19,65.15,33.59,160.29,166.77,-30.15,232.23,88.0,-177.0,382.0
191.73,171.97,92.58,24.04,135.99,192.27,-72.82,271.12,52.0,-240.0,366.0
182.25,141.52,81.68,18.83,146.49,182.96,-40.95,242.09,94.0,-251.0,352.0
180.17,98.33,61.09,10.8,168.97,180.41,20.75,217.41,127.0,-255.0,395.0
190.4,160.47,82.23,22.56,150.15,191.63,-52.3,268.64,99.0,-241.0,367.0
198.39,178.14,92.46,24.65,139.43,199.47,-72.21,284.07,48.0,-254.0,366.0
197.56,172.81,94.41,23.28,138.37,198.53,-69.66,275.96,80.0,-255.0,370.0
185.32,146.28,80.38,28.4,145.57,186.18,-41.34,251.22,85.0,-227.0,370.0
159.16,61.92,62.88,103.98,164.4,159.2,34.36,158.2,136.0,-259.0,331.0
171.0,73.25,65.68,53.67,160.15,171.12,32.07,178.57,120.0,-254.0,307.0
189.34,109.47,75.45,37.83,154.07,189.58,4.42,223.36,122.0,-234.0,350.0
191.0,151.86,84.31,28.13,144.79,191.17,-45.17,258.55,73.0,-239.0,386.0
175.24,100.83,65.78,51.01,161.84,175.27,8.63,210.29,132.0,-253.0,360.0
168.81,150.46,75.71,23.3,143.44,170.5,-57.36,243.56,66.0,-250.0,364.0
160.43,110.3,75.84,27.27,137.65,160.67,-25.71,194.89,93.0,-251.0,357.0
135.6,66.23,59.73,73.18,148.86,135.68,9.64,142.1,81.0,-193.0,285.0
151.53,105.09,61.42,16.39,151.89,151.93,-14.98,195.2,69.0,-250.0,372.0
181.57,173.5,93.14,28.04,129.44,185.45,-85.07,261.93,47.0,-241.0,356.0
192.0,186.07,106.14,27.18,118.14,193.87,-100.21,271.93,29.0,-250.0,369.0
173.74,95.0,63.21,44.53,169.91,173.79,15.53,205.53,117.0,-240.0,352.0
122.36,58.56,52.78,71.86,162.32,122.49,11.02,128.14,99.0,-238.0,310.0
124.98,36.32,50.6,148.16,182.46,125.09,38.06,110.7,119.0,-138.0,239.0
142.97,57.59,57.22,107.8,170.4,143.07,28.16,143.34,111.0,-255.0,284.0
166.67,104.71,61.14,12.83,161.78,166.8,0.82,210.24,83.0,-250.0,364.0
158.02,66.51,53.73,61.5,173.79,158.1,37.78,170.8,108.0,-246.0,329.0
160.72,86.73,62.05,37.15,162.02,160.75,11.94,185.4,125.0,-250.0,311.0
165.22,141.77,67.02,22.05,155.16,167.96,-43.57,239.97,77.0,-249.0,384.0
150.84,56.23,55.33,94.48,172.13,150.92,39.28,151.74,96.0,-249.0,316.0
162.18,73.22,57.48,41.96,169.42,162.29,31.48,177.92,104.0,-250.0,331.0
174.25,122.9,68.4,19.61,158.51,174.46,-17.05,228.75,105.0,-198.0,382.0
171.81,100.23,61.84,25.73,164.75,171.87,9.74,210.2,84.0,-237.0,337.0
173.99,92.63,75.28,68.57,150.0,174.08,6.08,191.34,115.0,-240.0,375.0
169.34,90.48,71.72,41.63,151.31,169.45,7.14,188.1,115.0,-247.0,325.0
144.86,52.85,64.5,139.41,166.93,144.9,27.51,133.21,130.0,-174.0,304.0
183.04,126.26,83.16,49.5,140.64,183.08,-26.38,226.14,131.0,-241.0,360.0
194.57,158.12,91.44,22.15,137.41,194.63,-54.99,261.25,84.0,-250.0,367.0
169.76,90.66,64.99,52.01,160.69,169.83,14.11,195.43,107.0,-195.0,370.0
186.51,107.23,61.69,19.68,171.04,186.55,17.59,232.05,108.0,-250.0,346.0
123.39,40.83,54.66,147.27,179.35,123.43,27.9,109.56,107.0,-226.0,295.0
131.18,49.69,57.84,128.94,162.49,131.33,23.65,123.03,117.0,-238.0,286.0
147.57,49.86,52.73,102.55,181.05,147.62,44.98,144.7,131.0,-253.0,293.0
188.14,80.8,57.8,36.48,175.65,188.19,49.54,211.14,123.0,-155.0,331.0
188.14,80.8,57.8,36.48,175.65,188.19,49.54,211.14,123.0,-155.0,331.0
179.6,139.93,76.58,41.06,150.89,179.74,-36.91,242.95,109.0,-220.0,353.0
177.16,110.59,80.46,26.74,142.89,177.3,-13.89,207.29,96.0,-240.0,321.0
156.51,52.99,67.16,151.27,169.79,156.54,36.36,142.34,120.0,-253.0,270.0
176.12,75.05,70.99,106.27,165.03,176.16,30.08,180.18,131.0,-194.0,352.0
200.22,153.57,89.81,18.89,140.9,200.26,-43.16,263.98,95.0,-249.0,374.0
194.93,159.92,84.19,20.54,145.38,194.97,-49.18,270.66,40.0,-244.0,366.0
165.55,112.21,70.75,26.59,150.54,165.59,-17.41,207.01,105.0,-252.0,358.0
178.15,162.78,83.31,26.33,141.4,184.09,-67.94,257.62,100.0,-246.0,345.0
168.7,70.95,56.37,42.54,172.35,168.86,41.38,183.28,129.0,-250.0,317.0
175.14,136.5,79.04,20.74,146.17,176.98,-40.4,232.6,127.0,-250.0,349.0
188.86,156.94,86.9,21.63,138.47,189.34,-54.98,258.9,83.0,-246.0,351.0
175.86,119.31,71.94,15.45,151.98,175.95,-15.39,223.23,99.0,-251.0,351.0
180.37,168.0,82.03,26.68,143.97,184.94,-69.66,266.34,82.0,-241.0,361.0
166.87,103.49,72.01,17.44,148.53,167.03,-8.63,198.35,111.0,-251.0,330.0
172.91,102.84,69.46,14.55,151.87,173.14,0.61,206.29,101.0,-203.0,331.0
175.13,103.05,73.24,15.77,149.29,175.33,-1.16,204.94,88.0,-224.0,341.0
179.93,139.8,83.15,20.36,140.07,182.11,-43.02,236.58,94.0,-248.0,352.0
195.39,186.16,102.65,27.2,125.86,196.9,-93.42,278.9,44.0,-251.0,371.0
171.89,88.05,59.99,46.55,171.21,171.93,23.85,199.95,120.0,-250.0,381.0
154.64,71.1,56.83,63.96,165.37,154.73,26.71,168.91,135.0,-247.0,333.0
117.66,45.07,56.32,145.89,161.17,117.72,16.27,106.41,102.0,-252.0,275.0
126.93,47.45,56.01,135.17,169.67,126.99,23.47,118.37,103.0,-222.0,323.0
178.59,66.01,63.54,86.16,171.28,178.65,49.04,181.06,123.0,-139.0,316.0
180.73,68.33,54.42,32.84,174.85,180.77,57.98,194.64,145.0,-236.0,325.0
175.68,166.47,77.24,27.0,147.15,178.3,-68.03,264.91,63.0,-240.0,359.0
153.21,69.46,65.03,70.46,152.99,153.28,18.72,157.64,116.0,-253.0,304.0
164.0,89.57,63.14,54.21,160.89,164.13,11.29,190.43,110.0,-249.0,353.0
174.44,91.36,64.67,43.46,161.92,174.54,18.41,201.13,122.0,-251.0,368.0
179.35,108.62,70.35,22.08,154.5,179.59,0.38,217.62,122.0,-250.0,357.0
178.37,112.76,70.9,20.07,154.03,178.98,-5.29,220.23,117.0,-236.0,348.0
180.88,115.06,71.18,34.9,159.67,180.92,-5.36,224.76,139.0,-249.0,345.0
169.81,116.7,73.86,37.04,148.56,170.18,-20.75,212.65,98.0,-224.0,350.0
164.23,76.96,68.64,95.66,156.51,164.28,18.63,172.55,119.0,-241.0,358.0
157.28,68.63,53.39,65.42,173.4,157.35,35.26,172.52,119.0,-189.0,347.0
172.17,57.87,61.89,115.61,176.29,172.19,52.41,168.15,133.0,-243.0,321.0
186.9,94.75,66.68,31.61,165.51,186.96,25.47,214.97,134.0,-235.0,360.0
188.19,126.79,74.87,21.23,154.36,188.22,-13.47,240.11,108.0,-254.0,362.0
180.99,135.29,82.11,23.76,143.33,181.31,-36.41,234.17,121.0,-248.0,345.0
149.29,56.12,61.81,128.32,169.59,149.31,31.36,143.6,124.0,-240.0,312.0
164.95,76.43,68.12,59.96,157.35,164.97,20.4,173.26,100.0,-243.0,375.0
188.97,137.72,83.43,16.7,146.56,189.01,-32.18,243.26,100.0,-243.0,369.0
200.27,152.84,85.22,18.1,149.94,200.3,-37.79,267.89,92.0,-243.0,361.0
188.06,142.2,79.95,22.67,151.3,189.02,-34.09,250.31,119.0,-245.0,367.0
170.93,86.29,72.13,62.3,157.75,170.97,12.51,185.09,127.0,-248.0,329.0
159.49,53.2,56.8,114.9,176.75,159.57,49.49,155.89,125.0,-252.0,284.0
169.93,71.27,57.72,50.55,174.76,170.06,40.94,183.48,133.0,-250.0,332.0
192.69,157.6,93.59,21.06,135.9,194.0,-58.5,256.7,115.0,-247.0,366.0
191.46,151.55,86.04,26.62,143.37,191.63,-46.13,256.97,91.0,-241.0,368.0
181.3,131.84,72.88,20.93,154.58,181.62,-23.42,240.26,131.0,-246.0,371.0
171.72,102.47,71.56,19.19,151.82,171.82,-2.31,202.63,109.0,-244.0,350.0
162.82,70.07,60.38,67.43,167.27,162.85,32.37,172.51,133.0,-249.0,324.0
174.45,92.58,68.43,26.68,159.16,174.58,13.44,198.6,117.0,-248.0,365.0
196.31,154.98,87.18,18.56,143.5,196.39,-45.85,264.11,65.0,-236.0,360.0
177.63,83.79,63.59,59.57,167.85,177.73,30.25,197.83,131.0,-248.0,335.0
192.08,165.59,84.2,22.81,146.5,192.68,-57.71,273.47,96.0,-241.0,371.0
181.26,98.26,64.7,22.07,166.28,181.34,18.3,214.82,142.0,-245.0,354.0
165.41,72.14,62.45,94.52,173.28,165.46,30.82,175.1,136.0,-248.0,377.0
189.7,125.62,77.9,42.95,156.21,189.83,-13.82,237.42,164.0,-223.0,369.0
201.81,151.08,88.61,29.97,146.09,201.84,-37.88,264.28,83.0,-241.0,361.0
194.31,80.5,68.47,71.88,168.12,194.31,45.34,206.34,156.0,-251.0,356.0
174.69,95.49,68.41,46.1,160.39,174.73,10.79,201.77,125.0,-185.0,357.0
176.95,130.08,75.35,27.23,150.97,177.15,-28.48,231.68,100.0,-236.0,385.0
148.7,63.75,56.18,85.02,172.33,148.75,28.77,156.27,106.0,-216.0,343.0
175.94,85.54,73.27,72.72,157.71,176.09,17.13,188.21,120.0,-246.0,347.0
194.26,150.14,87.64,17.89,141.32,194.3,-43.52,256.76,107.0,-241.0,366.0
182.68,98.78,66.0,10.11,163.63,182.72,17.9,215.46,116.0,-206.0,337.0
180.44,86.13,66.14,45.83,166.59,180.49,28.17,200.43,137.0,-246.0,362.0
184.8,172.42,85.18,26.01,143.14,189.09,-72.8,272.04,75.0,-250.0,376.0
181.75,87.14,64.46,56.37,169.7,182.36,30.15,204.43,145.0,-247.0,378.0
181.36,112.05,68.12,15.27,161.64,181.43,1.19,225.29,127.0,-238.0,390.0
183.91,118.01,73.23,20.2,155.79,184.07,-7.33,228.69,125.0,-238.0,357.0
188.5,120.24,75.78,14.25,156.25,189.26,-7.52,232.96,121.0,-246.0,356.0
187.28,170.8,80.94,25.02,150.14,190.21,-64.46,277.14,96.0,-246.0,393.0
156.75,80.27,69.1,22.25,149.84,156.78,7.38,167.92,130.0,-242.0,314.0
159.48,77.18,55.62,42.81,168.65,159.68,26.68,181.04,125.0,-243.0,322.0
161.79,87.55,63.47,19.08,159.42,161.83,10.77,185.87,109.0,-223.0,358.0
183.6,145.44,86.39,20.19,137.61,183.78,-48.23,242.65,107.0,-240.0,367.0
188.44,147.42,83.48,27.71,144.9,188.69,-42.46,252.38,88.0,-235.0,363.0
179.61,101.58,67.32,29.0,164.46,179.63,10.71,213.87,134.0,-253.0,362.0
155.9,66.41,63.54,93.78,170.21,155.94,25.95,158.77,129.0,-248.0,323.0
143.8,46.11,49.46,113.67,185.05,143.85,48.23,140.45,117.0,-254.0,294.0
164.9,57.04,53.32,76.28,179.55,164.96,54.54,168.62,143.0,-254.0,287.0
190.43,101.82,63.85,10.84,171.6,190.49,24.76,228.4,123.0,-253.0,344.0
191.32,104.07,67.64,17.44,166.38,191.4,19.61,227.75,115.0,-253.0,385.0
169.24,169.21,78.68,29.54,145.14,176.36,-78.65,259.77,41.0,-255.0,354.0
178.58,147.62,90.32,20.45,132.51,179.72,-59.36,235.88,49.0,-249.0,338.0
167.96,116.24,69.41,15.6,152.32,168.17,-17.69,214.79,83.0,-213.0,346.0
173.59,133.65,77.47,18.92,146.76,174.16,-37.53,229.77,62.0,-222.0,335.0
179.75,178.28,86.84,29.75,141.04,188.71,-85.37,271.19,50.0,-253.0,349.0
181.91,192.29,86.54,32.93,142.87,193.34,-96.92,287.66,0.0,-254.0,357.0
194.02,162.95,83.79,25.01,148.73,195.02,-52.72,273.18,104.0,-242.0,374.0
168.44,76.94,65.47,54.27,164.35,168.48,26.03,179.91,132.0,-257.0,310.0
166.77,60.3,59.37,113.38,181.29,166.94,47.1,167.7,146.0,-254.0,316.0
187.51,98.43,70.92,43.27,162.57,187.61,18.16,215.02,117.0,-187.0,346.0
208.71,159.26,99.75,18.18,135.54,208.83,-50.3,268.22,105.0,-248.0,373.0
184.52,94.28,65.28,49.24,168.43,184.55,24.96,213.52,132.0,-241.0,362.0
185.01,172.03,83.17,27.56,146.55,188.42,-70.19,273.87,118.0,-253.0,368.0
181.14,172.6,83.82,27.05,143.63,186.3,-75.28,269.92,79.0,-252.0,367.0
161.09,81.84,56.06,77.94,177.3,161.16,23.19,186.87,129.0,-254.0,383.0
175.35,100.77,69.16,66.45,164.97,176.79,5.42,206.96,125.0,-254.0,351.0
190.64,199.13,88.51,32.21,142.99,200.16,-97.0,301.26,33.0,-253.0,360.0
193.31,174.5,87.0,24.65,143.1,194.16,-68.19,280.81,54.0,-250.0,375.0
192.58,149.71,86.93,24.7,143.85,193.25,-44.06,255.36,126.0,-253.0,356.0
171.52,83.23,57.45,18.74,172.44,171.62,30.84,197.3,129.0,-207.0,359.0
169.03,62.24,57.3,72.02,174.83,169.07,49.49,173.97,136.0,-254.0,322.0
171.14,64.94,56.41,59.86,175.37,171.25,49.79,179.67,132.0,-184.0,292.0
192.36,128.98,80.03,15.33,152.45,192.61,-16.65,241.31,122.0,-248.0,346.0
194.73,144.12,85.55,24.51,147.63,194.82,-34.94,253.3,95.0,-241.0,376.0
200.3,139.47,65.55,16.87,171.73,200.35,-4.72,274.22,89.0,-248.0,380.0
165.27,83.49,49.89,30.24,185.02,165.49,31.89,198.87,159.0,-253.0,336.0
157.46,52.32,51.84,94.29,188.08,157.49,53.3,157.94,131.0,-216.0,311.0
156.8,56.5,45.03,78.62,193.74,156.82,55.27,168.27,154.0,-254.0,355.0
192.82,112.23,56.96,24.86,181.77,192.84,23.63,248.09,140.0,-204.0,385.0
195.75,114.24,53.24,13.5,186.05,195.76,28.27,256.75,123.0,-210.0,373.0
182.21,96.27,63.1,50.41,174.64,182.24,22.84,215.38,142.0,-252.0,366.0
169.52,78.53,63.8,46.84,165.98,169.67,27.19,184.25,143.0,-249.0,351.0
128.61,38.5,49.38,136.63,188.28,128.66,40.73,117.73,124.0,-254.0,289.0
170.78,73.33,58.71,68.53,174.28,170.82,38.74,185.4,128.0,-249.0,368.0
196.32,110.81,63.47,11.61,171.5,196.36,22.04,243.66,110.0,-244.0,357.0
159.09,57.54,54.17,103.18,188.06,159.11,47.38,162.46,143.0,-249.0,371.0
203.87,153.37,80.52,18.77,153.75,203.88,-30.02,276.72,96.0,-178.0,406.0
188.36,144.73,83.61,18.17,143.51,189.67,-39.98,249.48,99.0,-242.0,370.0
196.02,94.01,69.61,11.06,164.72,196.05,32.4,220.42,129.0,-166.0,364.0
199.95,111.67,75.46,10.83,158.61,199.97,12.82,236.16,120.0,-244.0,359.0
200.7,99.24,75.52,21.17,160.31,200.74,25.94,224.42,138.0,-204.0,363.0
194.14,101.3,67.2,14.32,166.42,194.17,25.64,228.24,145.0,-240.0,369.0
187.34,124.8,70.66,32.54,160.76,187.38,-8.12,241.48,121.0,-227.0,391.0
180.62,101.2,68.39,36.0,162.84,180.74,11.03,213.43,129.0,-249.0,359.0
165.9,58.11,59.19,111.51,177.31,165.98,48.6,164.82,130.0,-252.0,334.0
184.31,85.63,58.93,24.92,174.36,184.41,39.75,211.01,135.0,-252.0,338.0
194.98,126.88,68.57,14.79,165.17,195.04,-0.47,253.29,93.0,-179.0,391.0
198.14,138.62,76.02,15.52,157.78,198.16,-16.5,260.74,106.0,-222.0,371.0
185.9,149.72,84.55,20.42,142.47,187.43,-48.37,251.07,76.0,-240.0,343.0
181.77,179.15,89.0,28.6,134.81,187.36,-86.38,271.92,12.0,-210.0,354.0
170.06,104.33,67.04,12.87,157.1,170.36,-1.31,207.35,101.0,-247.0,377.0
172.03,137.97,77.45,20.41,145.65,173.5,-43.39,232.55,89.0,-246.0,359.0
185.66,180.94,91.68,28.54,131.88,187.89,-86.96,274.92,52.0,-216.0,365.0
184.06,166.5,87.61,24.56,136.22,184.85,-70.05,262.95,53.0,-248.0,357.0
162.86,80.74,62.85,51.15,162.54,162.95,19.27,180.75,117.0,-238.0,354.0
172.92,104.87,69.45,40.58,158.04,173.02,-1.4,208.34,135.0,-207.0,355.0
175.83,67.22,58.29,22.18,171.95,175.86,50.32,184.76,136.0,-166.0,291.0
187.19,100.62,59.02,13.55,175.05,187.23,27.55,228.79,125.0,-253.0,344.0
169.95,68.76,60.95,91.79,172.58,169.98,40.24,177.76,127.0,-179.0,335.0
153.45,57.44,58.86,113.5,170.54,153.5,37.15,152.03,143.0,-218.0,319.0
182.27,125.8,61.99,21.11,168.66,182.37,-5.52,246.08,104.0,-216.0,374.0
166.6,76.97,56.68,33.74,175.01,166.78,32.95,186.89,128.0,-193.0,354.0
134.32,46.78,54.0,126.78,177.27,134.35,33.54,127.1,98.0,-240.0,263.0
163.78,77.3,54.08,64.53,177.58,163.85,32.4,187.0,142.0,-200.0,349.0
190.14,101.27,60.19,10.57,173.44,190.27,28.68,231.22,125.0,-240.0,339.0
189.83,109.64,59.39,13.02,175.46,189.93,20.8,240.08,112.0,-147.0,349.0
188.97,143.67,78.82,18.66,152.87,189.2,-33.52,253.82,107.0,-251.0,358.0
188.29,150.51,86.79,20.12,143.43,189.43,-49.01,252.01,102.0,-245.0,343.0
180.65,91.28,58.1,9.34,174.86,180.7,31.27,213.83,113.0,-254.0,324.0
193.79,156.38,84.29,21.47,147.66,196.18,-46.88,265.88,101.0,-250.0,356.0
196.24,189.5,88.09,27.82,144.04,197.21,-81.35,297.65,46.0,-252.0,374.0
189.09,121.03,69.18,17.41,165.11,189.15,-1.12,240.94,109.0,-251.0,361.0
179.29,164.11,71.7,25.98,159.55,183.54,-56.52,271.7,98.0,-233.0,374.0
159.26,62.41,57.14,68.95,172.47,159.29,39.71,164.53,156.0,-234.0,353.0
163.27,72.63,55.69,76.08,173.79,163.33,34.95,180.21,127.0,-240.0,385.0
169.28,87.88,60.83,24.27,169.28,169.44,20.57,196.33,127.0,-239.0,331.0
189.68,156.05,81.22,21.41,149.59,190.69,-47.59,264.51,97.0,-240.0,370.0
187.72,164.64,83.25,25.33,146.48,189.39,-60.17,269.11,76.0,-243.0,383.0
204.78,184.86,83.41,24.92,153.88,204.8,-63.49,306.23,64.0,-232.0,392.0
179.34,77.64,53.0,14.89,182.42,179.37,48.7,203.98,143.0,-200.0,320.0
193.71,138.42,75.41,27.66,158.29,193.78,-20.12,256.72,126.0,-236.0,386.0
187.32,124.54,58.23,30.09,177.12,187.36,4.55,253.63,134.0,-230.0,385.0
196.38,153.91,71.44,20.62,162.21,196.45,-28.97,278.85,115.0,-240.0,376.0
198.0,170.24,79.94,23.1,153.73,198.07,-52.18,288.3,90.0,-198.0,394.0
186.26,175.92,74.43,27.15,158.02,187.51,-64.09,287.75,62.0,-229.0,372.0
183.45,173.64,84.08,27.75,145.5,188.9,-74.27,273.01,102.0,-243.0,372.0
186.31,103.35,63.48,19.59,168.32,186.5,19.48,226.18,130.0,-237.0,377.0
186.89,169.13,75.17,25.9,157.42,188.97,-57.41,280.85,96.0,-239.0,392.0
190.45,192.34,94.67,31.07,135.49,194.72,-96.56,288.12,6.0,-239.0,370.0
185.42,169.58,76.76,25.25,154.6,185.65,-60.92,278.24,74.0,-193.0,379.0
191.74,148.18,68.48,19.86,166.14,191.82,-24.92,271.44,119.0,-202.0,401.0
193.49,171.81,82.25,24.35,149.66,194.21,-60.57,283.05,68.0,-241.0,373.0
202.29,127.47,63.05,14.7,175.7,202.32,11.77,266.71,97.0,-240.0,345.0
196.39,139.11,68.93,20.01,167.38,196.43,-11.65,266.57,119.0,-240.0,382.0
190.08,124.61,64.32,16.62,171.2,190.14,1.15,250.37,127.0,-217.0,399.0
196.3,159.21,79.49,20.85,154.39,196.33,-42.4,276.02,94.0,-200.0,379.0
182.52,145.02,64.68,20.56,169.42,182.74,-27.18,262.86,120.0,-207.0,391.0
178.3,151.35,71.76,22.17,157.7,179.13,-44.81,257.89,94.0,-232.0,383.0
174.11,72.06,58.85,32.66,170.1,174.14,43.2,187.32,142.0,-240.0,295.0
179.0,137.32,58.39,19.74,172.45,179.07,-16.71,257.93,93.0,-237.0,403.0
194.73,182.21,77.27,27.12,156.17,196.27,-64.75,299.67,50.0,-242.0,402.0
196.27,164.02,69.8,22.03,165.36,196.3,-37.55,290.49,87.0,-221.0,399.0
189.85,153.59,78.34,20.73,152.66,189.97,-42.08,265.1,111.0,-182.0,393.0
179.64,164.86,85.41,24.79,138.57,182.16,-70.63,259.09,50.0,-240.0,351.0
192.89,111.17,68.12,11.62,165.35,192.98,13.6,235.94,116.0,-247.0,382.0
185.92,143.36,78.01,19.12,151.37,186.19,-35.45,251.27,100.0,-225.0,393.0
199.59,155.9,82.77,19.66,150.65,199.88,-39.08,272.72,81.0,-240.0,362.0
191.84,169.92,83.16,23.9,147.36,192.77,-61.24,278.6,96.0,-248.0,376.0
181.09,156.48,78.86,23.16,151.09,182.02,-54.25,258.71,112.0,-233.0,370.0
181.04,124.87,69.22,15.62,163.21,181.48,-13.05,236.69,107.0,-246.0,360.0
180.03,95.28,60.06,19.76,175.15,180.22,24.69,215.25,147.0,-193.0,368.0
188.01,156.36,82.45,22.58,148.85,189.32,-50.8,261.92,114.0,-246.0,371.0
198.98,165.96,82.78,22.58,152.66,199.02,-49.76,282.16,79.0,-240.0,374.0
190.11,87.12,60.72,51.49,175.83,190.18,42.27,216.51,143.0,-170.0,377.0
190.76,190.78,81.68,29.62,150.74,194.47,-81.7,299.86,28.0,-241.0,370.0
165.97,88.6,64.47,36.85,165.27,166.09,12.9,190.1,124.0,-244.0,368.0
177.79,119.29,62.76,35.94,170.73,178.18,-4.26,234.32,127.0,-243.0,402.0
164.96,139.01,71.85,26.54,154.37,166.04,-45.9,232.12,113.0,-207.0,374.0
191.74,158.45,83.37,21.83,146.56,193.12,-50.08,266.82,93.0,-197.0,370.0
184.81,172.38,77.11,25.65,152.25,187.09,-64.68,280.08,52.0,-243.0,378.0
185.12,141.04,73.02,19.35,157.53,186.34,-28.94,253.14,136.0,-240.0,396.0
190.87,160.81,79.39,22.09,150.94,191.64,-49.33,272.29,41.0,-222.0,381.0
187.32,108.58,62.45,12.19,171.0,187.4,16.29,233.45,123.0,-173.0,392.0
193.37,145.94,74.35,19.13,158.19,193.76,-26.92,264.96,91.0,-244.0,369.0
195.89,183.14,83.82,26.72,146.91,196.85,-71.07,295.21,44.0,-248.0,386.0
192.39,158.49,76.3,24.55,156.26,192.45,-42.4,274.58,107.0,-171.0,399.0
183.1,154.68,71.21,23.03,162.26,184.3,-42.79,266.57,118.0,-249.0,388.0
169.22,88.75,62.51,50.98,172.21,169.29,17.96,195.46,143.0,-240.0,367.0
158.14,68.09,46.66,41.57,184.6,158.29,43.39,179.57,124.0,-248.0,325.0
181.41,109.69,62.5,17.87,170.98,181.6,9.22,228.6,135.0,-245.0,373.0
199.67,187.39,97.72,26.7,133.52,199.9,-85.44,289.34,50.0,-249.0,370.0
186.46,135.77,69.38,47.12,167.99,186.49,-18.69,252.85,129.0,-235.0,384.0
136.48,69.69,53.22,16.18,164.4,136.48,13.57,152.95,109.0,-250.0,301.0
148.86,97.31,51.82,18.4,172.22,149.24,-0.27,194.35,97.0,-249.0,345.0
119.97,35.32,36.61,85.57,186.84,119.97,48.04,118.68,117.0,-236.0,255.0
152.69,77.83,46.87,9.46,179.14,152.69,27.99,183.65,128.0,-250.0,323.0
165.91,95.99,53.17,19.66,174.94,165.91,16.75,208.73,102.0,-248.0,352.0
120.55,32.26,34.54,99.59,191.9,120.55,53.75,118.27,139.0,-230.0,271.0
148.69,85.81,53.34,18.26,168.48,148.69,9.54,181.16,110.0,-237.0,358.0
149.13,56.4,52.36,88.87,176.37,149.13,40.37,153.17,146.0,-221.0,309.0
115.7,33.91,44.44,140.97,184.55,115.7,37.35,105.17,104.0,-203.0,275.0
162.7,73.04,53.61,36.79,175.1,162.7,36.05,182.13,144.0,-179.0,317.0
177.71,118.67,65.28,28.48,162.83,177.71,-6.24,231.1,116.0,-235.0,363.0
112.0,29.03,39.39,135.71,192.03,112.0,43.58,101.64,111.0,-238.0,257.0
131.47,54.92,47.86,85.87,174.67,131.47,28.69,138.53,110.0,-223.0,349.0
176.75,108.88,66.17,30.18,162.2,176.76,1.7,219.46,127.0,-247.0,356.0
118.36,36.19,46.29,138.26,182.7,118.36,35.88,108.26,112.0,-199.0,290.0
157.3,56.1,47.76,41.35,181.77,157.3,53.44,165.64,146.0,-250.0,306.0
170.14,75.47,42.35,17.74,190.95,170.14,52.32,203.26,136.0,-249.0,352.0
135.17,45.67,45.02,97.91,181.25,135.17,44.48,135.82,138.0,-242.0,311.0
168.45,148.15,72.93,23.55,151.81,171.21,-52.63,243.67,84.0,-247.0,356.0
152.85,112.92,68.25,32.16,145.2,152.95,-28.32,197.52,90.0,-249.0,336.0
127.83,40.85,35.59,49.31,189.1,127.83,51.39,133.09,132.0,-249.0,259.0
178.23,150.4,75.63,22.43,151.44,180.21,-47.8,253.0,109.0,-245.0,361.0
180.43,179.56,79.98,28.68,143.55,182.85,-79.11,280.01,10.0,-242.0,370.0
145.15,74.31,47.07,47.68,177.78,145.15,23.77,172.39,124.0,-247.0,348.0
169.14,111.71,58.78,20.74,169.86,169.14,-1.35,222.07,133.0,-245.0,386.0
154.57,106.86,64.95,18.98,149.96,154.97,-17.24,196.48,99.0,-246.0,343.0
147.6,53.13,48.06,71.65,178.76,147.6,46.41,152.67,132.0,-224.0,306.0
177.66,112.08,66.87,22.64,157.48,177.66,-1.29,222.87,112.0,-248.0,349.0
152.94,59.94,50.76,60.76,177.04,152.94,42.24,162.12,127.0,-237.0,315.0
158.95,66.89,45.6,50.34,184.22,158.95,46.46,180.24,133.0,-253.0,359.0
179.52,109.91,64.3,14.02,165.82,179.52,5.31,225.13,133.0,-218.0,367.0
145.08,50.39,56.46,117.42,174.63,145.08,38.23,139.01,139.0,-250.0,280.0
126.94,37.13,42.62,112.58,184.88,126.94,47.19,121.45,121.0,-232.0,306.0
195.72,99.69,58.59,10.2,178.16,195.72,37.44,236.82,139.0,-166.0,368.0
192.32,96.79,54.45,24.52,179.71,192.32,41.08,234.66,121.0,-203.0,364.0
114.39,33.87,42.89,138.89,180.74,114.39,37.63,105.37,121.0,-245.0,273.0
154.23,80.65,54.91,21.08,168.9,154.23,18.67,179.97,123.0,-247.0,338.0
162.29,117.66,70.99,25.61,147.79,162.59,-26.36,208.96,101.0,-236.0,344.0
125.27,36.07,37.21,98.46,192.86,125.27,51.99,124.13,129.0,-249.0,283.0
154.47,71.38,45.23,14.1,183.99,154.47,37.86,180.62,132.0,-250.0,366.0
178.57,134.59,69.61,18.86,156.72,178.57,-25.63,243.55,87.0,-227.0,380.0
125.4,38.17,38.4,91.81,188.46,125.4,48.83,125.17,126.0,-243.0,284.0
151.34,80.74,54.62,54.59,167.88,151.34,15.98,177.46,132.0,-244.0,350.0
140.88,72.68,58.54,27.15,157.29,140.88,9.66,155.02,111.0,-243.0,333.0
108.91,36.57,40.46,113.68,177.36,108.91,31.88,105.02,110.0,-249.0,271.0
135.91,55.9,49.32,61.47,169.24,135.92,30.69,142.49,98.0,-249.0,293.0
178.83,126.45,69.03,17.63,159.52,178.83,-16.65,236.25,99.0,-237.0,361.0
129.24,43.86,41.16,98.5,182.31,129.24,44.22,131.94,145.0,-230.0,354.0
158.37,87.84,56.26,10.58,169.23,158.37,14.27,189.95,117.0,-249.0,354.0
163.93,114.36,70.49,28.2,149.36,164.11,-20.92,207.8,96.0,-235.0,347.0
135.88,41.21,39.86,81.3,189.72,135.88,54.81,137.23,132.0,-233.0,300.0
173.85,103.4,57.75,11.87,171.19,173.85,12.7,219.5,110.0,-248.0,346.0
171.31,94.22,57.14,18.38,168.7,171.31,19.95,208.39,110.0,-216.0,323.0
131.53,38.36,40.75,100.4,187.95,131.53,52.42,129.14,130.0,-247.0,257.0
183.15,153.92,68.85,21.59,161.28,183.23,-39.62,268.22,83.0,-236.0,385.0
171.11,105.45,70.85,13.98,148.82,171.15,-5.19,205.71,117.0,-239.0,345.0
178.75,114.1,64.58,16.54,164.07,178.76,0.07,228.27,125.0,-242.0,370.0
188.16,158.16,75.14,21.84,154.82,188.19,-45.14,271.18,100.0,-209.0,371.0
189.56,161.99,87.64,21.52,136.09,189.62,-60.07,263.91,46.0,-235.0,366.0
183.68,120.68,69.98,21.15,158.96,183.68,-6.98,234.38,106.0,-192.0,364.0
181.97,114.15,50.35,19.45,183.45,181.97,17.47,245.77,129.0,-249.0,409.0
125.35,44.73,40.42,86.58,182.91,125.35,40.2,129.66,142.0,-244.0,324.0
134.97,43.62,40.6,100.97,188.66,134.97,50.75,137.99,145.0,-243.0,326.0
122.95,33.26,40.49,124.9,192.77,122.95,49.2,115.72,123.0,-250.0,285.0
115.48,31.37,42.14,141.42,189.98,115.48,41.97,104.71,126.0,-250.0,260.0
130.85,37.58,44.03,124.12,188.24,130.85,49.24,124.4,124.0,-240.0,278.0
172.65,106.94,51.23,16.58,178.02,172.65,14.48,228.36,118.0,-244.0,402.0
106.65,42.9,52.38,132.12,159.24,106.67,11.37,97.17,98.0,-253.0,311.0
110.0,34.98,44.68,133.29,179.4,110.0,30.34,100.3,112.0,-241.0,285.0
134.9,46.38,50.55,120.58,177.38,134.92,37.97,130.73,131.0,-252.0,370.0
143.12,55.12,44.77,83.39,182.92,143.12,43.23,153.47,121.0,-232.0,338.0
113.68,38.44,46.16,123.79,175.21,113.68,29.08,105.96,112.0,-230.0,282.0
175.86,151.12,79.13,22.08,142.98,176.69,-54.39,247.85,59.0,-246.0,352.0
162.67,129.41,69.07,21.84,150.32,162.86,-35.81,223.01,77.0,-239.0,366.0
149.3,85.55,54.21,14.95,163.84,149.3,9.54,180.64,96.0,-217.0,352.0
165.15,120.35,64.15,16.89,159.48,165.74,-19.35,221.35,83.0,-231.0,358.0
182.87,169.96,74.73,24.99,150.65,183.26,-61.82,278.1,22.0,-238.0,382.0
167.81,104.76,62.27,19.33,159.12,167.84,0.78,210.3,97.0,-232.0,353.0
167.43,110.52,65.58,19.41,157.71,167.43,-8.67,212.37,106.0,-245.0,374.0
177.2,140.66,78.14,18.18,144.53,177.53,-41.6,239.72,78.0,-238.0,361.0
138.41,52.44,45.98,36.39,172.71,138.41,39.99,144.87,117.0,-233.0,285.0
164.92,88.66,59.2,16.29,165.69,164.92,17.06,194.38,111.0,-243.0,364.0
192.98,142.33,74.76,17.67,156.31,193.07,-24.11,260.55,106.0,-214.0,366.0
175.76,101.59,63.56,28.1,161.14,175.76,10.61,213.79,98.0,-196.0,369.0
186.31,138.11,54.06,19.37,180.03,186.31,-5.86,270.36,106.0,-247.0,407.0
113.3,38.25,45.57,124.2,177.53,113.3,29.48,105.98,124.0,-251.0,283.0
130.83,41.59,47.48,124.26,182.99,130.83,41.76,124.94,148.0,-244.0,299.0
152.82,60.14,47.64,71.96,180.8,152.83,45.04,165.32,128.0,-249.0,332.0
146.44,57.67,46.05,79.3,181.76,146.44,42.72,158.06,142.0,-250.0,363.0
129.08,42.76,44.5,99.34,185.38,129.08,41.82,127.34,127.0,-238.0,286.0
184.76,166.91,82.6,24.1,142.0,185.92,-64.75,269.07,91.0,-240.0,360.0
154.0,65.25,50.73,40.6,177.02,154.0,38.02,168.52,135.0,-252.0,313.0
162.24,62.52,48.7,67.38,186.31,162.24,51.02,176.06,143.0,-249.0,349.0
186.18,128.66,64.19,16.12,170.09,186.19,-6.67,250.65,134.0,-246.0,380.0
191.66,133.37,69.21,16.08,161.65,191.67,-10.92,255.82,97.0,-243.0,364.0
154.99,63.98,49.0,88.82,185.89,154.99,42.01,169.97,140.0,-243.0,361.0
195.99,138.76,52.24,17.01,185.64,195.99,4.99,282.51,102.0,-249.0,413.0
135.53,46.37,46.99,88.39,182.52,135.53,42.17,134.91,152.0,-248.0,357.0
150.7,50.99,45.52,87.81,187.07,150.7,54.19,156.17,135.0,-174.0,339.0
140.91,49.56,49.17,105.55,183.17,140.91,42.18,141.3,117.0,-252.0,312.0
191.94,84.09,45.95,9.94,190.79,191.94,61.9,230.08,159.0,-208.0,348.0
170.91,63.61,44.2,48.47,190.4,170.91,63.1,190.32,156.0,-181.0,331.0
182.0,172.12,81.45,26.47,144.22,183.27,-71.57,272.67,75.0,-240.0,371.0
156.49,115.81,69.83,22.12,142.55,156.54,-29.15,202.47,76.0,-239.0,354.0
162.77,84.56,54.51,9.5,169.59,162.77,23.7,192.82,126.0,-229.0,331.0
172.12,115.99,65.26,15.02,159.58,172.14,-9.13,222.85,101.0,-246.0,368.0
181.8,168.69,76.1,25.27,149.26,182.09,-62.99,274.39,72.0,-215.0,371.0
176.28,107.05,66.93,27.61,157.5,176.28,2.3,216.4,91.0,-218.0,358.0
171.17,123.34,65.03,22.07,160.95,171.17,-17.2,229.48,106.0,-212.0,388.0
150.68,89.91,63.04,23.98,153.71,150.69,-2.27,177.55,107.0,-238.0,329.0
141.06,47.02,49.64,98.6,180.75,141.06,44.4,138.44,113.0,-249.0,282.0
157.28,72.4,55.91,86.17,173.05,157.34,28.97,173.77,129.0,-247.0,391.0
184.31,157.96,76.85,21.28,149.25,184.39,-50.5,265.42,72.0,-189.0,396.0
160.88,80.21,47.45,34.38,177.86,160.88,33.22,193.64,120.0,-232.0,415.0
185.28,146.63,69.41,19.91,159.75,185.32,-30.76,262.5,113.0,-244.0,406.0
156.7,94.89,67.17,57.68,150.01,156.73,-5.36,184.42,104.0,-222.0,375.0
144.64,53.89,50.4,102.66,180.88,144.64,40.35,148.13,145.0,-215.0,325.0
176.2,100.18,58.76,23.43,171.45,176.21,17.26,217.62,154.0,-178.0,340.0
192.2,176.97,81.7,24.8,147.06,192.27,-66.47,287.47,44.0,-229.0,387.0
155.57,90.29,54.27,65.74,172.32,155.57,11.01,191.59,107.0,-235.0,390.0
191.07,135.52,48.39,17.6,190.12,191.07,7.16,278.2,128.0,-172.0,411.0
156.91,63.99,44.31,28.12,187.5,156.91,48.61,176.59,152.0,-252.0,335.0
156.94,52.45,49.73,96.68,186.34,156.94,54.76,159.66,147.0,-233.0,341.0
166.76,74.76,35.79,21.79,201.93,166.76,56.21,205.73,156.0,-249.0,397.0
177.71,69.86,43.78,11.92,194.36,177.71,64.07,203.79,162.0,-230.0,399.0
171.5,63.1,45.48,66.41,192.43,171.5,62.92,189.12,157.0,-178.0,401.0
179.95,157.79,66.21,23.45,164.08,180.69,-44.05,271.53,105.0,-225.0,385.0
164.8,73.32,56.09,55.41,171.47,164.8,35.39,182.03,146.0,-197.0,331.0
153.84,54.89,55.88,114.22,175.97,153.84,43.07,152.85,135.0,-165.0,311.0
173.15,86.25,54.2,26.74,177.55,173.15,32.7,205.2,145.0,-222.0,338.0
189.18,150.11,66.78,19.71,167.96,189.24,-27.71,272.51,94.0,-189.0,394.0
173.18,82.69,57.1,70.43,176.13,173.18,33.39,198.77,140.0,-161.0,368.0
158.59,94.62,57.19,38.7,169.36,158.59,6.78,196.02,104.0,-235.0,391.0
168.67,93.93,60.01,26.25,169.48,168.71,14.73,202.59,143.0,-246.0,335.0
143.44,40.0,40.04,96.74,193.28,143.44,63.4,143.4,152.0,-234.0,317.0
176.41,93.65,48.29,11.04,188.42,176.41,34.47,221.77,149.0,-213.0,365.0
186.96,143.3,74.68,17.7,153.96,186.96,-31.02,255.58,88.0,-222.0,365.0
163.77,77.85,50.84,30.35,177.86,163.77,35.08,190.78,130.0,-247.0,343.0
147.71,92.27,60.16,37.35,159.35,147.71,-4.72,179.82,114.0,-249.0,380.0
163.19,123.54,84.69,36.87,133.62,163.44,-45.04,202.04,101.0,-251.0,356.0
137.13,43.56,48.35,116.4,179.66,137.13,45.22,132.34,111.0,-142.0,332.0
184.58,126.55,75.14,16.93,153.67,184.59,-17.11,235.99,126.0,-239.0,369.0
169.23,122.56,61.8,19.6,162.31,169.23,-15.13,229.99,75.0,-247.0,367.0
131.39,51.47,45.57,75.68,175.63,131.39,34.35,137.29,102.0,-225.0,299.0
165.09,86.94,63.1,30.91,164.47,165.09,15.05,188.93,133.0,-228.0,357.0
176.37,132.31,78.19,20.71,144.09,176.71,-34.13,230.49,88.0,-227.0,363.0
144.52,43.82,50.71,138.08,180.18,144.52,49.99,137.63,138.0,-211.0,255.0
172.25,95.6,58.63,9.66,170.24,172.25,18.02,209.22,107.0,-249.0,339.0
187.51,124.01,66.7,14.09,165.61,187.51,-3.2,244.82,99.0,-249.0,347.0
168.32,72.71,59.63,77.05,169.89,168.32,35.98,181.4,136.0,-249.0,317.0
174.37,157.63,65.96,23.79,164.1,176.43,-49.22,266.04,87.0,-241.0,380.0
168.15,91.22,56.15,12.86,173.75,168.43,20.78,203.22,145.0,-226.0,359.0
150.4,56.86,47.86,46.44,177.46,150.4,45.68,159.4,126.0,-236.0,288.0
176.71,85.16,51.83,39.69,185.67,176.74,39.72,210.04,165.0,-216.0,384.0
185.01,104.63,61.1,14.86,173.35,185.01,19.28,228.54,162.0,-208.0,384.0
172.52,113.39,55.87,27.9,174.74,172.6,3.26,230.04,110.0,-238.0,392.0
178.89,152.87,71.97,21.99,156.67,179.11,-45.95,259.79,82.0,-246.0,374.0
178.92,157.29,74.92,22.8,151.98,179.51,-53.29,261.29,74.0,-225.0,369.0
178.34,96.66,57.98,10.52,171.71,178.61,23.7,217.02,134.0,-246.0,332.0
193.29,140.9,71.61,17.52,161.25,193.31,-19.22,262.58,109.0,-222.0,385.0
189.6,150.9,78.7,19.34,151.21,189.6,-40.0,261.8,93.0,-239.0,368.0
189.17,129.18,70.66,14.97,160.22,189.17,-10.67,247.69,97.0,-188.0,390.0
179.98,144.45,63.83,24.4,164.83,180.01,-28.3,260.6,87.0,-232.0,396.0
171.33,115.19,64.61,40.6,165.95,171.62,-8.47,221.91,140.0,-225.0,383.0
137.99,40.92,46.82,126.94,188.35,137.99,50.25,132.09,117.0,-188.0,288.0
190.23,126.55,61.12,15.94,174.12,190.23,2.56,255.66,139.0,-129.0,367.0
193.23,154.44,73.1,20.45,158.96,193.23,-34.31,274.57,47.0,-165.0,381.0
159.43,72.72,52.94,89.0,181.64,159.43,33.77,179.21,161.0,-186.0,392.0
184.02,153.9,66.3,21.09,167.71,184.14,-36.18,271.62,107.0,-226.0,399.0
167.19,117.22,67.18,25.15,159.13,167.34,-17.21,217.23,119.0,-252.0,381.0
156.44,55.31,49.19,91.68,184.3,156.44,51.94,162.56,154.0,-215.0,348.0
187.52,144.2,68.81,19.01,166.4,187.53,-25.49,262.91,128.0,-187.0,376.0
199.16,171.87,79.39,22.53,154.48,199.16,-52.1,291.64,44.0,-208.0,385.0
177.21,98.7,58.24,42.41,174.33,177.21,20.27,217.67,131.0,-243.0,398.0
178.71,120.83,49.44,24.04,186.36,178.71,8.44,250.1,128.0,-249.0,404.0
121.88,48.64,47.83,84.85,175.12,121.88,25.41,122.69,119.0,-247.0,355.0
133.86,34.69,43.07,128.32,197.15,133.86,56.1,125.48,137.0,-143.0,288.0
146.61,50.02,42.96,91.7,194.95,146.61,53.63,153.67,139.0,-210.0,358.0
168.91,91.54,38.72,20.98,198.81,168.91,38.65,221.73,134.0,-241.0,416.0
156.51,56.54,43.58,80.89,191.61,156.51,56.39,169.47,139.0,-236.0,362.0
195.34,164.35,63.75,22.11,173.42,195.37,-32.76,295.94,98.0,-235.0,402.0
127.57,47.08,51.27,118.42,171.98,127.57,29.22,123.38,115.0,-234.0,297.0
160.07,74.04,50.84,89.13,184.47,160.07,35.19,183.27,124.0,-248.0,420.0
145.15,56.22,42.85,93.12,188.41,145.15,46.08,158.52,139.0,-200.0,385.0
163.38,64.18,53.6,74.41,180.55,163.38,45.6,173.96,124.0,-191.0,338.0
176.2,94.18,47.55,38.86,189.32,176.2,34.47,222.83,145.0,-227.0,373.0
167.07,99.69,60.43,31.77,167.57,167.07,6.95,206.33,113.0,-218.0,412.0
173.8,130.85,77.43,38.54,147.5,174.22,-34.48,227.22,113.0,-232.0,374.0
161.71,61.22,51.17,60.99,178.55,161.71,49.32,171.76,139.0,-194.0,342.0
153.67,53.5,55.51,124.59,178.62,153.67,44.66,151.66,146.0,-246.0,342.0
182.72,107.04,61.05,17.67,171.22,182.72,14.63,228.71,138.0,-228.0,373.0
179.29,94.43,53.42,15.76,180.51,179.29,31.44,220.3,144.0,-243.0,390.0
173.51,164.68,64.42,26.21,164.74,174.83,-55.59,273.77,67.0,-249.0,374.0
173.79,157.57,69.09,24.04,157.29,175.96,-52.87,262.27,78.0,-216.0,380.0
170.87,88.05,53.34,11.68,176.25,170.87,29.48,205.58,130.0,-234.0,342.0
186.32,116.73,61.55,13.87,170.27,186.35,8.04,241.5,121.0,-225.0,391.0
187.83,170.75,73.78,25.49,158.39,189.84,-56.7,284.8,94.0,-224.0,376.0
172.99,145.3,62.85,22.59,165.29,172.99,-35.16,255.44,96.0,-225.0,394.0
182.29,129.62,68.08,20.79,162.08,182.53,-15.41,243.83,126.0,-248.0,368.0
170.78,118.13,68.31,16.38,156.2,170.96,-15.66,220.6,115.0,-249.0,366.0
162.61,65.69,45.57,13.59,184.39,162.61,51.35,182.73,147.0,-217.0,344.0
177.53,119.04,65.18,16.49,164.74,177.73,-6.69,231.39,127.0,-242.0,368.0
188.92,173.14,75.87,24.49,154.74,189.05,-60.09,286.19,55.0,-246.0,385.0
169.76,74.59,49.04,20.55,182.92,169.76,46.13,195.31,135.0,-245.0,387.0
157.01,92.51,49.41,32.41,180.64,157.02,15.09,200.11,128.0,-247.0,353.0
118.94,45.38,48.9,110.68,172.52,118.94,24.66,115.42,124.0,-250.0,330.0
113.4,26.61,38.91,146.85,198.29,113.4,47.88,101.1,123.0,-252.0,270.0
144.81,49.43,48.2,103.22,186.11,144.81,47.18,146.04,142.0,-212.0,364.0
172.29,102.1,54.85,13.32,175.23,172.29,15.34,219.54,141.0,-205.0,357.0
124.2,48.99,44.03,84.52,178.32,124.2,31.18,129.16,106.0,-238.0,297.0
187.19,123.62,68.53,28.16,165.85,187.21,-4.96,242.28,135.0,-228.0,392.0
178.28,162.56,75.29,24.8,149.84,180.33,-59.57,265.55,84.0,-233.0,390.0
182.84,99.43,58.52,14.14,174.05,182.84,24.89,223.75,131.0,-188.0,405.0
195.68,173.27,75.1,23.85,159.74,195.68,-52.69,293.85,121.0,-195.0,387.0
196.58,180.81,77.67,25.52,154.9,196.58,-61.9,299.72,24.0,-215.0,396.0
188.12,149.2,71.55,20.19,159.64,188.12,-32.63,265.77,94.0,-185.0,407.0
190.33,139.57,53.78,17.82,185.92,190.33,-3.02,276.12,128.0,-247.0,407.0
109.1,31.97,38.88,133.71,191.24,109.1,38.25,102.19,117.0,-246.0,289.0
134.62,38.87,42.2,115.97,194.31,134.62,53.55,131.29,153.0,-202.0,280.0
153.11,57.76,44.9,92.51,192.13,153.11,50.45,165.97,117.0,-205.0,408.0
171.56,75.95,43.74,36.2,192.12,171.56,51.87,203.77,142.0,-199.0,357.0
146.84,59.8,38.27,72.05,196.64,146.84,48.77,168.37,134.0,-147.0,374.0
185.38,120.71,49.0,18.61,184.61,185.38,15.67,257.09,114.0,-210.0,410.0
133.03,44.18,53.34,135.93,183.33,133.03,35.51,123.87,140.0,-252.0,331.0
138.98,46.77,45.46,99.53,184.81,138.98,46.75,140.29,139.0,-249.0,327.0
151.23,56.39,42.46,94.98,199.28,151.23,52.38,165.16,149.0,-188.0,390.0
196.53,108.46,39.63,12.67,204.34,196.53,48.44,265.36,152.0,-189.0,396.0
181.11,74.68,40.37,25.95,198.88,181.11,66.06,215.42,164.0,-237.0,386.0
190.23,179.63,73.9,26.47,158.54,190.53,-63.3,295.96,90.0,-226.0,381.0
139.82,46.63,43.6,86.6,185.13,139.82,49.59,142.85,134.0,-249.0,357.0
160.44,73.46,44.57,47.93,188.31,160.44,42.41,189.33,132.0,-246.0,381.0
171.17,101.48,57.39,29.0,176.49,171.17,12.3,215.26,138.0,-164.0,386.0
182.56,123.7,62.03,17.09,172.91,182.57,-3.17,244.23,143.0,-245.0,368.0
182.47,136.42,63.45,20.17,171.24,182.48,-17.4,255.44,133.0,-246.0,378.0
168.49,133.13,68.42,18.36,158.82,169.65,-33.06,233.2,112.0,-247.0,362.0
168.92,136.31,71.41,19.73,153.69,169.93,-38.8,233.82,110.0,-239.0,365.0
145.18,50.97,43.49,34.31,180.9,145.18,50.72,152.66,123.0,-233.0,295.0
174.74,123.75,62.96,16.76,169.15,174.74,-11.97,235.53,131.0,-242.0,376.0
188.55,161.2,78.08,21.75,153.59,188.55,-50.73,271.67,93.0,-198.0,373.0
163.58,68.44,47.28,31.52,181.27,163.58,47.86,184.74,125.0,-246.0,296.0
164.67,101.23,60.36,35.48,169.88,164.67,3.08,205.54,133.0,-246.0,366.0
159.25,97.49,59.47,21.81,167.44,159.31,2.29,197.27,127.0,-247.0,345.0
123.65,36.38,41.49,112.02,190.74,123.65,45.78,118.54,114.0,-236.0,279.0
165.79,111.43,56.56,31.06,177.09,165.8,-2.2,220.66,142.0,-208.0,388.0
193.53,148.44,70.91,18.32,162.41,193.53,-25.82,271.06,75.0,-215.0,384.0
160.12,67.57,43.73,44.37,188.13,160.12,48.82,183.96,128.0,-249.0,333.0
176.26,157.15,60.73,23.67,170.49,176.3,-41.62,272.68,92.0,-247.0,397.0
144.07,53.5,48.45,50.74,178.29,144.07,42.12,149.12,153.0,-242.0,354.0
157.19,61.85,45.57,60.18,189.18,157.19,49.77,173.47,151.0,-245.0,325.0
179.37,127.13,59.82,17.6,174.52,179.46,-7.58,246.68,159.0,-206.0,384.0
182.15,137.98,69.08,18.27,161.99,182.15,-24.91,251.05,119.0,-227.0,376.0
155.42,82.93,49.27,17.87,176.15,155.42,23.22,189.08,134.0,-246.0,328.0
194.01,147.76,54.07,19.5,185.58,194.01,-7.82,287.7,132.0,-219.0,412.0
176.78,91.11,57.0,37.35,176.43,176.79,28.67,210.89,147.0,-222.0,373.0
188.68,87.85,48.5,37.98,192.19,188.68,52.33,228.03,147.0,-227.0,396.0
202.99,124.78,48.7,14.59,192.89,202.99,29.51,279.07,139.0,-136.0,396.0
197.65,98.67,50.28,10.34,187.95,197.65,48.7,246.04,131.0,-187.0,366.0
177.21,81.23,44.18,31.73,194.26,177.21,51.8,214.26,143.0,-117.0,382.0
176.93,142.65,66.37,20.42,163.6,177.09,-32.09,253.21,111.0,-238.0,375.0
172.36,139.9,79.26,25.98,137.61,172.97,-46.8,233.0,92.0,-237.0,388.0
142.25,60.68,49.51,54.12,173.03,142.25,32.06,153.42,126.0,-216.0,311.0
180.1,130.63,64.46,17.12,168.68,180.1,-14.99,246.27,121.0,-226.0,382.0
197.16,175.0,76.61,24.2,157.19,197.21,-54.45,295.55,71.0,-201.0,387.0
168.74,120.79,60.91,28.98,163.46,168.74,-12.96,228.62,106.0,-246.0,398.0
177.4,121.22,52.31,18.48,183.63,177.45,3.87,246.31,129.0,-231.0,413.0
149.67,82.91,52.08,34.58,170.58,149.71,14.68,180.5,136.0,-250.0,366.0
127.19,35.86,44.61,144.75,189.62,127.19,46.72,118.44,122.0,-246.0,276.0
173.57,75.54,49.89,43.17,186.14,173.57,48.14,199.22,152.0,-206.0,373.0
179.52,111.16,53.28,29.24,183.24,179.52,15.08,237.4,128.0,-188.0,403.0
135.71,45.59,44.86,96.15,186.47,135.71,45.26,136.44,138.0,-244.0,313.0
136.29,51.51,50.23,100.46,180.72,136.29,34.55,137.57,144.0,-241.0,322.0
137.51,58.96,55.77,79.46,168.57,137.51,22.78,140.7,120.0,-242.0,334.0
97.69,29.09,41.79,150.32,187.62,97.69,26.81,84.99,87.0,-244.0,260.0
147.93,43.55,42.57,78.39,187.79,147.93,61.81,148.91,160.0,-238.0,293.0
152.72,46.27,42.97,62.09,187.94,152.72,63.48,156.02,151.0,-199.0,288.0
102.03,27.24,39.37,149.71,190.63,102.03,35.42,89.9,115.0,-249.0,259.0
148.6,77.31,53.9,51.75,171.54,148.6,17.39,172.01,143.0,-252.0,410.0
173.76,96.44,53.71,31.51,180.02,173.76,23.61,216.49,140.0,-232.0,372.0
130.76,35.83,47.7,143.54,192.29,130.76,47.23,118.89,124.0,-250.0,292.0
175.1,84.81,45.01,23.28,193.28,175.1,45.28,214.9,152.0,-233.0,371.0
182.48,84.82,47.67,31.76,187.95,182.48,49.99,219.63,140.0,-100.0,359.0
140.26,47.01,42.36,108.71,190.85,140.26,50.89,144.91,150.0,-181.0,403.0
179.81,127.56,63.25,16.22,170.23,179.82,-11.0,244.12,117.0,-239.0,392.0
177.2,126.52,64.93,29.32,164.55,177.27,-14.25,238.79,112.0,-249.0,405.0
141.85,48.95,46.52,84.9,180.84,141.85,46.38,144.28,106.0,-172.0,352.0
192.58,121.06,65.94,13.67,170.11,192.58,5.58,247.7,118.0,-183.0,376.0
206.08,183.17,77.85,23.88,159.9,206.08,-54.94,311.4,70.0,-170.0,391.0
178.05,92.59,53.58,36.87,181.21,178.05,31.88,217.06,138.0,-175.0,396.0
156.36,79.56,59.95,51.07,165.55,156.36,16.85,175.97,117.0,-243.0,371.0
173.46,154.62,74.99,23.04,148.1,175.18,-56.15,253.09,77.0,-246.0,369.0
173.22,85.9,57.72,11.6,169.29,173.22,29.6,201.4,114.0,-159.0,346.0
165.58,87.62,58.0,14.96,166.27,165.58,19.96,195.2,105.0,-224.0,333.0
173.59,103.45,62.94,19.74,163.5,173.59,7.2,214.1,122.0,-249.0,352.0
181.19,127.28,64.39,21.88,165.33,181.19,-10.48,244.08,125.0,-207.0,400.0
188.9,157.69,68.23,21.08,169.58,189.03,-37.02,278.36,119.0,-245.0,387.0
134.62,50.77,48.47,83.79,175.67,134.62,35.38,136.92,129.0,-249.0,358.0
119.67,35.86,39.17,118.58,188.31,119.67,44.64,116.36,131.0,-226.0,273.0
156.76,77.27,48.47,33.54,181.49,156.76,31.02,185.56,123.0,-245.0,408.0
183.18,103.62,48.22,20.8,189.29,183.18,31.34,238.58,131.0,-248.0,372.0
143.74,51.08,43.87,94.22,189.94,143.74,48.79,150.95,133.0,-249.0,356.0
