90.55,49.66,157,10603,2
32.91,64.24,154,9954,2
26.75,84.23,167,9773,2
36.68,84.65,171,9985,2
62.04,76.71,163,9980,2
41.7,74.99,159,9859,2
121.2,-10.26,144,11573,1
38.27,31.52,136,11390,1
30.66,48.04,127,10648,1
38.15,43.9,116,10830,1
81.32,37.18,154,10638,1
56.95,49.13,151,10762,1
102.23,22.12,128,11912,2
39.6,48.5,139,11293,2
24.44,46.34,124,11750,2
35.3,47.11,151,10954,2
73.65,67.58,155,11817,2
60.78,61.22,140,11268,2
172.43,-58.32,106,14758,2
66.77,26.02,171,14720,2
74.6,47.68,167,14356,2
81.99,36.48,172,13838,2
123.63,-4.38,140,14446,2
80.59,40.15,163,14459,2
93.24,1.71,133,12750,2
116.3,-24.28,130,12354,2
38.98,37.01,145,12044,2
121.61,-6.08,162,12679,2
129.8,-22.75,117,13104,2
43.93,30.61,144,12561,2
149.19,-50.72,141,10299,1
137.09,-39.4,90,10115,1
45.11,68.12,161,9857,1
151.14,-55.35,118,10020,1
179.64,-80.92,38,9945,1
103.88,8.45,134,9859,1
128.83,-7.63,168,12557,1
135.5,-22.71,117,12092,1
56.07,64.12,180,12071,1
109.71,19.36,182,12117,1
118.37,14.7,131,12360,1
92.73,45.25,150,12188,1
155.68,-51.15,106,12067,2
85.12,23.49,175,11139,2
49.81,62.75,161,10573,2
85.48,22.2,163,11133,2
152.6,-37.82,134,10286,2
160.03,-54.14,116,11484,2
158.27,-40.47,128,11459,1
159.75,-62.39,108,11041,1
77.09,55.33,171,11257,1
137.76,-12.98,158,11504,1
180.4,-66.64,95,11036,1
159.6,-41.95,61,11539,1
117.85,-7.98,120,10702,2
41.63,42.58,150,10062,2
39.49,55.09,153,10292,2
70.38,34.7,151,10079,2
93,20.69,152,10323,2
54,45.27,146,10165,2
183.74,-81.13,56,9973,0
87.42,19.44,157,10163,0
104.83,17.48,146,10029,0
162.07,-66.29,136,10129,0
168.72,-64.11,86,9871,0
135.46,-25.09,126,9933,0
125.5,-5.81,137,12733,2
130.52,-20.43,143,12219,2
42.98,70.17,161,12321,2
104.8,23.64,163,12462,2
136.55,-7.6,114,12181,2
97.03,33.35,119,12621,2
172.51,-62,64,11417,1
156.39,-67.68,75,10814,1
131.29,-17.33,143,10638,1
175.08,-82.12,104,10659,1
165.75,-54.82,42,10930,1
156.95,-47.06,93,10813,1
126.8,-15.23,155,9757,1
88.95,5.66,148,9807,1
42.32,53.31,149,9675,1
81.55,36.5,151,9692,1
143.15,-33.64,128,9771,1
124.82,-7.51,121,9588,1
93.48,30.13,161,12250,2
164.82,-58.98,94,11480,2
60.7,57.04,153,11588,2
103.02,27.36,174,11719,2
138.55,-3.46,133,11873,2
145.88,-26.64,97,11987,2
138.64,-27.71,118,7527,2
34.65,27.82,101,7428,2
33.41,50.76,134,7122,2
40.37,44.73,149,6942,2
70.26,26.19,120,7154,2
51.51,39.37,130,7076,2
129.56,-28.57,143,12723,1
133.12,-34.59,123,11721,1
72.7,47.18,149,11726,1
89.69,26.71,141,11755,1
100.24,15.43,136,11765,1
157.56,-54.16,100,12165,1
166.6,-57.37,123,15211,2
110.98,5.95,138,14536,2
44.57,54.86,166,14936,2
85.59,27.99,171,15384,2
116.72,14.13,152,15044,2
156.02,-36.73,117,15253,2
133.34,-20.92,142,10033,1
81.27,21.9,150,9848,1
32.86,70.1,174,9675,1
88.93,21.73,154,9905,1
162.89,-53.58,94,9621,1
134.15,-19.34,117,9870,1
145.25,-44.75,129,10791,2
102.76,4.02,133,10664,2
64.44,56.9,157,10064,2
138.62,-25.15,136,10386,2
175.92,-68.58,62,10221,2
148.63,-44.62,96,10238,2
157.57,-53.19,102,12182,2
79.36,19.38,159,11811,2
48.84,57.79,173,11377,2
98.55,8.3,169,11460,2
159.45,-64.13,112,11425,2
148.31,-43.67,93,11497,2
184.08,-83.22,30,8496,0
180.42,-86.88,44,8278,0
149.27,-39.98,72,8125,0
178.36,-89.44,71,8520,0
189.31,-100.03,64,8421,0
185.78,-85.07,19,8153,0
136.13,-30.76,134,10525,0
170.85,-78.21,37,10253,0
131.53,-24.64,151,10375,0
143.53,-35.02,148,10107,0
165.69,-58.19,78,10171,0
167.86,-63.65,81,10584,0
105.98,-4.04,130,10500,0
121.95,-25.95,124,10453,0
67.61,37.2,147,10268,0
93.56,19.22,138,9876,0
159.92,-57.2,95,10156,0
108.65,2.26,122,10070,0
66.35,29.94,146,8413,0
108.35,-11.69,122,8091,0
30.98,50.41,118,8132,0
62.35,53.75,144,8064,0
95.19,21.85,129,8046,0
54.33,41.26,117,7983,0
115.6,-7.59,159,13261,1
128.13,-24.71,91,12413,1
58,58.37,145,12622,1
101.12,21.08,149,12463,1
96.83,25.68,127,12551,1
67.2,43.64,139,12340,1
105.8,4.84,133,12149,2
73.87,17.4,134,11650,2
32.13,35.68,97,11103,2
58.67,56.74,144,11260,2
98.11,22.95,139,11726,2
35.54,43.58,145,11966,2
71.91,24.24,158,13894,1
130.02,-34.4,111,13278,1
52.59,56.41,174,13606,1
69.01,43.43,150,13396,1
41.81,70.19,170,13474,1
82.11,27.69,133,13121,1
132.51,-32.19,124,10216,0
89.52,16.46,148,9618,0
60.16,57.32,144,9304,0
105.74,15.97,135,9355,0
155.3,-47.87,94,9281,0
111.88,5.67,124,9586,0
97.16,0.95,129,11516,2
122.18,-33,127,10823,2
49.25,38.52,128,10903,2
81.3,8.22,113,10937,2
160.29,-60.15,63,10829,2
136.23,-30.45,111,11596,2
85.37,38.72,157,15582,2
51.62,42.74,166,14800,2
34.04,31.4,139,15358,2
64.35,62.84,181,15861,2
76.94,59.39,158,15401,2
39.73,44.72,169,15580,2
140.65,-36.36,134,11488,0
155.76,-62.39,71,10720,0
130.53,-17.83,116,11111,0
173.04,-67.36,80,11168,0
157.7,-53.5,101,11590,0
126.64,-8.37,101,11339,0
146.58,-37.88,103,10534,0
66.77,37.18,153,10239,0
77.31,42.71,165,9366,0
109.64,4.6,132,10387,0
113.65,-0.78,139,9513,0
78.48,35.1,152,9883,0
141.41,-45.24,108,13652,1
73.69,3.37,145,12695,1
62.56,44.4,147,12306,1
127.29,-19.99,139,12313,1
114.46,-22.84,137,12792,1
52.64,38.32,151,12710,1
135.43,-40.93,129,11512,2
65.86,14.96,162,11726,2
34.83,33.14,141,11465,2
98.28,-2.19,146,10680,2
150.85,-50.14,88,11464,2
42.32,26.17,123,11684,2
169.15,-47.85,98,11001,1
58.19,39.64,154,10686,1
109.74,3.33,198,11308,1
116.27,18.48,157,10865,1
93.69,35.33,181,10631,1
102.91,9.97,181,10987,1
109.73,8.26,149,17018,2
79.79,31.16,152,15722,2
42.51,43.2,147,15863,2
106.33,25.56,166,16081,2
123.83,11.66,134,16822,2
48.22,63.13,180,15886,2
112.13,15.99,152,7324,2
78.44,28.11,143,7383,2
30.87,56.99,149,7860,2
40.09,49.11,126,7351,2
138.39,-25.5,121,8012,2
70.37,63.64,148,7484,2
147.53,-25.87,140,11965,2
120.11,-13.25,161,12179,2
51.14,61.69,160,12185,2
149.5,-30.56,132,11833,2
168.08,-53.92,54,12093,2
86.14,24.77,149,12395,2
153.19,-50.14,109,8623,1
146.1,-52.6,106,8465,1
61.32,49.65,140,8524,1
167.72,-70.89,121,8242,1
182.36,-86.24,48,8249,1
103.26,-2.09,125,8548,1
132.94,-17.89,92,9491,0
39.49,33.2,138,8854,0
49.78,47.37,133,8600,0
56.58,42.63,117,8883,0
45.11,61.34,162,8668,0
42.4,60.57,145,8784,0
156.26,-20.21,113,14729,0
41.56,31.98,130,14218,0
51.34,39.82,152,14501,0
118.01,17.68,149,14105,0
77.48,56.71,163,14266,0
58.76,44.94,166,14540,0
113.37,7.95,152,12043,2
89.76,9.41,167,11854,2
33.05,67.16,154,11437,2
106.03,12.2,155,11935,2
78.27,53.34,153,11777,2
39.88,69.46,170,11545,2
48.49,43.02,148,9444,2
104.77,8.45,142,9145,2
31.24,81.54,156,8980,2
61.72,64.18,158,8903,2
68.1,58.87,153,8742,2
32.71,82.98,182,8730,2
133.91,-12.77,145,12088,2
154.65,-40.54,86,11303,2
106.67,27.08,133,11386,2
153.8,-32.53,128,11269,2
149.19,-21.06,98,11296,2
113.99,21.22,137,11488,2
65.26,33.66,149,9467,0
149.94,-49.74,88,9015,0
43.94,54.98,156,8563,0
76.81,38.87,137,8840,0
119.11,-8.64,100,8882,0
69.09,42.64,143,8417,0
176.8,-62.05,58,9279,0
65,25.88,126,9345,0
83.92,19.18,143,8895,0
98.71,20.88,153,8786,0
147.5,-35.64,109,8929,0
86.87,18.21,114,8931,0
82.83,34.03,144,9445,1
39.82,43.57,152,8898,1
22.73,57.34,141,8461,1
24.35,50.97,111,8344,1
85.59,40.56,143,8946,1
33.68,61.15,140,8844,1
126.79,-0.76,141,11553,1
101.51,1.42,160,11227,1
36.1,54.84,144,11292,1
131.75,-3.09,163,11593,1
165.1,-34.03,75,11291,1
81.73,34.81,157,11275,1
100.03,14.11,143,13188,2
115.93,-4.4,144,12608,2
36.96,76.08,158,12359,2
68.54,57.54,154,12554,2
114.02,15.8,141,12548,2
71.05,54.72,154,12535,2
102.35,23.92,131,16111,2
59.26,37.62,148,15332,2
39.55,16.98,126,16128,2
58.37,53.9,140,15293,2
100.58,48.25,160,15957,2
59.09,41.81,165,15993,2
175.78,-66.28,46,12658,2
103.69,-1.56,138,12370,2
106.14,14.04,141,12448,2
148.52,-33.99,124,12442,2
167.91,-56.48,58,12584,2
120.93,-2.16,134,12448,2
89.06,32.44,139,12831,2
40.78,59.25,181,11845,2
42.59,51.02,133,11907,2
69.1,69.51,165,12099,2
65.92,66.87,166,11802,2
33.52,51.55,135,12531,2
121.35,-17.98,102,13585,2
56.7,19.95,137,13271,2
60.48,31.21,121,12862,2
72.52,37.83,137,12652,2
103.8,7.75,127,12991,2
59.11,30.32,112,12346,2
142.44,-44.43,93,12742,1
155.66,-52.1,81,12169,1
100.44,6.26,129,11589,1
134.52,-29.82,96,12217,1
150.75,-42.79,83,11951,1
104.14,10.78,129,12499,1
158.34,-48.37,121,10911,1
161.88,-62.03,68,10684,1
106.81,20.04,111,10348,1
169.81,-59.8,79,10140,1
180.47,-70.6,31,10393,1
163.62,-50.68,44,10529,1
170.17,-67.94,80,9518,0
119.45,-23.57,136,9367,0
63.71,41.8,132,9087,0
142.49,-31.99,111,8967,0
182.3,-74.64,46,9028,0
105.76,1.4,124,8906,0
140.94,-24.64,138,16914,1
154.38,-41.25,122,16189,1
104.45,25.68,149,17033,1
155.17,-33.2,114,16878,1
166.2,-49.54,59,15969,1
126.31,-1.93,124,16324,1
164.27,-54.47,80,11200,0
144.41,-42.98,115,10875,0
68.8,52.81,138,10619,0
136.25,-20.38,140,10998,0
185.93,-80.34,36,10433,0
105.12,14.2,124,10754,0
163.5,-38.33,103,9554,2
108.62,2.11,146,9820,2
71.35,45.46,135,9322,2
131.64,-10.31,143,9286,2
168.37,-42.43,66,8973,2
135.59,-10.5,112,9666,2
167.05,-55.01,108,9027,2
87.34,9.88,139,9448,2
65.81,32.97,148,9032,2
71.61,32.56,132,8751,2
118.87,8.81,123,9249,2
119.44,0.21,144,9445,2
166.8,-61.64,91,11925,1
139.87,-48.2,72,11568,1
109.75,4.1,109,11698,1
146.17,-38.46,81,11641,1
150.33,-44.62,61,11954,1
138.22,-34.33,89,12087,1
131.48,-22.17,104,11521,1
143.37,-39.08,81,11448,1
91.73,23.72,125,10642,1
134.74,-20.6,95,10685,1
157.88,-38.26,92,11558,1
143.3,-31.12,81,11583,1
163.72,-51.13,88,9083,2
109.97,-11.34,102,9120,2
78.24,31.92,123,8758,2
136.93,-21.49,98,8578,2
166.91,-47.14,57,9065,2
146.06,-35.84,86,8561,2
183.01,-74.12,62,11111,1
105.04,-5.29,136,10853,1
72.36,38.74,143,10654,1
164.83,-55.34,112,11180,1
161.38,-55.28,76,11251,1
90.43,14.15,126,10459,1
175.88,-69.76,103,9318,2
110.68,-9.51,138,9075,2
52.19,55.89,150,9036,2
164.41,-54.63,91,9021,2
167.11,-56.24,79,9074,2
75.94,36.57,154,8780,2
137.03,-17.36,152,16777,2
105.33,10.06,164,15460,2
49.51,37.03,147,15665,2
70.08,49.67,145,15688,2
127.89,18.1,130,16235,2
76.95,52.3,186,15836,2
162.16,-31.04,114,11149,2
106.46,17.74,154,10884,2
121.5,18.54,137,10762,2
119.22,20.39,126,10862,2
143.21,-8.47,135,10558,2
127.07,11.99,118,10950,2
168.24,-72.6,89,11730,0
164.32,-72.73,48,11378,0
150.11,-46.92,119,11107,0
169.2,-69.03,64,10950,0
172.27,-73.44,47,11212,0
166.72,-70.77,53,11004,0
129.6,-32.69,98,5778,0
87.49,1.99,121,5632,0
40.9,52.98,119,5542,0
135.15,-33.33,112,5556,0
166.31,-64.76,42,5321,0
73.49,27.23,110,5656,0
159.27,-67.62,108,7298,0
154.97,-64.6,87,7174,0
93.02,10.5,108,7049,0
167.95,-78.61,75,6814,0
184.97,-99.06,19,6880,0
151.15,-56.51,86,7159,0
125.63,-26.47,138,9356,0
147.71,-49.41,107,8888,0
84.98,25.55,134,8504,0
139.64,-35.6,118,9050,0
178.52,-70.8,34,8725,0
126.31,-18.52,113,9034,0
60.52,38.55,145,8736,1
55.2,26.88,114,8276,1
26.1,50.18,133,7780,1
37.78,63.39,156,8320,1
84.55,40.09,145,8284,1
34.82,47.72,122,8216,1
79.49,18.41,136,11739,1
103.08,-9.1,142,11373,1
49.44,40.07,146,11502,1
112.88,5.68,145,11445,1
155.64,-44.47,53,11546,1
93.17,9.87,115,10911,1
48.27,28.1,131,9867,2
71.11,24.19,151,9634,2
29.38,53.02,117,9619,2
40.56,60.23,137,9937,2
43.82,68.9,160,10143,2
30.12,67.94,145,10035,2
168.82,-62.71,97,9609,1
143.72,-42.33,83,9016,1
144.8,-30.96,82,9273,1
173.14,-65.41,85,9009,1
182.09,-72.73,26,9155,1
155.36,-48.16,60,9316,1
150.65,-38.08,99,14256,1
158.2,-49.46,97,13667,1
104.23,28.1,150,13351,1
122.67,9.84,135,13259,1
160.17,-44.18,72,13544,1
110.32,19.38,141,13917,1
176.64,-70.89,68,9890,0
156.04,-52.88,109,9867,0
136.88,-14.92,136,9878,0
182.78,-78.39,77,9746,0
144.55,-28.76,120,9484,0
143.24,-35.12,107,9382,0
167.91,-64.38,112,11330,0
162.53,-65,56,10744,0
118.72,7.1,145,10494,0
164.06,-56.16,65,10351,0
182.15,-77.69,16,10437,0
166.41,-59.74,85,10339,0
187.9,-83.04,22,7979,0
126.09,-18.7,123,7818,0
142.04,-26.95,128,8000,0
178.84,-73.48,72,7553,0
172.98,-65.77,36,7557,0
153.21,-48.93,97,7456,0
102.69,-1,130,7323,1
148.92,-51.75,70,7038,1
65.79,32.77,127,7180,1
136.36,-32.35,77,6873,1
172.73,-62.28,54,6965,1
115.28,-6.38,123,6664,1
127.1,-15.62,127,8561,1
124.44,-19.97,136,8440,1
45.75,59.36,145,7951,1
112.53,5.85,159,7979,1
174.32,-62.13,61,7920,1
117.15,1.28,125,8179,1
174.51,-68.37,105,9357,0
117.05,-18.07,137,9175,0
64.16,44.28,147,9040,0
174.09,-65.76,78,9245,0
150.72,-40.88,106,9061,0
68.31,40.83,151,9157,0
165.23,-63.52,69,6338,0
162.54,-72.86,72,6252,0
126.93,-26.54,65,5968,0
169.83,-67.07,88,6098,0
177.47,-79.77,40,6043,0
157.27,-57.62,61,6041,0
167.8,-57.69,84,10096,0
117.39,-9.44,120,9758,0
111.81,3.49,128,9454,0
118.59,5.83,141,9601,0
171.13,-57.59,78,9541,0
152.5,-41.72,96,9959,0
168.61,-60.37,61,10765,1
154.52,-54.13,104,10285,1
116.4,0.86,135,10217,1
154.3,-43.32,75,10247,1
185.31,-76.39,16,10116,1
147.89,-39.48,105,10610,1
166.63,-67.76,38,8690,0
143.16,-45.59,83,8490,0
113.65,-1.98,113,8455,0
155.18,-51.37,67,8084,0
171.52,-69.57,23,8088,0
147.82,-42.15,90,8192,0
156.33,-47.45,102,8895,1
149.35,-45.25,111,8941,1
100.47,18.94,146,8666,1
170.36,-60.34,104,8285,1
167.81,-53.64,106,8971,1
131.95,-16.66,115,8699,1
184.66,-92.5,29,6684,0
167.13,-74.55,57,6639,0
148.41,-46.11,66,6630,0
179.55,-81.92,53,6587,0
176.02,-79.44,21,6255,0
172.96,-75.49,57,6416,0
155.5,-50.5,86,9983,0
119.08,-14.13,123,9770,0
105.08,14.84,135,9725,0
140.38,-21.17,115,9758,0
163,-54.1,93,9987,0
115.82,-0.42,151,9742,0
85.69,26.93,149,12973,2
109.26,10.95,125,12475,2
51.33,60.92,148,12749,2
59.05,69.47,154,12151,2
113.79,24.61,131,12682,2
45.37,72.81,177,12710,2
150.9,-55.96,40,6216,2
91.2,-1.35,103,6241,2
91.9,5.8,117,5901,2
123.51,-21.22,87,6037,2
161.54,-54.35,62,5882,2
118.17,-14.59,91,6217,2
164.6,-58.13,134,9207,0
130.47,-31.92,132,9130,0
39.75,74.27,162,8745,0
141.63,-37.17,107,9346,0
184.56,-81.59,49,8931,0
115.58,-3.1,164,9104,0
145.02,-29.85,106,10614,1
103.04,1.14,167,10300,1
45.65,64.27,155,10140,1
133.26,-11.86,149,10264,1
159.95,-45.88,109,10452,1
60.05,47.73,149,10161,1
130.21,-30.47,110,8436,0
82.64,15.37,156,8322,0
48.46,45.59,118,7923,0
113.52,-3.32,120,7789,0
139.57,-30.78,105,7926,0
48.59,56.79,159,7743,0
149.17,-46.24,85,9174,2
82.48,18.04,147,8828,2
84.27,28.41,136,8536,2
144.78,-34.78,100,9017,2
157.21,-56.32,65,8538,2
116.58,-6.37,125,9288,2
150.18,-31.74,95,13648,1
122.51,-11.81,148,12920,1
50.15,57.57,153,13599,1
114.42,12.4,137,13405,1
158.92,-38.69,81,13338,1
95.08,27.34,151,13651,1
117.96,2.12,149,7612,0
58.75,46.3,158,7514,0
18.75,75.57,156,6870,0
122.06,-1.13,152,7038,0
141.24,-5.08,127,6787,0
24.76,76.2,150,7172,0
172.6,-55.34,85,8951,1
156.18,-55.33,106,8723,1
86.91,43.77,166,9278,1
171.39,-65.65,116,8759,1
181.17,-81.74,66,8953,1
101.14,24.72,150,8857,1
103.09,20.08,112,14698,2
74.82,28.36,114,13737,2
52.47,24.67,119,14256,2
54.72,31.33,117,14482,2
105.45,31.47,126,14301,2
76.6,50.24,126,14424,2
131.79,-35.05,104,8173,2
65.72,13.85,124,8105,2
63.58,18.2,87,7832,2
103.63,5.25,117,7829,2
133.3,-26.88,84,8062,2
82.08,15.71,109,7878,2
123.97,-16.68,109,8300,0
109.9,0.74,131,8212,0
50.72,40.24,122,8117,0
84.33,35.27,130,7993,0
168.27,-59.52,91,8038,0
116.32,-4.35,105,8217,0
103.67,-5.04,115,8700,1
123.01,-35.41,103,8310,1
56.54,34.26,117,8274,1
77.72,19.52,107,8474,1
134.06,-26.04,94,8127,1
96.33,15.66,108,8793,1
104.41,-4.14,79,9234,2
69.87,23.43,127,9030,2
61.23,40.49,124,8726,2
120.25,-11.18,107,8887,2
108.97,-4.51,77,8722,2
61.93,34.71,109,8662,2
110.48,-12.59,118,12828,0
158.63,-61.91,78,12364,0
66.74,36.2,118,12548,0
77.87,29.99,122,12455,0
107.95,2.64,126,12265,0
141.67,-33.62,115,12648,0
124.52,-17.46,90,9511,2
121.24,-4.7,117,9556,2
67.93,34.36,122,9022,2
129.55,-10.96,110,9023,2
110.17,11.81,103,8805,2
81.27,29.92,115,8777,2
146.21,-44.1,86,8025,1
117.54,-13.78,117,7932,1
61.54,40.65,131,7729,1
148.35,-31.98,122,7926,1
196.67,-86.54,20,7721,1
131.19,-30.15,88,7687,1
171.97,-72.82,52,9870,1
141.52,-40.95,94,9539,1
98.33,20.75,127,9435,1
160.47,-52.3,99,9591,1
178.14,-72.21,48,9769,1
172.81,-69.66,80,9456,1
146.28,-41.34,85,12172,1
61.92,34.36,136,11907,1
73.25,32.07,120,11614,1
109.47,4.42,122,10987,1
151.86,-45.17,73,11290,1
100.83,8.63,132,11617,1
150.46,-57.36,66,10069,0
110.3,-25.71,93,9813,0
66.23,9.64,81,9586,0
105.09,-14.98,69,9451,0
173.5,-85.07,47,9620,0
186.07,-100.21,29,9658,0
95,15.53,117,7854,2
58.56,11.02,99,7701,2
36.32,38.06,119,7285,2
57.59,28.16,111,7554,2
104.71,0.82,83,7381,2
66.51,37.78,108,7431,2
86.73,11.94,125,5537,2
141.77,-43.57,77,5484,2
56.23,39.28,96,5679,2
73.22,31.48,104,5213,2
122.9,-17.05,105,5656,2
100.23,9.74,84,5342,2
92.63,6.08,115,9549,2
90.48,7.14,115,9308,2
52.85,27.51,130,8909,2
126.26,-26.38,131,9023,2
158.12,-54.99,84,9008,2
90.66,14.11,107,8752,2
107.23,17.59,108,11141,2
40.83,27.9,107,10585,2
49.69,23.65,117,10192,2
49.86,44.98,131,10023,2
80.8,49.54,123,10461,2
80.8,49.54,123,10461,2
139.93,-36.91,109,11224,1
110.59,-13.89,96,11102,1
52.99,36.36,120,11063,1
75.05,30.08,131,11099,1
153.57,-43.16,95,10869,1
159.92,-49.18,40,11043,1
112.21,-17.41,105,12505,0
162.78,-67.94,100,11849,0
70.95,41.38,129,12507,0
136.5,-40.4,127,11764,0
156.94,-54.98,83,12203,0
119.31,-15.39,99,12170,0
168,-69.66,82,12340,1
103.49,-8.63,111,12137,1
102.84,0.61,101,11883,1
103.05,-1.16,88,11815,1
139.8,-43.02,94,11929,1
186.16,-93.42,44,11860,1
88.05,23.85,120,14024,2
71.1,26.71,135,13080,2
45.07,16.27,102,13885,2
47.45,23.47,103,13584,2
66.01,49.04,123,13818,2
68.33,57.98,145,13880,2
166.47,-68.03,63,12913,1
69.46,18.72,116,12572,1
89.57,11.29,110,12622,1
91.36,18.41,122,12861,1
108.62,0.38,122,13060,1
112.76,-5.29,117,13004,1
115.06,-5.36,139,12205,0
116.7,-20.75,98,12046,0
76.96,18.63,119,11569,0
68.63,35.26,119,11415,0
57.87,52.41,133,12065,0
94.75,25.47,134,11943,0
126.79,-13.47,108,8953,2
135.29,-36.41,121,8652,2
56.12,31.36,124,8471,2
76.43,20.4,100,8620,2
137.72,-32.18,100,8585,2
152.84,-37.79,92,8497,2
142.2,-34.09,119,8655,1
86.29,12.51,127,8423,1
53.2,49.49,125,8217,1
71.27,40.94,133,8460,1
157.6,-58.5,115,8161,1
151.55,-46.13,91,8324,1
131.84,-23.42,131,11142,1
102.47,-2.31,109,10869,1
70.07,32.37,133,11030,1
92.58,13.44,117,11247,1
154.98,-45.85,65,10777,1
83.79,30.25,131,11149,1
165.59,-57.71,96,9319,1
98.26,18.3,142,9192,1
72.14,30.82,136,9121,1
125.62,-13.82,164,9130,1
151.08,-37.88,83,9191,1
80.5,45.34,156,8969,1
95.49,10.79,125,10215,1
130.08,-28.48,100,9874,1
63.75,28.77,106,9627,1
85.54,17.13,120,9850,1
150.14,-43.52,107,9526,1
98.78,17.9,116,9914,1
86.13,28.17,137,14022,1
172.42,-72.8,75,13051,1
87.14,30.15,145,13846,1
112.05,1.19,127,13229,1
118.01,-7.33,125,12871,1
120.24,-7.52,121,13259,1
170.8,-64.46,96,9480,0
80.27,7.38,130,9299,0
77.18,26.68,125,9152,0
87.55,10.77,109,8820,0
145.44,-48.23,107,8884,0
147.42,-42.46,88,9273,0
101.58,10.71,134,10204,1
66.41,25.95,129,9712,1
46.11,48.23,117,9453,1
57.04,54.54,143,10096,1
101.82,24.76,123,9872,1
104.07,19.61,115,9776,1
169.21,-78.65,41,10584,0
147.62,-59.36,49,10110,0
116.24,-17.69,83,9629,0
133.65,-37.53,62,9676,0
178.28,-85.37,50,9594,0
192.29,-96.92,0,9727,0
162.95,-52.72,104,9789,0
76.94,26.03,132,9252,0
60.3,47.1,146,9201,0
98.43,18.16,117,9411,0
159.26,-50.3,105,9048,0
94.28,24.96,132,9517,0
172.03,-70.19,118,9371,1
172.6,-75.28,79,9085,1
81.84,23.19,129,9087,1
100.77,5.42,125,9246,1
199.13,-97,33,9171,1
174.5,-68.19,54,9140,1
149.71,-44.06,126,8467,1
83.23,30.84,129,8588,1
62.24,49.49,136,8107,1
64.94,49.79,132,8103,1
128.98,-16.65,122,7912,1
144.12,-34.94,95,8122,1
139.47,-4.72,89,13968,2
83.49,31.89,159,13083,2
52.32,53.3,131,13448,2
56.5,55.27,154,13341,2
112.23,23.63,140,13375,2
114.24,28.27,123,13488,2
96.27,22.84,142,11856,1
78.53,27.19,143,11826,1
38.5,40.73,124,11642,1
73.33,38.74,128,11384,1
110.81,22.04,110,11709,1
57.54,47.38,143,11637,1
153.37,-30.02,96,10581,2
144.73,-39.98,99,10286,2
94.01,32.4,129,10539,2
111.67,12.82,120,10510,2
99.24,25.94,138,10773,2
101.3,25.64,145,10586,2
124.8,-8.12,121,11294,0
101.2,11.03,129,10778,0
58.11,48.6,130,10807,0
85.63,39.75,135,10898,0
126.88,-0.47,93,11034,0
138.62,-16.5,106,10543,0
149.72,-48.37,76,9634,0
179.15,-86.38,12,9509,0
104.33,-1.31,101,9532,0
137.97,-43.39,89,9326,0
180.94,-86.96,52,9477,0
166.5,-70.05,53,9443,0
80.74,19.27,117,10962,1
104.87,-1.4,135,10666,1
67.22,50.32,136,10421,1
100.62,27.55,125,10946,1
68.76,40.24,127,9962,1
57.44,37.15,143,10820,1
125.8,-5.52,104,9746,2
76.97,32.95,128,9740,2
46.78,33.54,98,9205,2
77.3,32.4,142,9636,2
101.27,28.68,125,9018,2
109.64,20.8,112,9489,2
143.67,-33.52,107,8991,0
150.51,-49.01,102,8690,0
91.28,31.27,113,8697,0
156.38,-46.88,101,8437,0
189.5,-81.35,46,8606,0
121.03,-1.12,109,8455,0
164.11,-56.52,98,11824,0
62.41,39.71,156,11661,0
72.63,34.95,127,11270,0
87.88,20.57,127,11197,0
156.05,-47.59,97,11240,0
164.64,-60.17,76,11494,0
184.86,-63.49,64,9980,0
77.64,48.7,143,9809,0
138.42,-20.12,126,9525,0
124.54,4.55,134,9427,0
153.91,-28.97,115,9466,0
170.24,-52.18,90,9792,0
175.92,-64.09,62,9318,0
173.64,-74.27,102,8945,0
103.35,19.48,130,8623,0
169.13,-57.41,96,8990,0
192.34,-96.56,6,8654,0
169.58,-60.92,74,9195,0
148.18,-24.92,119,10906,0
171.81,-60.57,68,10465,0
127.47,11.77,97,10723,0
139.11,-11.65,119,10377,0
124.61,1.15,127,10797,0
159.21,-42.4,94,10340,0
145.02,-27.18,120,12935,1
151.35,-44.81,94,12428,1
72.06,43.2,142,12774,1
137.32,-16.71,93,12691,1
182.21,-64.75,50,12571,1
164.02,-37.55,87,12659,1
153.59,-42.08,111,11185,0
164.86,-70.63,50,10618,0
111.17,13.6,116,10512,0
143.36,-35.45,100,10927,0
155.9,-39.08,81,10512,0
169.92,-61.24,96,10506,0
156.48,-54.25,112,10982,0
124.87,-13.05,107,10374,0
95.28,24.69,147,10117,0
156.36,-50.8,114,10231,0
165.96,-49.76,79,10134,0
87.12,42.27,143,10066,0
190.78,-81.7,28,8678,0
88.6,12.9,124,8811,0
119.29,-4.26,127,8120,0
139.01,-45.9,113,9176,0
158.45,-50.08,93,8503,0
172.38,-64.68,52,8297,0
141.04,-28.94,136,11202,1
160.81,-49.33,41,10957,1
108.58,16.29,123,10688,1
145.94,-26.92,91,10337,1
183.14,-71.07,44,10307,1
158.49,-42.4,107,10367,1
154.68,-42.79,118,10733,0
88.75,17.96,143,10245,0
68.09,43.39,124,10062,0
109.69,9.22,135,10393,0
187.39,-85.44,50,10337,0
135.77,-18.69,129,10170,0
69.69,13.57,109,10420,0
97.31,-0.27,97,10565,0
35.32,48.04,117,9976,0
77.83,27.99,128,9577,0
95.99,16.75,102,9624,0
32.26,53.75,139,9674,0
85.81,9.54,110,10888,2
56.4,40.37,146,10595,2
33.91,37.35,104,9982,2
73.04,36.05,144,10043,2
118.67,-6.24,116,10064,2
29.03,43.58,111,9914,2
54.92,28.69,110,12768,2
108.88,1.7,127,12410,2
36.19,35.88,112,11710,2
56.1,53.44,146,12013,2
75.47,52.32,136,12189,2
45.67,44.48,138,11431,2
148.15,-52.63,84,11113,0
112.92,-28.32,90,10853,0
40.85,51.39,132,10542,0
150.4,-47.8,109,10390,0
179.56,-79.11,10,10529,0
74.31,23.77,124,10574,0
111.71,-1.35,133,12032,1
106.86,-17.24,99,11639,1
53.13,46.41,132,11554,1
112.08,-1.29,112,11943,1
59.94,42.24,127,11815,1
66.89,46.46,133,11321,1
109.91,5.31,133,11196,1
50.39,38.23,139,10537,1
37.13,47.19,121,10042,1
99.69,37.44,139,9925,1
96.79,41.08,121,10054,1
33.87,37.63,121,9978,1
80.65,18.67,123,10992,0
117.66,-26.36,101,10490,0
36.07,51.99,129,10496,0
71.38,37.86,132,10388,0
134.59,-25.63,87,10539,0
38.17,48.83,126,10777,0
80.74,15.98,132,11167,1
72.68,9.66,111,10839,1
36.57,31.88,110,10708,1
55.9,30.69,98,10339,1
126.45,-16.65,99,10741,1
43.86,44.22,145,10799,1
87.84,14.27,117,10729,0
114.36,-20.92,96,9960,0
41.21,54.81,132,9808,0
103.4,12.7,110,10037,0
94.22,19.95,110,10085,0
38.36,52.42,130,10379,0
153.92,-39.62,83,11797,0
105.45,-5.19,117,11574,0
114.1,0.07,125,12180,0
158.16,-45.14,100,11669,0
161.99,-60.07,46,11837,0
120.68,-6.98,106,11590,0
114.15,17.47,129,10523,2
44.73,40.2,142,10226,2
43.62,50.75,145,9821,2
33.26,49.2,123,9949,2
31.37,41.97,126,9625,2
37.58,49.24,124,10148,2
106.94,14.48,118,13715,0
42.9,11.37,98,13064,0
34.98,30.34,112,12592,0
46.38,37.97,131,12711,0
55.12,43.23,121,12849,0
38.44,29.08,112,12773,0
151.12,-54.39,59,10426,0
129.41,-35.81,77,10190,0
85.55,9.54,96,9922,0
120.35,-19.35,83,9794,0
169.96,-61.82,22,9973,0
104.76,0.78,97,10081,0
110.52,-8.67,106,11064,0
140.66,-41.6,78,11103,0
52.44,39.99,117,10676,0
88.66,17.06,111,10748,0
142.33,-24.11,106,10495,0
101.59,10.61,98,10465,0
138.11,-5.86,106,11320,0
38.25,29.48,124,10925,0
41.59,41.76,148,10545,0
60.14,45.04,128,10792,0
57.67,42.72,142,10537,0
42.76,41.82,127,10265,0
166.91,-64.75,91,13287,1
65.25,38.02,135,12154,1
62.52,51.02,143,12623,1
128.66,-6.67,134,12535,1
133.37,-10.92,97,12217,1
63.98,42.01,140,12200,1
138.76,4.99,102,13213,2
46.37,42.17,152,12416,2
50.99,54.19,135,12992,2
49.56,42.18,117,12581,2
84.09,61.9,159,13320,2
63.61,63.1,156,12701,2
172.12,-71.57,75,12290,0
115.81,-29.15,76,12348,0
84.56,23.7,126,11464,0
115.99,-9.13,101,11769,0
168.69,-62.99,72,11670,0
107.05,2.3,91,11855,0
123.34,-17.2,106,12113,2
89.91,-2.27,107,11450,2
47.02,44.4,113,11608,2
72.4,28.97,129,11177,2
157.96,-50.5,72,11495,2
80.21,33.22,120,11669,2
146.63,-30.76,113,13385,1
94.89,-5.36,104,13059,1
53.89,40.35,145,12241,1
100.18,17.26,154,12735,1
176.97,-66.47,44,12849,1
90.29,11.01,107,12414,1
135.52,7.16,128,13264,1
63.99,48.61,152,12194,1
52.45,54.76,147,12582,1
74.76,56.21,156,12625,1
69.86,64.07,162,12760,1
63.1,62.92,157,12733,1
157.79,-44.05,105,12542,1
73.32,35.39,146,11756,1
54.89,43.07,135,12014,1
86.25,32.7,145,12181,1
150.11,-27.71,94,12154,1
82.69,33.39,140,11351,1
94.62,6.78,104,9799,1
93.93,14.73,143,9425,1
40,63.4,152,9386,1
93.65,34.47,149,9426,1
143.3,-31.02,88,9145,1
77.85,35.08,130,9190,1
92.27,-4.72,114,11181,0
123.54,-45.04,101,11087,0
43.56,45.22,111,10625,0
126.55,-17.11,126,11008,0
122.56,-15.13,75,10915,0
51.47,34.35,102,10692,0
86.94,15.05,133,11900,1
132.31,-34.13,88,11338,1
43.82,49.99,138,11331,1
95.6,18.02,107,11189,1
124.01,-3.2,99,11583,1
72.71,35.98,136,11411,1
157.63,-49.22,87,11111,2
91.22,20.78,145,10498,2
56.86,45.68,126,10968,2
85.16,39.72,165,10550,2
104.63,19.28,162,10424,2
113.39,3.26,110,10788,2
152.87,-45.95,82,10402,2
157.29,-53.29,74,9972,2
96.66,23.7,134,10090,2
140.9,-19.22,109,10139,2
150.9,-40,93,9754,2
129.18,-10.67,97,9831,2
144.45,-28.3,87,11642,2
115.19,-8.47,140,11360,2
40.92,50.25,117,10489,2
126.55,2.56,139,11120,2
154.44,-34.31,47,10186,2
72.72,33.77,161,10834,2
153.9,-36.18,107,10526,1
117.22,-17.21,119,10141,1
55.31,51.94,154,10334,1
144.2,-25.49,128,10423,1
171.87,-52.1,44,10400,1
98.7,20.27,131,10000,1
120.83,8.44,128,11146,2
48.64,25.41,119,10169,2
34.69,56.1,137,10166,2
50.02,53.63,139,10093,2
91.54,38.65,134,10578,2
56.54,56.39,139,10495,2
164.35,-32.76,98,11819,0
47.08,29.22,115,11110,0
74.04,35.19,124,10739,0
56.22,46.08,139,10821,0
64.18,45.6,124,11207,0
94.18,34.47,145,11682,0
99.69,6.95,113,12166,2
130.85,-34.48,113,11647,2
61.22,49.32,139,11386,2
53.5,44.66,146,11290,2
107.04,14.63,138,11947,2
94.43,31.44,144,11818,2
164.68,-55.59,67,12428,1
157.57,-52.87,78,11429,1
88.05,29.48,130,12495,1
116.73,8.04,121,11714,1
170.75,-56.7,94,11950,1
145.3,-35.16,96,12873,1
129.62,-15.41,126,10953,0
118.13,-15.66,115,10896,0
65.69,51.35,147,10364,0
119.04,-6.69,127,10320,0
173.14,-60.09,55,10248,0
74.59,46.13,135,10248,0
92.51,15.09,128,10176,2
45.38,24.66,124,9981,2
26.61,47.88,123,8951,2
49.43,47.18,142,9537,2
102.1,15.34,141,9567,2
48.99,31.18,106,9243,2
123.62,-4.96,135,11030,1
162.56,-59.57,84,10784,1
99.43,24.89,131,10564,1
173.27,-52.69,121,10432,1
180.81,-61.9,24,10456,1
149.2,-32.63,94,10274,1
139.57,-3.02,128,10634,0
31.97,38.25,117,10037,0
38.87,53.55,153,9905,0
57.76,50.45,117,9675,0
75.95,51.87,142,10038,0
59.8,48.77,134,9541,0
120.71,15.67,114,17323,1
44.18,35.51,140,16141,1
46.77,46.75,139,15530,1
56.39,52.38,149,16229,1
108.46,48.44,152,16447,1
74.68,66.06,164,16238,1
179.63,-63.3,90,11857,0
46.63,49.59,134,11529,0
73.46,42.41,132,11084,0
101.48,12.3,138,10981,0
123.7,-3.17,143,11031,0
136.42,-17.4,133,11526,0
133.13,-33.06,112,8479,0
136.31,-38.8,110,8172,0
50.97,50.72,123,7990,0
123.75,-11.97,131,8032,0
161.2,-50.73,93,7987,0
68.44,47.86,125,8160,0
101.23,3.08,133,9523,1
97.49,2.29,127,9355,1
36.38,45.78,114,8823,1
111.43,-2.2,142,9243,1
148.44,-25.82,75,9189,1
67.57,48.82,128,8767,1
157.15,-41.62,92,10473,1
53.5,42.12,153,10127,1
61.85,49.77,151,9534,1
127.13,-7.58,159,9633,1
137.98,-24.91,119,9957,1
82.93,23.22,134,9852,1
147.76,-7.82,132,14267,2
91.11,28.67,147,13857,2
87.85,52.33,147,13495,2
124.78,29.51,139,14174,2
98.67,48.7,131,14399,2
81.23,51.8,143,13317,2
142.65,-32.09,111,13615,2
139.9,-46.8,92,12864,2
60.68,32.06,126,12745,2
130.63,-14.99,121,12806,2
175,-54.45,71,12889,2
120.79,-12.96,106,13249,2
121.22,3.87,129,15120,2
82.91,14.68,136,13929,2
35.86,46.72,122,14389,2
75.54,48.14,152,13947,2
111.16,15.08,128,14386,2
45.59,45.26,138,14392,2
51.51,34.55,144,10564,2
58.96,22.78,120,10113,2
29.09,26.81,87,9828,2
43.55,61.81,160,9786,2
46.27,63.48,151,10326,2
27.24,35.42,115,9718,2
77.31,17.39,143,10817,2
96.44,23.61,140,10384,2
35.83,47.23,124,10141,2
84.81,45.28,152,10595,2
84.82,49.99,140,10499,2
47.01,50.89,150,10194,2
127.56,-11,117,10030,0
126.52,-14.25,112,9756,0
48.95,46.38,106,9273,0
121.06,5.58,118,9615,0
183.17,-54.94,70,9476,0
92.59,31.88,138,9634,0
79.56,16.85,117,10974,2
154.62,-56.15,77,10495,2
85.9,29.6,114,9837,2
87.62,19.96,105,10187,2
103.45,7.2,122,10008,2
127.28,-10.48,125,10111,2
157.69,-37.02,119,9949,0
50.77,35.38,129,9852,0
35.86,44.64,131,9343,0
77.27,31.02,123,9385,0
103.62,31.34,131,9461,0
51.08,48.79,133,9661,0
